<?xml version="1.0" encoding="utf-8"?>
<COLLADA xmlns="http://www.collada.org/2005/11/COLLADASchema" version="1.4.1" xmlns:xsi="http://www.w3.org/2001/XMLSchema-instance">
  <asset>
    <contributor>
      <author>Blender User</author>
      <authoring_tool>Blender 2.92.0 commit date:2021-02-24, commit time:16:25, hash:02948a2cab44</authoring_tool>
    </contributor>
    <created>2021-04-05T19:15:28</created>
    <modified>2021-04-05T19:15:28</modified>
    <unit name="meter" meter="1"/>
    <up_axis>Z_UP</up_axis>
  </asset>
  <library_images/>
  <library_geometries>
    <geometry id="Krychle_055-mesh" name="Krychle.055">
      <mesh>
        <source id="Krychle_055-mesh-positions">
          <float_array id="Krychle_055-mesh-positions-array" count="24">-1 -1 -1 -1 -1 1 -1 1 -1 -1 1 1 1 -1 -1 1 -1 1 1 1 -1 1 1 1</float_array>
          <technique_common>
            <accessor source="#Krychle_055-mesh-positions-array" count="8" stride="3">
              <param name="X" type="float"/>
              <param name="Y" type="float"/>
              <param name="Z" type="float"/>
            </accessor>
          </technique_common>
        </source>
        <source id="Krychle_055-mesh-normals">
          <float_array id="Krychle_055-mesh-normals-array" count="18">-1 0 0 0 1 0 1 0 0 0 -1 0 0 0 -1 0 0 1</float_array>
          <technique_common>
            <accessor source="#Krychle_055-mesh-normals-array" count="6" stride="3">
              <param name="X" type="float"/>
              <param name="Y" type="float"/>
              <param name="Z" type="float"/>
            </accessor>
          </technique_common>
        </source>
        <source id="Krychle_055-mesh-map-0">
          <float_array id="Krychle_055-mesh-map-0-array" count="72">0.625 0 0.375 0.25 0.375 0 0.625 0.25 0.375 0.5 0.375 0.25 0.625 0.5 0.375 0.75 0.375 0.5 0.625 0.75 0.375 1 0.375 0.75 0.375 0.5 0.125 0.75 0.125 0.5 0.875 0.5 0.625 0.75 0.625 0.5 0.625 0 0.625 0.25 0.375 0.25 0.625 0.25 0.625 0.5 0.375 0.5 0.625 0.5 0.625 0.75 0.375 0.75 0.625 0.75 0.625 1 0.375 1 0.375 0.5 0.375 0.75 0.125 0.75 0.875 0.5 0.875 0.75 0.625 0.75</float_array>
          <technique_common>
            <accessor source="#Krychle_055-mesh-map-0-array" count="36" stride="2">
              <param name="S" type="float"/>
              <param name="T" type="float"/>
            </accessor>
          </technique_common>
        </source>
        <vertices id="Krychle_055-mesh-vertices">
          <input semantic="POSITION" source="#Krychle_055-mesh-positions"/>
        </vertices>
        <triangles count="12">
          <input semantic="VERTEX" source="#Krychle_055-mesh-vertices" offset="0"/>
          <input semantic="NORMAL" source="#Krychle_055-mesh-normals" offset="1"/>
          <input semantic="TEXCOORD" source="#Krychle_055-mesh-map-0" offset="2" set="0"/>
          <p>1 0 0 2 0 1 0 0 2 3 1 3 6 1 4 2 1 5 7 2 6 4 2 7 6 2 8 5 3 9 0 3 10 4 3 11 6 4 12 0 4 13 2 4 14 3 5 15 5 5 16 7 5 17 1 0 18 3 0 19 2 0 20 3 1 21 7 1 22 6 1 23 7 2 24 5 2 25 4 2 26 5 3 27 1 3 28 0 3 29 6 4 30 4 4 31 0 4 32 3 5 33 1 5 34 5 5 35</p>
        </triangles>
      </mesh>
    </geometry>
    <geometry id="Krychle_054-mesh" name="Krychle.054">
      <mesh>
        <source id="Krychle_054-mesh-positions">
          <float_array id="Krychle_054-mesh-positions-array" count="24">-1 -1 -1 -1 -1 1 -1 1 -1 -1 1 1 1 -1 -1 1 -1 1 1 1 -1 1 1 1</float_array>
          <technique_common>
            <accessor source="#Krychle_054-mesh-positions-array" count="8" stride="3">
              <param name="X" type="float"/>
              <param name="Y" type="float"/>
              <param name="Z" type="float"/>
            </accessor>
          </technique_common>
        </source>
        <source id="Krychle_054-mesh-normals">
          <float_array id="Krychle_054-mesh-normals-array" count="18">-1 0 0 0 1 0 1 0 0 0 -1 0 0 0 -1 0 0 1</float_array>
          <technique_common>
            <accessor source="#Krychle_054-mesh-normals-array" count="6" stride="3">
              <param name="X" type="float"/>
              <param name="Y" type="float"/>
              <param name="Z" type="float"/>
            </accessor>
          </technique_common>
        </source>
        <source id="Krychle_054-mesh-map-0">
          <float_array id="Krychle_054-mesh-map-0-array" count="72">0.625 0 0.375 0.25 0.375 0 0.625 0.25 0.375 0.5 0.375 0.25 0.625 0.5 0.375 0.75 0.375 0.5 0.625 0.75 0.375 1 0.375 0.75 0.375 0.5 0.125 0.75 0.125 0.5 0.875 0.5 0.625 0.75 0.625 0.5 0.625 0 0.625 0.25 0.375 0.25 0.625 0.25 0.625 0.5 0.375 0.5 0.625 0.5 0.625 0.75 0.375 0.75 0.625 0.75 0.625 1 0.375 1 0.375 0.5 0.375 0.75 0.125 0.75 0.875 0.5 0.875 0.75 0.625 0.75</float_array>
          <technique_common>
            <accessor source="#Krychle_054-mesh-map-0-array" count="36" stride="2">
              <param name="S" type="float"/>
              <param name="T" type="float"/>
            </accessor>
          </technique_common>
        </source>
        <vertices id="Krychle_054-mesh-vertices">
          <input semantic="POSITION" source="#Krychle_054-mesh-positions"/>
        </vertices>
        <triangles count="12">
          <input semantic="VERTEX" source="#Krychle_054-mesh-vertices" offset="0"/>
          <input semantic="NORMAL" source="#Krychle_054-mesh-normals" offset="1"/>
          <input semantic="TEXCOORD" source="#Krychle_054-mesh-map-0" offset="2" set="0"/>
          <p>1 0 0 2 0 1 0 0 2 3 1 3 6 1 4 2 1 5 7 2 6 4 2 7 6 2 8 5 3 9 0 3 10 4 3 11 6 4 12 0 4 13 2 4 14 3 5 15 5 5 16 7 5 17 1 0 18 3 0 19 2 0 20 3 1 21 7 1 22 6 1 23 7 2 24 5 2 25 4 2 26 5 3 27 1 3 28 0 3 29 6 4 30 4 4 31 0 4 32 3 5 33 1 5 34 5 5 35</p>
        </triangles>
      </mesh>
    </geometry>
    <geometry id="Krychle_093-mesh" name="Krychle.093">
      <mesh>
        <source id="Krychle_093-mesh-positions">
          <float_array id="Krychle_093-mesh-positions-array" count="24">-1 -1 -1 -1 -1 1 -1 1 -1 -1 1 1 1 -1 -1 1 -1 1 1 1 -1 1 1 1</float_array>
          <technique_common>
            <accessor source="#Krychle_093-mesh-positions-array" count="8" stride="3">
              <param name="X" type="float"/>
              <param name="Y" type="float"/>
              <param name="Z" type="float"/>
            </accessor>
          </technique_common>
        </source>
        <source id="Krychle_093-mesh-normals">
          <float_array id="Krychle_093-mesh-normals-array" count="18">-1 0 0 0 1 0 1 0 0 0 -1 0 0 0 -1 0 0 1</float_array>
          <technique_common>
            <accessor source="#Krychle_093-mesh-normals-array" count="6" stride="3">
              <param name="X" type="float"/>
              <param name="Y" type="float"/>
              <param name="Z" type="float"/>
            </accessor>
          </technique_common>
        </source>
        <source id="Krychle_093-mesh-map-0">
          <float_array id="Krychle_093-mesh-map-0-array" count="72">0.625 0 0.375 0.25 0.375 0 0.625 0.25 0.375 0.5 0.375 0.25 0.625 0.5 0.375 0.75 0.375 0.5 0.625 0.75 0.375 1 0.375 0.75 0.375 0.5 0.125 0.75 0.125 0.5 0.875 0.5 0.625 0.75 0.625 0.5 0.625 0 0.625 0.25 0.375 0.25 0.625 0.25 0.625 0.5 0.375 0.5 0.625 0.5 0.625 0.75 0.375 0.75 0.625 0.75 0.625 1 0.375 1 0.375 0.5 0.375 0.75 0.125 0.75 0.875 0.5 0.875 0.75 0.625 0.75</float_array>
          <technique_common>
            <accessor source="#Krychle_093-mesh-map-0-array" count="36" stride="2">
              <param name="S" type="float"/>
              <param name="T" type="float"/>
            </accessor>
          </technique_common>
        </source>
        <vertices id="Krychle_093-mesh-vertices">
          <input semantic="POSITION" source="#Krychle_093-mesh-positions"/>
        </vertices>
        <triangles count="12">
          <input semantic="VERTEX" source="#Krychle_093-mesh-vertices" offset="0"/>
          <input semantic="NORMAL" source="#Krychle_093-mesh-normals" offset="1"/>
          <input semantic="TEXCOORD" source="#Krychle_093-mesh-map-0" offset="2" set="0"/>
          <p>1 0 0 2 0 1 0 0 2 3 1 3 6 1 4 2 1 5 7 2 6 4 2 7 6 2 8 5 3 9 0 3 10 4 3 11 6 4 12 0 4 13 2 4 14 3 5 15 5 5 16 7 5 17 1 0 18 3 0 19 2 0 20 3 1 21 7 1 22 6 1 23 7 2 24 5 2 25 4 2 26 5 3 27 1 3 28 0 3 29 6 4 30 4 4 31 0 4 32 3 5 33 1 5 34 5 5 35</p>
        </triangles>
      </mesh>
    </geometry>
    <geometry id="Krychle_094-mesh" name="Krychle.094">
      <mesh>
        <source id="Krychle_094-mesh-positions">
          <float_array id="Krychle_094-mesh-positions-array" count="24">-1 -1 -1 -1 -1 1 -1 1 -1 -1 1 1 1 -1 -1 1 -1 1 1 1 -1 1 1 1</float_array>
          <technique_common>
            <accessor source="#Krychle_094-mesh-positions-array" count="8" stride="3">
              <param name="X" type="float"/>
              <param name="Y" type="float"/>
              <param name="Z" type="float"/>
            </accessor>
          </technique_common>
        </source>
        <source id="Krychle_094-mesh-normals">
          <float_array id="Krychle_094-mesh-normals-array" count="18">-1 0 0 0 1 0 1 0 0 0 -1 0 0 0 -1 0 0 1</float_array>
          <technique_common>
            <accessor source="#Krychle_094-mesh-normals-array" count="6" stride="3">
              <param name="X" type="float"/>
              <param name="Y" type="float"/>
              <param name="Z" type="float"/>
            </accessor>
          </technique_common>
        </source>
        <source id="Krychle_094-mesh-map-0">
          <float_array id="Krychle_094-mesh-map-0-array" count="72">0.625 0 0.375 0.25 0.375 0 0.625 0.25 0.375 0.5 0.375 0.25 0.625 0.5 0.375 0.75 0.375 0.5 0.625 0.75 0.375 1 0.375 0.75 0.375 0.5 0.125 0.75 0.125 0.5 0.875 0.5 0.625 0.75 0.625 0.5 0.625 0 0.625 0.25 0.375 0.25 0.625 0.25 0.625 0.5 0.375 0.5 0.625 0.5 0.625 0.75 0.375 0.75 0.625 0.75 0.625 1 0.375 1 0.375 0.5 0.375 0.75 0.125 0.75 0.875 0.5 0.875 0.75 0.625 0.75</float_array>
          <technique_common>
            <accessor source="#Krychle_094-mesh-map-0-array" count="36" stride="2">
              <param name="S" type="float"/>
              <param name="T" type="float"/>
            </accessor>
          </technique_common>
        </source>
        <vertices id="Krychle_094-mesh-vertices">
          <input semantic="POSITION" source="#Krychle_094-mesh-positions"/>
        </vertices>
        <triangles count="12">
          <input semantic="VERTEX" source="#Krychle_094-mesh-vertices" offset="0"/>
          <input semantic="NORMAL" source="#Krychle_094-mesh-normals" offset="1"/>
          <input semantic="TEXCOORD" source="#Krychle_094-mesh-map-0" offset="2" set="0"/>
          <p>1 0 0 2 0 1 0 0 2 3 1 3 6 1 4 2 1 5 7 2 6 4 2 7 6 2 8 5 3 9 0 3 10 4 3 11 6 4 12 0 4 13 2 4 14 3 5 15 5 5 16 7 5 17 1 0 18 3 0 19 2 0 20 3 1 21 7 1 22 6 1 23 7 2 24 5 2 25 4 2 26 5 3 27 1 3 28 0 3 29 6 4 30 4 4 31 0 4 32 3 5 33 1 5 34 5 5 35</p>
        </triangles>
      </mesh>
    </geometry>
    <geometry id="Krychle_002-mesh" name="Krychle.002">
      <mesh>
        <source id="Krychle_002-mesh-positions">
          <float_array id="Krychle_002-mesh-positions-array" count="24">-1 -1 -1 -1 -1 1 -1 1 -1 -1 1 1 1 -1 -1 1 -1 1 1 1 -1 1 1 1</float_array>
          <technique_common>
            <accessor source="#Krychle_002-mesh-positions-array" count="8" stride="3">
              <param name="X" type="float"/>
              <param name="Y" type="float"/>
              <param name="Z" type="float"/>
            </accessor>
          </technique_common>
        </source>
        <source id="Krychle_002-mesh-normals">
          <float_array id="Krychle_002-mesh-normals-array" count="18">-1 0 0 0 1 0 1 0 0 0 -1 0 0 0 -1 0 0 1</float_array>
          <technique_common>
            <accessor source="#Krychle_002-mesh-normals-array" count="6" stride="3">
              <param name="X" type="float"/>
              <param name="Y" type="float"/>
              <param name="Z" type="float"/>
            </accessor>
          </technique_common>
        </source>
        <source id="Krychle_002-mesh-map-0">
          <float_array id="Krychle_002-mesh-map-0-array" count="72">0.625 0 0.375 0.25 0.375 0 0.625 0.25 0.375 0.5 0.375 0.25 0.625 0.5 0.375 0.75 0.375 0.5 0.625 0.75 0.375 1 0.375 0.75 0.375 0.5 0.125 0.75 0.125 0.5 0.875 0.5 0.625 0.75 0.625 0.5 0.625 0 0.625 0.25 0.375 0.25 0.625 0.25 0.625 0.5 0.375 0.5 0.625 0.5 0.625 0.75 0.375 0.75 0.625 0.75 0.625 1 0.375 1 0.375 0.5 0.375 0.75 0.125 0.75 0.875 0.5 0.875 0.75 0.625 0.75</float_array>
          <technique_common>
            <accessor source="#Krychle_002-mesh-map-0-array" count="36" stride="2">
              <param name="S" type="float"/>
              <param name="T" type="float"/>
            </accessor>
          </technique_common>
        </source>
        <vertices id="Krychle_002-mesh-vertices">
          <input semantic="POSITION" source="#Krychle_002-mesh-positions"/>
        </vertices>
        <triangles count="12">
          <input semantic="VERTEX" source="#Krychle_002-mesh-vertices" offset="0"/>
          <input semantic="NORMAL" source="#Krychle_002-mesh-normals" offset="1"/>
          <input semantic="TEXCOORD" source="#Krychle_002-mesh-map-0" offset="2" set="0"/>
          <p>1 0 0 2 0 1 0 0 2 3 1 3 6 1 4 2 1 5 7 2 6 4 2 7 6 2 8 5 3 9 0 3 10 4 3 11 6 4 12 0 4 13 2 4 14 3 5 15 5 5 16 7 5 17 1 0 18 3 0 19 2 0 20 3 1 21 7 1 22 6 1 23 7 2 24 5 2 25 4 2 26 5 3 27 1 3 28 0 3 29 6 4 30 4 4 31 0 4 32 3 5 33 1 5 34 5 5 35</p>
        </triangles>
      </mesh>
    </geometry>
    <geometry id="Krychle_001-mesh" name="Krychle.001">
      <mesh>
        <source id="Krychle_001-mesh-positions">
          <float_array id="Krychle_001-mesh-positions-array" count="24">-1 -1 -1 -1 -1 1 -1 1 -1 -1 1 1 1 -1 -1 1 -1 1 1 1 -1 1 1 1</float_array>
          <technique_common>
            <accessor source="#Krychle_001-mesh-positions-array" count="8" stride="3">
              <param name="X" type="float"/>
              <param name="Y" type="float"/>
              <param name="Z" type="float"/>
            </accessor>
          </technique_common>
        </source>
        <source id="Krychle_001-mesh-normals">
          <float_array id="Krychle_001-mesh-normals-array" count="18">-1 0 0 0 1 0 1 0 0 0 -1 0 0 0 -1 0 0 1</float_array>
          <technique_common>
            <accessor source="#Krychle_001-mesh-normals-array" count="6" stride="3">
              <param name="X" type="float"/>
              <param name="Y" type="float"/>
              <param name="Z" type="float"/>
            </accessor>
          </technique_common>
        </source>
        <source id="Krychle_001-mesh-map-0">
          <float_array id="Krychle_001-mesh-map-0-array" count="72">0.625 0 0.375 0.25 0.375 0 0.625 0.25 0.375 0.5 0.375 0.25 0.625 0.5 0.375 0.75 0.375 0.5 0.625 0.75 0.375 1 0.375 0.75 0.375 0.5 0.125 0.75 0.125 0.5 0.875 0.5 0.625 0.75 0.625 0.5 0.625 0 0.625 0.25 0.375 0.25 0.625 0.25 0.625 0.5 0.375 0.5 0.625 0.5 0.625 0.75 0.375 0.75 0.625 0.75 0.625 1 0.375 1 0.375 0.5 0.375 0.75 0.125 0.75 0.875 0.5 0.875 0.75 0.625 0.75</float_array>
          <technique_common>
            <accessor source="#Krychle_001-mesh-map-0-array" count="36" stride="2">
              <param name="S" type="float"/>
              <param name="T" type="float"/>
            </accessor>
          </technique_common>
        </source>
        <vertices id="Krychle_001-mesh-vertices">
          <input semantic="POSITION" source="#Krychle_001-mesh-positions"/>
        </vertices>
        <triangles count="12">
          <input semantic="VERTEX" source="#Krychle_001-mesh-vertices" offset="0"/>
          <input semantic="NORMAL" source="#Krychle_001-mesh-normals" offset="1"/>
          <input semantic="TEXCOORD" source="#Krychle_001-mesh-map-0" offset="2" set="0"/>
          <p>1 0 0 2 0 1 0 0 2 3 1 3 6 1 4 2 1 5 7 2 6 4 2 7 6 2 8 5 3 9 0 3 10 4 3 11 6 4 12 0 4 13 2 4 14 3 5 15 5 5 16 7 5 17 1 0 18 3 0 19 2 0 20 3 1 21 7 1 22 6 1 23 7 2 24 5 2 25 4 2 26 5 3 27 1 3 28 0 3 29 6 4 30 4 4 31 0 4 32 3 5 33 1 5 34 5 5 35</p>
        </triangles>
      </mesh>
    </geometry>
    <geometry id="Krychle_058-mesh" name="Krychle.058">
      <mesh>
        <source id="Krychle_058-mesh-positions">
          <float_array id="Krychle_058-mesh-positions-array" count="24">-1 -1 -1 -1 -1 1 -1 1 -1 -1 1 1 1 -1 -1 1 -1 1 1 1 -1 1 1 1</float_array>
          <technique_common>
            <accessor source="#Krychle_058-mesh-positions-array" count="8" stride="3">
              <param name="X" type="float"/>
              <param name="Y" type="float"/>
              <param name="Z" type="float"/>
            </accessor>
          </technique_common>
        </source>
        <source id="Krychle_058-mesh-normals">
          <float_array id="Krychle_058-mesh-normals-array" count="18">-1 0 0 0 1 0 1 0 0 0 -1 0 0 0 -1 0 0 1</float_array>
          <technique_common>
            <accessor source="#Krychle_058-mesh-normals-array" count="6" stride="3">
              <param name="X" type="float"/>
              <param name="Y" type="float"/>
              <param name="Z" type="float"/>
            </accessor>
          </technique_common>
        </source>
        <source id="Krychle_058-mesh-map-0">
          <float_array id="Krychle_058-mesh-map-0-array" count="72">0.625 0 0.375 0.25 0.375 0 0.625 0.25 0.375 0.5 0.375 0.25 0.625 0.5 0.375 0.75 0.375 0.5 0.625 0.75 0.375 1 0.375 0.75 0.375 0.5 0.125 0.75 0.125 0.5 0.875 0.5 0.625 0.75 0.625 0.5 0.625 0 0.625 0.25 0.375 0.25 0.625 0.25 0.625 0.5 0.375 0.5 0.625 0.5 0.625 0.75 0.375 0.75 0.625 0.75 0.625 1 0.375 1 0.375 0.5 0.375 0.75 0.125 0.75 0.875 0.5 0.875 0.75 0.625 0.75</float_array>
          <technique_common>
            <accessor source="#Krychle_058-mesh-map-0-array" count="36" stride="2">
              <param name="S" type="float"/>
              <param name="T" type="float"/>
            </accessor>
          </technique_common>
        </source>
        <vertices id="Krychle_058-mesh-vertices">
          <input semantic="POSITION" source="#Krychle_058-mesh-positions"/>
        </vertices>
        <triangles count="12">
          <input semantic="VERTEX" source="#Krychle_058-mesh-vertices" offset="0"/>
          <input semantic="NORMAL" source="#Krychle_058-mesh-normals" offset="1"/>
          <input semantic="TEXCOORD" source="#Krychle_058-mesh-map-0" offset="2" set="0"/>
          <p>1 0 0 2 0 1 0 0 2 3 1 3 6 1 4 2 1 5 7 2 6 4 2 7 6 2 8 5 3 9 0 3 10 4 3 11 6 4 12 0 4 13 2 4 14 3 5 15 5 5 16 7 5 17 1 0 18 3 0 19 2 0 20 3 1 21 7 1 22 6 1 23 7 2 24 5 2 25 4 2 26 5 3 27 1 3 28 0 3 29 6 4 30 4 4 31 0 4 32 3 5 33 1 5 34 5 5 35</p>
        </triangles>
      </mesh>
    </geometry>
    <geometry id="Krychle_057-mesh" name="Krychle.057">
      <mesh>
        <source id="Krychle_057-mesh-positions">
          <float_array id="Krychle_057-mesh-positions-array" count="24">-1 -1 -1 -1 -1 1 -1 1 -1 -1 1 1 1 -1 -1 1 -1 1 1 1 -1 1 1 1</float_array>
          <technique_common>
            <accessor source="#Krychle_057-mesh-positions-array" count="8" stride="3">
              <param name="X" type="float"/>
              <param name="Y" type="float"/>
              <param name="Z" type="float"/>
            </accessor>
          </technique_common>
        </source>
        <source id="Krychle_057-mesh-normals">
          <float_array id="Krychle_057-mesh-normals-array" count="18">-1 0 0 0 1 0 1 0 0 0 -1 0 0 0 -1 0 0 1</float_array>
          <technique_common>
            <accessor source="#Krychle_057-mesh-normals-array" count="6" stride="3">
              <param name="X" type="float"/>
              <param name="Y" type="float"/>
              <param name="Z" type="float"/>
            </accessor>
          </technique_common>
        </source>
        <source id="Krychle_057-mesh-map-0">
          <float_array id="Krychle_057-mesh-map-0-array" count="72">0.625 0 0.375 0.25 0.375 0 0.625 0.25 0.375 0.5 0.375 0.25 0.625 0.5 0.375 0.75 0.375 0.5 0.625 0.75 0.375 1 0.375 0.75 0.375 0.5 0.125 0.75 0.125 0.5 0.875 0.5 0.625 0.75 0.625 0.5 0.625 0 0.625 0.25 0.375 0.25 0.625 0.25 0.625 0.5 0.375 0.5 0.625 0.5 0.625 0.75 0.375 0.75 0.625 0.75 0.625 1 0.375 1 0.375 0.5 0.375 0.75 0.125 0.75 0.875 0.5 0.875 0.75 0.625 0.75</float_array>
          <technique_common>
            <accessor source="#Krychle_057-mesh-map-0-array" count="36" stride="2">
              <param name="S" type="float"/>
              <param name="T" type="float"/>
            </accessor>
          </technique_common>
        </source>
        <vertices id="Krychle_057-mesh-vertices">
          <input semantic="POSITION" source="#Krychle_057-mesh-positions"/>
        </vertices>
        <triangles count="12">
          <input semantic="VERTEX" source="#Krychle_057-mesh-vertices" offset="0"/>
          <input semantic="NORMAL" source="#Krychle_057-mesh-normals" offset="1"/>
          <input semantic="TEXCOORD" source="#Krychle_057-mesh-map-0" offset="2" set="0"/>
          <p>1 0 0 2 0 1 0 0 2 3 1 3 6 1 4 2 1 5 7 2 6 4 2 7 6 2 8 5 3 9 0 3 10 4 3 11 6 4 12 0 4 13 2 4 14 3 5 15 5 5 16 7 5 17 1 0 18 3 0 19 2 0 20 3 1 21 7 1 22 6 1 23 7 2 24 5 2 25 4 2 26 5 3 27 1 3 28 0 3 29 6 4 30 4 4 31 0 4 32 3 5 33 1 5 34 5 5 35</p>
        </triangles>
      </mesh>
    </geometry>
    <geometry id="Krychle_123-mesh" name="Krychle.123">
      <mesh>
        <source id="Krychle_123-mesh-positions">
          <float_array id="Krychle_123-mesh-positions-array" count="24">-1 -1 -1 -1 -1 1 -1 1 -1 -1 1 1 1 -1 -1 1 -1 1 1 1 -1 1 1 1</float_array>
          <technique_common>
            <accessor source="#Krychle_123-mesh-positions-array" count="8" stride="3">
              <param name="X" type="float"/>
              <param name="Y" type="float"/>
              <param name="Z" type="float"/>
            </accessor>
          </technique_common>
        </source>
        <source id="Krychle_123-mesh-normals">
          <float_array id="Krychle_123-mesh-normals-array" count="18">-1 0 0 0 1 0 1 0 0 0 -1 0 0 0 -1 0 0 1</float_array>
          <technique_common>
            <accessor source="#Krychle_123-mesh-normals-array" count="6" stride="3">
              <param name="X" type="float"/>
              <param name="Y" type="float"/>
              <param name="Z" type="float"/>
            </accessor>
          </technique_common>
        </source>
        <source id="Krychle_123-mesh-map-0">
          <float_array id="Krychle_123-mesh-map-0-array" count="72">0.625 0 0.375 0.25 0.375 0 0.625 0.25 0.375 0.5 0.375 0.25 0.625 0.5 0.375 0.75 0.375 0.5 0.625 0.75 0.375 1 0.375 0.75 0.375 0.5 0.125 0.75 0.125 0.5 0.875 0.5 0.625 0.75 0.625 0.5 0.625 0 0.625 0.25 0.375 0.25 0.625 0.25 0.625 0.5 0.375 0.5 0.625 0.5 0.625 0.75 0.375 0.75 0.625 0.75 0.625 1 0.375 1 0.375 0.5 0.375 0.75 0.125 0.75 0.875 0.5 0.875 0.75 0.625 0.75</float_array>
          <technique_common>
            <accessor source="#Krychle_123-mesh-map-0-array" count="36" stride="2">
              <param name="S" type="float"/>
              <param name="T" type="float"/>
            </accessor>
          </technique_common>
        </source>
        <vertices id="Krychle_123-mesh-vertices">
          <input semantic="POSITION" source="#Krychle_123-mesh-positions"/>
        </vertices>
        <triangles count="12">
          <input semantic="VERTEX" source="#Krychle_123-mesh-vertices" offset="0"/>
          <input semantic="NORMAL" source="#Krychle_123-mesh-normals" offset="1"/>
          <input semantic="TEXCOORD" source="#Krychle_123-mesh-map-0" offset="2" set="0"/>
          <p>1 0 0 2 0 1 0 0 2 3 1 3 6 1 4 2 1 5 7 2 6 4 2 7 6 2 8 5 3 9 0 3 10 4 3 11 6 4 12 0 4 13 2 4 14 3 5 15 5 5 16 7 5 17 1 0 18 3 0 19 2 0 20 3 1 21 7 1 22 6 1 23 7 2 24 5 2 25 4 2 26 5 3 27 1 3 28 0 3 29 6 4 30 4 4 31 0 4 32 3 5 33 1 5 34 5 5 35</p>
        </triangles>
      </mesh>
    </geometry>
    <geometry id="Krychle_122-mesh" name="Krychle.122">
      <mesh>
        <source id="Krychle_122-mesh-positions">
          <float_array id="Krychle_122-mesh-positions-array" count="24">-1 -1 -1 -1 -1 1 -1 1 -1 -1 1 1 1 -1 -1 1 -1 1 1 1 -1 1 1 1</float_array>
          <technique_common>
            <accessor source="#Krychle_122-mesh-positions-array" count="8" stride="3">
              <param name="X" type="float"/>
              <param name="Y" type="float"/>
              <param name="Z" type="float"/>
            </accessor>
          </technique_common>
        </source>
        <source id="Krychle_122-mesh-normals">
          <float_array id="Krychle_122-mesh-normals-array" count="18">-1 0 0 0 1 0 1 0 0 0 -1 0 0 0 -1 0 0 1</float_array>
          <technique_common>
            <accessor source="#Krychle_122-mesh-normals-array" count="6" stride="3">
              <param name="X" type="float"/>
              <param name="Y" type="float"/>
              <param name="Z" type="float"/>
            </accessor>
          </technique_common>
        </source>
        <source id="Krychle_122-mesh-map-0">
          <float_array id="Krychle_122-mesh-map-0-array" count="72">0.625 0 0.375 0.25 0.375 0 0.625 0.25 0.375 0.5 0.375 0.25 0.625 0.5 0.375 0.75 0.375 0.5 0.625 0.75 0.375 1 0.375 0.75 0.375 0.5 0.125 0.75 0.125 0.5 0.875 0.5 0.625 0.75 0.625 0.5 0.625 0 0.625 0.25 0.375 0.25 0.625 0.25 0.625 0.5 0.375 0.5 0.625 0.5 0.625 0.75 0.375 0.75 0.625 0.75 0.625 1 0.375 1 0.375 0.5 0.375 0.75 0.125 0.75 0.875 0.5 0.875 0.75 0.625 0.75</float_array>
          <technique_common>
            <accessor source="#Krychle_122-mesh-map-0-array" count="36" stride="2">
              <param name="S" type="float"/>
              <param name="T" type="float"/>
            </accessor>
          </technique_common>
        </source>
        <vertices id="Krychle_122-mesh-vertices">
          <input semantic="POSITION" source="#Krychle_122-mesh-positions"/>
        </vertices>
        <triangles count="12">
          <input semantic="VERTEX" source="#Krychle_122-mesh-vertices" offset="0"/>
          <input semantic="NORMAL" source="#Krychle_122-mesh-normals" offset="1"/>
          <input semantic="TEXCOORD" source="#Krychle_122-mesh-map-0" offset="2" set="0"/>
          <p>1 0 0 2 0 1 0 0 2 3 1 3 6 1 4 2 1 5 7 2 6 4 2 7 6 2 8 5 3 9 0 3 10 4 3 11 6 4 12 0 4 13 2 4 14 3 5 15 5 5 16 7 5 17 1 0 18 3 0 19 2 0 20 3 1 21 7 1 22 6 1 23 7 2 24 5 2 25 4 2 26 5 3 27 1 3 28 0 3 29 6 4 30 4 4 31 0 4 32 3 5 33 1 5 34 5 5 35</p>
        </triangles>
      </mesh>
    </geometry>
    <geometry id="Krychle_053-mesh" name="Krychle.053">
      <mesh>
        <source id="Krychle_053-mesh-positions">
          <float_array id="Krychle_053-mesh-positions-array" count="24">-1 -1 -1 -1 -1 1 -1 1 -1 -1 1 1 1 -1 -1 1 -1 1 1 1 -1 1 1 1</float_array>
          <technique_common>
            <accessor source="#Krychle_053-mesh-positions-array" count="8" stride="3">
              <param name="X" type="float"/>
              <param name="Y" type="float"/>
              <param name="Z" type="float"/>
            </accessor>
          </technique_common>
        </source>
        <source id="Krychle_053-mesh-normals">
          <float_array id="Krychle_053-mesh-normals-array" count="18">-1 0 0 0 1 0 1 0 0 0 -1 0 0 0 -1 0 0 1</float_array>
          <technique_common>
            <accessor source="#Krychle_053-mesh-normals-array" count="6" stride="3">
              <param name="X" type="float"/>
              <param name="Y" type="float"/>
              <param name="Z" type="float"/>
            </accessor>
          </technique_common>
        </source>
        <source id="Krychle_053-mesh-map-0">
          <float_array id="Krychle_053-mesh-map-0-array" count="72">0.625 0 0.375 0.25 0.375 0 0.625 0.25 0.375 0.5 0.375 0.25 0.625 0.5 0.375 0.75 0.375 0.5 0.625 0.75 0.375 1 0.375 0.75 0.375 0.5 0.125 0.75 0.125 0.5 0.875 0.5 0.625 0.75 0.625 0.5 0.625 0 0.625 0.25 0.375 0.25 0.625 0.25 0.625 0.5 0.375 0.5 0.625 0.5 0.625 0.75 0.375 0.75 0.625 0.75 0.625 1 0.375 1 0.375 0.5 0.375 0.75 0.125 0.75 0.875 0.5 0.875 0.75 0.625 0.75</float_array>
          <technique_common>
            <accessor source="#Krychle_053-mesh-map-0-array" count="36" stride="2">
              <param name="S" type="float"/>
              <param name="T" type="float"/>
            </accessor>
          </technique_common>
        </source>
        <vertices id="Krychle_053-mesh-vertices">
          <input semantic="POSITION" source="#Krychle_053-mesh-positions"/>
        </vertices>
        <triangles count="12">
          <input semantic="VERTEX" source="#Krychle_053-mesh-vertices" offset="0"/>
          <input semantic="NORMAL" source="#Krychle_053-mesh-normals" offset="1"/>
          <input semantic="TEXCOORD" source="#Krychle_053-mesh-map-0" offset="2" set="0"/>
          <p>1 0 0 2 0 1 0 0 2 3 1 3 6 1 4 2 1 5 7 2 6 4 2 7 6 2 8 5 3 9 0 3 10 4 3 11 6 4 12 0 4 13 2 4 14 3 5 15 5 5 16 7 5 17 1 0 18 3 0 19 2 0 20 3 1 21 7 1 22 6 1 23 7 2 24 5 2 25 4 2 26 5 3 27 1 3 28 0 3 29 6 4 30 4 4 31 0 4 32 3 5 33 1 5 34 5 5 35</p>
        </triangles>
      </mesh>
    </geometry>
    <geometry id="Krychle_052-mesh" name="Krychle.052">
      <mesh>
        <source id="Krychle_052-mesh-positions">
          <float_array id="Krychle_052-mesh-positions-array" count="24">-1 -1 -1 -1 -1 1 -1 1 -1 -1 1 1 1 -1 -1 1 -1 1 1 1 -1 1 1 1</float_array>
          <technique_common>
            <accessor source="#Krychle_052-mesh-positions-array" count="8" stride="3">
              <param name="X" type="float"/>
              <param name="Y" type="float"/>
              <param name="Z" type="float"/>
            </accessor>
          </technique_common>
        </source>
        <source id="Krychle_052-mesh-normals">
          <float_array id="Krychle_052-mesh-normals-array" count="18">-1 0 0 0 1 0 1 0 0 0 -1 0 0 0 -1 0 0 1</float_array>
          <technique_common>
            <accessor source="#Krychle_052-mesh-normals-array" count="6" stride="3">
              <param name="X" type="float"/>
              <param name="Y" type="float"/>
              <param name="Z" type="float"/>
            </accessor>
          </technique_common>
        </source>
        <source id="Krychle_052-mesh-map-0">
          <float_array id="Krychle_052-mesh-map-0-array" count="72">0.625 0 0.375 0.25 0.375 0 0.625 0.25 0.375 0.5 0.375 0.25 0.625 0.5 0.375 0.75 0.375 0.5 0.625 0.75 0.375 1 0.375 0.75 0.375 0.5 0.125 0.75 0.125 0.5 0.875 0.5 0.625 0.75 0.625 0.5 0.625 0 0.625 0.25 0.375 0.25 0.625 0.25 0.625 0.5 0.375 0.5 0.625 0.5 0.625 0.75 0.375 0.75 0.625 0.75 0.625 1 0.375 1 0.375 0.5 0.375 0.75 0.125 0.75 0.875 0.5 0.875 0.75 0.625 0.75</float_array>
          <technique_common>
            <accessor source="#Krychle_052-mesh-map-0-array" count="36" stride="2">
              <param name="S" type="float"/>
              <param name="T" type="float"/>
            </accessor>
          </technique_common>
        </source>
        <vertices id="Krychle_052-mesh-vertices">
          <input semantic="POSITION" source="#Krychle_052-mesh-positions"/>
        </vertices>
        <triangles count="12">
          <input semantic="VERTEX" source="#Krychle_052-mesh-vertices" offset="0"/>
          <input semantic="NORMAL" source="#Krychle_052-mesh-normals" offset="1"/>
          <input semantic="TEXCOORD" source="#Krychle_052-mesh-map-0" offset="2" set="0"/>
          <p>1 0 0 2 0 1 0 0 2 3 1 3 6 1 4 2 1 5 7 2 6 4 2 7 6 2 8 5 3 9 0 3 10 4 3 11 6 4 12 0 4 13 2 4 14 3 5 15 5 5 16 7 5 17 1 0 18 3 0 19 2 0 20 3 1 21 7 1 22 6 1 23 7 2 24 5 2 25 4 2 26 5 3 27 1 3 28 0 3 29 6 4 30 4 4 31 0 4 32 3 5 33 1 5 34 5 5 35</p>
        </triangles>
      </mesh>
    </geometry>
    <geometry id="Krychle_051-mesh" name="Krychle.051">
      <mesh>
        <source id="Krychle_051-mesh-positions">
          <float_array id="Krychle_051-mesh-positions-array" count="24">-1 -1 -1 -1 -1 1 -1 1 -1 -1 1 1 1 -1 -1 1 -1 1 1 1 -1 1 1 1</float_array>
          <technique_common>
            <accessor source="#Krychle_051-mesh-positions-array" count="8" stride="3">
              <param name="X" type="float"/>
              <param name="Y" type="float"/>
              <param name="Z" type="float"/>
            </accessor>
          </technique_common>
        </source>
        <source id="Krychle_051-mesh-normals">
          <float_array id="Krychle_051-mesh-normals-array" count="18">-1 0 0 0 1 0 1 0 0 0 -1 0 0 0 -1 0 0 1</float_array>
          <technique_common>
            <accessor source="#Krychle_051-mesh-normals-array" count="6" stride="3">
              <param name="X" type="float"/>
              <param name="Y" type="float"/>
              <param name="Z" type="float"/>
            </accessor>
          </technique_common>
        </source>
        <source id="Krychle_051-mesh-map-0">
          <float_array id="Krychle_051-mesh-map-0-array" count="72">0.625 0 0.375 0.25 0.375 0 0.625 0.25 0.375 0.5 0.375 0.25 0.625 0.5 0.375 0.75 0.375 0.5 0.625 0.75 0.375 1 0.375 0.75 0.375 0.5 0.125 0.75 0.125 0.5 0.875 0.5 0.625 0.75 0.625 0.5 0.625 0 0.625 0.25 0.375 0.25 0.625 0.25 0.625 0.5 0.375 0.5 0.625 0.5 0.625 0.75 0.375 0.75 0.625 0.75 0.625 1 0.375 1 0.375 0.5 0.375 0.75 0.125 0.75 0.875 0.5 0.875 0.75 0.625 0.75</float_array>
          <technique_common>
            <accessor source="#Krychle_051-mesh-map-0-array" count="36" stride="2">
              <param name="S" type="float"/>
              <param name="T" type="float"/>
            </accessor>
          </technique_common>
        </source>
        <vertices id="Krychle_051-mesh-vertices">
          <input semantic="POSITION" source="#Krychle_051-mesh-positions"/>
        </vertices>
        <triangles count="12">
          <input semantic="VERTEX" source="#Krychle_051-mesh-vertices" offset="0"/>
          <input semantic="NORMAL" source="#Krychle_051-mesh-normals" offset="1"/>
          <input semantic="TEXCOORD" source="#Krychle_051-mesh-map-0" offset="2" set="0"/>
          <p>1 0 0 2 0 1 0 0 2 3 1 3 6 1 4 2 1 5 7 2 6 4 2 7 6 2 8 5 3 9 0 3 10 4 3 11 6 4 12 0 4 13 2 4 14 3 5 15 5 5 16 7 5 17 1 0 18 3 0 19 2 0 20 3 1 21 7 1 22 6 1 23 7 2 24 5 2 25 4 2 26 5 3 27 1 3 28 0 3 29 6 4 30 4 4 31 0 4 32 3 5 33 1 5 34 5 5 35</p>
        </triangles>
      </mesh>
    </geometry>
    <geometry id="Krychle_050-mesh" name="Krychle.050">
      <mesh>
        <source id="Krychle_050-mesh-positions">
          <float_array id="Krychle_050-mesh-positions-array" count="24">-1 -1 -1 -1 -1 1 -1 1 -1 -1 1 1 1 -1 -1 1 -1 1 1 1 -1 1 1 1</float_array>
          <technique_common>
            <accessor source="#Krychle_050-mesh-positions-array" count="8" stride="3">
              <param name="X" type="float"/>
              <param name="Y" type="float"/>
              <param name="Z" type="float"/>
            </accessor>
          </technique_common>
        </source>
        <source id="Krychle_050-mesh-normals">
          <float_array id="Krychle_050-mesh-normals-array" count="18">-1 0 0 0 1 0 1 0 0 0 -1 0 0 0 -1 0 0 1</float_array>
          <technique_common>
            <accessor source="#Krychle_050-mesh-normals-array" count="6" stride="3">
              <param name="X" type="float"/>
              <param name="Y" type="float"/>
              <param name="Z" type="float"/>
            </accessor>
          </technique_common>
        </source>
        <source id="Krychle_050-mesh-map-0">
          <float_array id="Krychle_050-mesh-map-0-array" count="72">0.625 0 0.375 0.25 0.375 0 0.625 0.25 0.375 0.5 0.375 0.25 0.625 0.5 0.375 0.75 0.375 0.5 0.625 0.75 0.375 1 0.375 0.75 0.375 0.5 0.125 0.75 0.125 0.5 0.875 0.5 0.625 0.75 0.625 0.5 0.625 0 0.625 0.25 0.375 0.25 0.625 0.25 0.625 0.5 0.375 0.5 0.625 0.5 0.625 0.75 0.375 0.75 0.625 0.75 0.625 1 0.375 1 0.375 0.5 0.375 0.75 0.125 0.75 0.875 0.5 0.875 0.75 0.625 0.75</float_array>
          <technique_common>
            <accessor source="#Krychle_050-mesh-map-0-array" count="36" stride="2">
              <param name="S" type="float"/>
              <param name="T" type="float"/>
            </accessor>
          </technique_common>
        </source>
        <vertices id="Krychle_050-mesh-vertices">
          <input semantic="POSITION" source="#Krychle_050-mesh-positions"/>
        </vertices>
        <triangles count="12">
          <input semantic="VERTEX" source="#Krychle_050-mesh-vertices" offset="0"/>
          <input semantic="NORMAL" source="#Krychle_050-mesh-normals" offset="1"/>
          <input semantic="TEXCOORD" source="#Krychle_050-mesh-map-0" offset="2" set="0"/>
          <p>1 0 0 2 0 1 0 0 2 3 1 3 6 1 4 2 1 5 7 2 6 4 2 7 6 2 8 5 3 9 0 3 10 4 3 11 6 4 12 0 4 13 2 4 14 3 5 15 5 5 16 7 5 17 1 0 18 3 0 19 2 0 20 3 1 21 7 1 22 6 1 23 7 2 24 5 2 25 4 2 26 5 3 27 1 3 28 0 3 29 6 4 30 4 4 31 0 4 32 3 5 33 1 5 34 5 5 35</p>
        </triangles>
      </mesh>
    </geometry>
    <geometry id="Krychle_049-mesh" name="Krychle.049">
      <mesh>
        <source id="Krychle_049-mesh-positions">
          <float_array id="Krychle_049-mesh-positions-array" count="24">-1 -1 -1 -1 -1 1 -1 1 -1 -1 1 1 1 -1 -1 1 -1 1 1 1 -1 1 1 1</float_array>
          <technique_common>
            <accessor source="#Krychle_049-mesh-positions-array" count="8" stride="3">
              <param name="X" type="float"/>
              <param name="Y" type="float"/>
              <param name="Z" type="float"/>
            </accessor>
          </technique_common>
        </source>
        <source id="Krychle_049-mesh-normals">
          <float_array id="Krychle_049-mesh-normals-array" count="18">-1 0 0 0 1 0 1 0 0 0 -1 0 0 0 -1 0 0 1</float_array>
          <technique_common>
            <accessor source="#Krychle_049-mesh-normals-array" count="6" stride="3">
              <param name="X" type="float"/>
              <param name="Y" type="float"/>
              <param name="Z" type="float"/>
            </accessor>
          </technique_common>
        </source>
        <source id="Krychle_049-mesh-map-0">
          <float_array id="Krychle_049-mesh-map-0-array" count="72">0.625 0 0.375 0.25 0.375 0 0.625 0.25 0.375 0.5 0.375 0.25 0.625 0.5 0.375 0.75 0.375 0.5 0.625 0.75 0.375 1 0.375 0.75 0.375 0.5 0.125 0.75 0.125 0.5 0.875 0.5 0.625 0.75 0.625 0.5 0.625 0 0.625 0.25 0.375 0.25 0.625 0.25 0.625 0.5 0.375 0.5 0.625 0.5 0.625 0.75 0.375 0.75 0.625 0.75 0.625 1 0.375 1 0.375 0.5 0.375 0.75 0.125 0.75 0.875 0.5 0.875 0.75 0.625 0.75</float_array>
          <technique_common>
            <accessor source="#Krychle_049-mesh-map-0-array" count="36" stride="2">
              <param name="S" type="float"/>
              <param name="T" type="float"/>
            </accessor>
          </technique_common>
        </source>
        <vertices id="Krychle_049-mesh-vertices">
          <input semantic="POSITION" source="#Krychle_049-mesh-positions"/>
        </vertices>
        <triangles count="12">
          <input semantic="VERTEX" source="#Krychle_049-mesh-vertices" offset="0"/>
          <input semantic="NORMAL" source="#Krychle_049-mesh-normals" offset="1"/>
          <input semantic="TEXCOORD" source="#Krychle_049-mesh-map-0" offset="2" set="0"/>
          <p>1 0 0 2 0 1 0 0 2 3 1 3 6 1 4 2 1 5 7 2 6 4 2 7 6 2 8 5 3 9 0 3 10 4 3 11 6 4 12 0 4 13 2 4 14 3 5 15 5 5 16 7 5 17 1 0 18 3 0 19 2 0 20 3 1 21 7 1 22 6 1 23 7 2 24 5 2 25 4 2 26 5 3 27 1 3 28 0 3 29 6 4 30 4 4 31 0 4 32 3 5 33 1 5 34 5 5 35</p>
        </triangles>
      </mesh>
    </geometry>
    <geometry id="Krychle_048-mesh" name="Krychle.048">
      <mesh>
        <source id="Krychle_048-mesh-positions">
          <float_array id="Krychle_048-mesh-positions-array" count="24">-1 -1 -1 -1 -1 1 -1 1 -1 -1 1 1 1 -1 -1 1 -1 1 1 1 -1 1 1 1</float_array>
          <technique_common>
            <accessor source="#Krychle_048-mesh-positions-array" count="8" stride="3">
              <param name="X" type="float"/>
              <param name="Y" type="float"/>
              <param name="Z" type="float"/>
            </accessor>
          </technique_common>
        </source>
        <source id="Krychle_048-mesh-normals">
          <float_array id="Krychle_048-mesh-normals-array" count="18">-1 0 0 0 1 0 1 0 0 0 -1 0 0 0 -1 0 0 1</float_array>
          <technique_common>
            <accessor source="#Krychle_048-mesh-normals-array" count="6" stride="3">
              <param name="X" type="float"/>
              <param name="Y" type="float"/>
              <param name="Z" type="float"/>
            </accessor>
          </technique_common>
        </source>
        <source id="Krychle_048-mesh-map-0">
          <float_array id="Krychle_048-mesh-map-0-array" count="72">0.625 0 0.375 0.25 0.375 0 0.625 0.25 0.375 0.5 0.375 0.25 0.625 0.5 0.375 0.75 0.375 0.5 0.625 0.75 0.375 1 0.375 0.75 0.375 0.5 0.125 0.75 0.125 0.5 0.875 0.5 0.625 0.75 0.625 0.5 0.625 0 0.625 0.25 0.375 0.25 0.625 0.25 0.625 0.5 0.375 0.5 0.625 0.5 0.625 0.75 0.375 0.75 0.625 0.75 0.625 1 0.375 1 0.375 0.5 0.375 0.75 0.125 0.75 0.875 0.5 0.875 0.75 0.625 0.75</float_array>
          <technique_common>
            <accessor source="#Krychle_048-mesh-map-0-array" count="36" stride="2">
              <param name="S" type="float"/>
              <param name="T" type="float"/>
            </accessor>
          </technique_common>
        </source>
        <vertices id="Krychle_048-mesh-vertices">
          <input semantic="POSITION" source="#Krychle_048-mesh-positions"/>
        </vertices>
        <triangles count="12">
          <input semantic="VERTEX" source="#Krychle_048-mesh-vertices" offset="0"/>
          <input semantic="NORMAL" source="#Krychle_048-mesh-normals" offset="1"/>
          <input semantic="TEXCOORD" source="#Krychle_048-mesh-map-0" offset="2" set="0"/>
          <p>1 0 0 2 0 1 0 0 2 3 1 3 6 1 4 2 1 5 7 2 6 4 2 7 6 2 8 5 3 9 0 3 10 4 3 11 6 4 12 0 4 13 2 4 14 3 5 15 5 5 16 7 5 17 1 0 18 3 0 19 2 0 20 3 1 21 7 1 22 6 1 23 7 2 24 5 2 25 4 2 26 5 3 27 1 3 28 0 3 29 6 4 30 4 4 31 0 4 32 3 5 33 1 5 34 5 5 35</p>
        </triangles>
      </mesh>
    </geometry>
    <geometry id="Krychle_095-mesh" name="Krychle.095">
      <mesh>
        <source id="Krychle_095-mesh-positions">
          <float_array id="Krychle_095-mesh-positions-array" count="24">-1 -1 -1 -1 -1 1 -1 1 -1 -1 1 1 1 -1 -1 1 -1 1 1 1 -1 1 1 1</float_array>
          <technique_common>
            <accessor source="#Krychle_095-mesh-positions-array" count="8" stride="3">
              <param name="X" type="float"/>
              <param name="Y" type="float"/>
              <param name="Z" type="float"/>
            </accessor>
          </technique_common>
        </source>
        <source id="Krychle_095-mesh-normals">
          <float_array id="Krychle_095-mesh-normals-array" count="18">-1 0 0 0 1 0 1 0 0 0 -1 0 0 0 -1 0 0 1</float_array>
          <technique_common>
            <accessor source="#Krychle_095-mesh-normals-array" count="6" stride="3">
              <param name="X" type="float"/>
              <param name="Y" type="float"/>
              <param name="Z" type="float"/>
            </accessor>
          </technique_common>
        </source>
        <source id="Krychle_095-mesh-map-0">
          <float_array id="Krychle_095-mesh-map-0-array" count="72">0.625 0 0.375 0.25 0.375 0 0.625 0.25 0.375 0.5 0.375 0.25 0.625 0.5 0.375 0.75 0.375 0.5 0.625 0.75 0.375 1 0.375 0.75 0.375 0.5 0.125 0.75 0.125 0.5 0.875 0.5 0.625 0.75 0.625 0.5 0.625 0 0.625 0.25 0.375 0.25 0.625 0.25 0.625 0.5 0.375 0.5 0.625 0.5 0.625 0.75 0.375 0.75 0.625 0.75 0.625 1 0.375 1 0.375 0.5 0.375 0.75 0.125 0.75 0.875 0.5 0.875 0.75 0.625 0.75</float_array>
          <technique_common>
            <accessor source="#Krychle_095-mesh-map-0-array" count="36" stride="2">
              <param name="S" type="float"/>
              <param name="T" type="float"/>
            </accessor>
          </technique_common>
        </source>
        <vertices id="Krychle_095-mesh-vertices">
          <input semantic="POSITION" source="#Krychle_095-mesh-positions"/>
        </vertices>
        <triangles count="12">
          <input semantic="VERTEX" source="#Krychle_095-mesh-vertices" offset="0"/>
          <input semantic="NORMAL" source="#Krychle_095-mesh-normals" offset="1"/>
          <input semantic="TEXCOORD" source="#Krychle_095-mesh-map-0" offset="2" set="0"/>
          <p>1 0 0 2 0 1 0 0 2 3 1 3 6 1 4 2 1 5 7 2 6 4 2 7 6 2 8 5 3 9 0 3 10 4 3 11 6 4 12 0 4 13 2 4 14 3 5 15 5 5 16 7 5 17 1 0 18 3 0 19 2 0 20 3 1 21 7 1 22 6 1 23 7 2 24 5 2 25 4 2 26 5 3 27 1 3 28 0 3 29 6 4 30 4 4 31 0 4 32 3 5 33 1 5 34 5 5 35</p>
        </triangles>
      </mesh>
    </geometry>
    <geometry id="Krychle_096-mesh" name="Krychle.096">
      <mesh>
        <source id="Krychle_096-mesh-positions">
          <float_array id="Krychle_096-mesh-positions-array" count="24">-1 -1 -1 -1 -1 1 -1 1 -1 -1 1 1 1 -1 -1 1 -1 1 1 1 -1 1 1 1</float_array>
          <technique_common>
            <accessor source="#Krychle_096-mesh-positions-array" count="8" stride="3">
              <param name="X" type="float"/>
              <param name="Y" type="float"/>
              <param name="Z" type="float"/>
            </accessor>
          </technique_common>
        </source>
        <source id="Krychle_096-mesh-normals">
          <float_array id="Krychle_096-mesh-normals-array" count="18">-1 0 0 0 1 0 1 0 0 0 -1 0 0 0 -1 0 0 1</float_array>
          <technique_common>
            <accessor source="#Krychle_096-mesh-normals-array" count="6" stride="3">
              <param name="X" type="float"/>
              <param name="Y" type="float"/>
              <param name="Z" type="float"/>
            </accessor>
          </technique_common>
        </source>
        <source id="Krychle_096-mesh-map-0">
          <float_array id="Krychle_096-mesh-map-0-array" count="72">0.625 0 0.375 0.25 0.375 0 0.625 0.25 0.375 0.5 0.375 0.25 0.625 0.5 0.375 0.75 0.375 0.5 0.625 0.75 0.375 1 0.375 0.75 0.375 0.5 0.125 0.75 0.125 0.5 0.875 0.5 0.625 0.75 0.625 0.5 0.625 0 0.625 0.25 0.375 0.25 0.625 0.25 0.625 0.5 0.375 0.5 0.625 0.5 0.625 0.75 0.375 0.75 0.625 0.75 0.625 1 0.375 1 0.375 0.5 0.375 0.75 0.125 0.75 0.875 0.5 0.875 0.75 0.625 0.75</float_array>
          <technique_common>
            <accessor source="#Krychle_096-mesh-map-0-array" count="36" stride="2">
              <param name="S" type="float"/>
              <param name="T" type="float"/>
            </accessor>
          </technique_common>
        </source>
        <vertices id="Krychle_096-mesh-vertices">
          <input semantic="POSITION" source="#Krychle_096-mesh-positions"/>
        </vertices>
        <triangles count="12">
          <input semantic="VERTEX" source="#Krychle_096-mesh-vertices" offset="0"/>
          <input semantic="NORMAL" source="#Krychle_096-mesh-normals" offset="1"/>
          <input semantic="TEXCOORD" source="#Krychle_096-mesh-map-0" offset="2" set="0"/>
          <p>1 0 0 2 0 1 0 0 2 3 1 3 6 1 4 2 1 5 7 2 6 4 2 7 6 2 8 5 3 9 0 3 10 4 3 11 6 4 12 0 4 13 2 4 14 3 5 15 5 5 16 7 5 17 1 0 18 3 0 19 2 0 20 3 1 21 7 1 22 6 1 23 7 2 24 5 2 25 4 2 26 5 3 27 1 3 28 0 3 29 6 4 30 4 4 31 0 4 32 3 5 33 1 5 34 5 5 35</p>
        </triangles>
      </mesh>
    </geometry>
    <geometry id="Krychle_097-mesh" name="Krychle.097">
      <mesh>
        <source id="Krychle_097-mesh-positions">
          <float_array id="Krychle_097-mesh-positions-array" count="24">-1 -1 -1 -1 -1 1 -1 1 -1 -1 1 1 1 -1 -1 1 -1 1 1 1 -1 1 1 1</float_array>
          <technique_common>
            <accessor source="#Krychle_097-mesh-positions-array" count="8" stride="3">
              <param name="X" type="float"/>
              <param name="Y" type="float"/>
              <param name="Z" type="float"/>
            </accessor>
          </technique_common>
        </source>
        <source id="Krychle_097-mesh-normals">
          <float_array id="Krychle_097-mesh-normals-array" count="18">-1 0 0 0 1 0 1 0 0 0 -1 0 0 0 -1 0 0 1</float_array>
          <technique_common>
            <accessor source="#Krychle_097-mesh-normals-array" count="6" stride="3">
              <param name="X" type="float"/>
              <param name="Y" type="float"/>
              <param name="Z" type="float"/>
            </accessor>
          </technique_common>
        </source>
        <source id="Krychle_097-mesh-map-0">
          <float_array id="Krychle_097-mesh-map-0-array" count="72">0.625 0 0.375 0.25 0.375 0 0.625 0.25 0.375 0.5 0.375 0.25 0.625 0.5 0.375 0.75 0.375 0.5 0.625 0.75 0.375 1 0.375 0.75 0.375 0.5 0.125 0.75 0.125 0.5 0.875 0.5 0.625 0.75 0.625 0.5 0.625 0 0.625 0.25 0.375 0.25 0.625 0.25 0.625 0.5 0.375 0.5 0.625 0.5 0.625 0.75 0.375 0.75 0.625 0.75 0.625 1 0.375 1 0.375 0.5 0.375 0.75 0.125 0.75 0.875 0.5 0.875 0.75 0.625 0.75</float_array>
          <technique_common>
            <accessor source="#Krychle_097-mesh-map-0-array" count="36" stride="2">
              <param name="S" type="float"/>
              <param name="T" type="float"/>
            </accessor>
          </technique_common>
        </source>
        <vertices id="Krychle_097-mesh-vertices">
          <input semantic="POSITION" source="#Krychle_097-mesh-positions"/>
        </vertices>
        <triangles count="12">
          <input semantic="VERTEX" source="#Krychle_097-mesh-vertices" offset="0"/>
          <input semantic="NORMAL" source="#Krychle_097-mesh-normals" offset="1"/>
          <input semantic="TEXCOORD" source="#Krychle_097-mesh-map-0" offset="2" set="0"/>
          <p>1 0 0 2 0 1 0 0 2 3 1 3 6 1 4 2 1 5 7 2 6 4 2 7 6 2 8 5 3 9 0 3 10 4 3 11 6 4 12 0 4 13 2 4 14 3 5 15 5 5 16 7 5 17 1 0 18 3 0 19 2 0 20 3 1 21 7 1 22 6 1 23 7 2 24 5 2 25 4 2 26 5 3 27 1 3 28 0 3 29 6 4 30 4 4 31 0 4 32 3 5 33 1 5 34 5 5 35</p>
        </triangles>
      </mesh>
    </geometry>
    <geometry id="Krychle_098-mesh" name="Krychle.098">
      <mesh>
        <source id="Krychle_098-mesh-positions">
          <float_array id="Krychle_098-mesh-positions-array" count="24">-1 -1 -1 -1 -1 1 -1 1 -1 -1 1 1 1 -1 -1 1 -1 1 1 1 -1 1 1 1</float_array>
          <technique_common>
            <accessor source="#Krychle_098-mesh-positions-array" count="8" stride="3">
              <param name="X" type="float"/>
              <param name="Y" type="float"/>
              <param name="Z" type="float"/>
            </accessor>
          </technique_common>
        </source>
        <source id="Krychle_098-mesh-normals">
          <float_array id="Krychle_098-mesh-normals-array" count="18">-1 0 0 0 1 0 1 0 0 0 -1 0 0 0 -1 0 0 1</float_array>
          <technique_common>
            <accessor source="#Krychle_098-mesh-normals-array" count="6" stride="3">
              <param name="X" type="float"/>
              <param name="Y" type="float"/>
              <param name="Z" type="float"/>
            </accessor>
          </technique_common>
        </source>
        <source id="Krychle_098-mesh-map-0">
          <float_array id="Krychle_098-mesh-map-0-array" count="72">0.625 0 0.375 0.25 0.375 0 0.625 0.25 0.375 0.5 0.375 0.25 0.625 0.5 0.375 0.75 0.375 0.5 0.625 0.75 0.375 1 0.375 0.75 0.375 0.5 0.125 0.75 0.125 0.5 0.875 0.5 0.625 0.75 0.625 0.5 0.625 0 0.625 0.25 0.375 0.25 0.625 0.25 0.625 0.5 0.375 0.5 0.625 0.5 0.625 0.75 0.375 0.75 0.625 0.75 0.625 1 0.375 1 0.375 0.5 0.375 0.75 0.125 0.75 0.875 0.5 0.875 0.75 0.625 0.75</float_array>
          <technique_common>
            <accessor source="#Krychle_098-mesh-map-0-array" count="36" stride="2">
              <param name="S" type="float"/>
              <param name="T" type="float"/>
            </accessor>
          </technique_common>
        </source>
        <vertices id="Krychle_098-mesh-vertices">
          <input semantic="POSITION" source="#Krychle_098-mesh-positions"/>
        </vertices>
        <triangles count="12">
          <input semantic="VERTEX" source="#Krychle_098-mesh-vertices" offset="0"/>
          <input semantic="NORMAL" source="#Krychle_098-mesh-normals" offset="1"/>
          <input semantic="TEXCOORD" source="#Krychle_098-mesh-map-0" offset="2" set="0"/>
          <p>1 0 0 2 0 1 0 0 2 3 1 3 6 1 4 2 1 5 7 2 6 4 2 7 6 2 8 5 3 9 0 3 10 4 3 11 6 4 12 0 4 13 2 4 14 3 5 15 5 5 16 7 5 17 1 0 18 3 0 19 2 0 20 3 1 21 7 1 22 6 1 23 7 2 24 5 2 25 4 2 26 5 3 27 1 3 28 0 3 29 6 4 30 4 4 31 0 4 32 3 5 33 1 5 34 5 5 35</p>
        </triangles>
      </mesh>
    </geometry>
    <geometry id="Krychle_099-mesh" name="Krychle.099">
      <mesh>
        <source id="Krychle_099-mesh-positions">
          <float_array id="Krychle_099-mesh-positions-array" count="24">-1 -1 -1 -1 -1 1 -1 1 -1 -1 1 1 1 -1 -1 1 -1 1 1 1 -1 1 1 1</float_array>
          <technique_common>
            <accessor source="#Krychle_099-mesh-positions-array" count="8" stride="3">
              <param name="X" type="float"/>
              <param name="Y" type="float"/>
              <param name="Z" type="float"/>
            </accessor>
          </technique_common>
        </source>
        <source id="Krychle_099-mesh-normals">
          <float_array id="Krychle_099-mesh-normals-array" count="18">-1 0 0 0 1 0 1 0 0 0 -1 0 0 0 -1 0 0 1</float_array>
          <technique_common>
            <accessor source="#Krychle_099-mesh-normals-array" count="6" stride="3">
              <param name="X" type="float"/>
              <param name="Y" type="float"/>
              <param name="Z" type="float"/>
            </accessor>
          </technique_common>
        </source>
        <source id="Krychle_099-mesh-map-0">
          <float_array id="Krychle_099-mesh-map-0-array" count="72">0.625 0 0.375 0.25 0.375 0 0.625 0.25 0.375 0.5 0.375 0.25 0.625 0.5 0.375 0.75 0.375 0.5 0.625 0.75 0.375 1 0.375 0.75 0.375 0.5 0.125 0.75 0.125 0.5 0.875 0.5 0.625 0.75 0.625 0.5 0.625 0 0.625 0.25 0.375 0.25 0.625 0.25 0.625 0.5 0.375 0.5 0.625 0.5 0.625 0.75 0.375 0.75 0.625 0.75 0.625 1 0.375 1 0.375 0.5 0.375 0.75 0.125 0.75 0.875 0.5 0.875 0.75 0.625 0.75</float_array>
          <technique_common>
            <accessor source="#Krychle_099-mesh-map-0-array" count="36" stride="2">
              <param name="S" type="float"/>
              <param name="T" type="float"/>
            </accessor>
          </technique_common>
        </source>
        <vertices id="Krychle_099-mesh-vertices">
          <input semantic="POSITION" source="#Krychle_099-mesh-positions"/>
        </vertices>
        <triangles count="12">
          <input semantic="VERTEX" source="#Krychle_099-mesh-vertices" offset="0"/>
          <input semantic="NORMAL" source="#Krychle_099-mesh-normals" offset="1"/>
          <input semantic="TEXCOORD" source="#Krychle_099-mesh-map-0" offset="2" set="0"/>
          <p>1 0 0 2 0 1 0 0 2 3 1 3 6 1 4 2 1 5 7 2 6 4 2 7 6 2 8 5 3 9 0 3 10 4 3 11 6 4 12 0 4 13 2 4 14 3 5 15 5 5 16 7 5 17 1 0 18 3 0 19 2 0 20 3 1 21 7 1 22 6 1 23 7 2 24 5 2 25 4 2 26 5 3 27 1 3 28 0 3 29 6 4 30 4 4 31 0 4 32 3 5 33 1 5 34 5 5 35</p>
        </triangles>
      </mesh>
    </geometry>
    <geometry id="Krychle_100-mesh" name="Krychle.100">
      <mesh>
        <source id="Krychle_100-mesh-positions">
          <float_array id="Krychle_100-mesh-positions-array" count="24">-1 -1 -1 -1 -1 1 -1 1 -1 -1 1 1 1 -1 -1 1 -1 1 1 1 -1 1 1 1</float_array>
          <technique_common>
            <accessor source="#Krychle_100-mesh-positions-array" count="8" stride="3">
              <param name="X" type="float"/>
              <param name="Y" type="float"/>
              <param name="Z" type="float"/>
            </accessor>
          </technique_common>
        </source>
        <source id="Krychle_100-mesh-normals">
          <float_array id="Krychle_100-mesh-normals-array" count="18">-1 0 0 0 1 0 1 0 0 0 -1 0 0 0 -1 0 0 1</float_array>
          <technique_common>
            <accessor source="#Krychle_100-mesh-normals-array" count="6" stride="3">
              <param name="X" type="float"/>
              <param name="Y" type="float"/>
              <param name="Z" type="float"/>
            </accessor>
          </technique_common>
        </source>
        <source id="Krychle_100-mesh-map-0">
          <float_array id="Krychle_100-mesh-map-0-array" count="72">0.625 0 0.375 0.25 0.375 0 0.625 0.25 0.375 0.5 0.375 0.25 0.625 0.5 0.375 0.75 0.375 0.5 0.625 0.75 0.375 1 0.375 0.75 0.375 0.5 0.125 0.75 0.125 0.5 0.875 0.5 0.625 0.75 0.625 0.5 0.625 0 0.625 0.25 0.375 0.25 0.625 0.25 0.625 0.5 0.375 0.5 0.625 0.5 0.625 0.75 0.375 0.75 0.625 0.75 0.625 1 0.375 1 0.375 0.5 0.375 0.75 0.125 0.75 0.875 0.5 0.875 0.75 0.625 0.75</float_array>
          <technique_common>
            <accessor source="#Krychle_100-mesh-map-0-array" count="36" stride="2">
              <param name="S" type="float"/>
              <param name="T" type="float"/>
            </accessor>
          </technique_common>
        </source>
        <vertices id="Krychle_100-mesh-vertices">
          <input semantic="POSITION" source="#Krychle_100-mesh-positions"/>
        </vertices>
        <triangles count="12">
          <input semantic="VERTEX" source="#Krychle_100-mesh-vertices" offset="0"/>
          <input semantic="NORMAL" source="#Krychle_100-mesh-normals" offset="1"/>
          <input semantic="TEXCOORD" source="#Krychle_100-mesh-map-0" offset="2" set="0"/>
          <p>1 0 0 2 0 1 0 0 2 3 1 3 6 1 4 2 1 5 7 2 6 4 2 7 6 2 8 5 3 9 0 3 10 4 3 11 6 4 12 0 4 13 2 4 14 3 5 15 5 5 16 7 5 17 1 0 18 3 0 19 2 0 20 3 1 21 7 1 22 6 1 23 7 2 24 5 2 25 4 2 26 5 3 27 1 3 28 0 3 29 6 4 30 4 4 31 0 4 32 3 5 33 1 5 34 5 5 35</p>
        </triangles>
      </mesh>
    </geometry>
    <geometry id="Krychle_101-mesh" name="Krychle.101">
      <mesh>
        <source id="Krychle_101-mesh-positions">
          <float_array id="Krychle_101-mesh-positions-array" count="24">-1 -1 -1 -1 -1 1 -1 1 -1 -1 1 1 1 -1 -1 1 -1 1 1 1 -1 1 1 1</float_array>
          <technique_common>
            <accessor source="#Krychle_101-mesh-positions-array" count="8" stride="3">
              <param name="X" type="float"/>
              <param name="Y" type="float"/>
              <param name="Z" type="float"/>
            </accessor>
          </technique_common>
        </source>
        <source id="Krychle_101-mesh-normals">
          <float_array id="Krychle_101-mesh-normals-array" count="18">-1 0 0 0 1 0 1 0 0 0 -1 0 0 0 -1 0 0 1</float_array>
          <technique_common>
            <accessor source="#Krychle_101-mesh-normals-array" count="6" stride="3">
              <param name="X" type="float"/>
              <param name="Y" type="float"/>
              <param name="Z" type="float"/>
            </accessor>
          </technique_common>
        </source>
        <source id="Krychle_101-mesh-map-0">
          <float_array id="Krychle_101-mesh-map-0-array" count="72">0.625 0 0.375 0.25 0.375 0 0.625 0.25 0.375 0.5 0.375 0.25 0.625 0.5 0.375 0.75 0.375 0.5 0.625 0.75 0.375 1 0.375 0.75 0.375 0.5 0.125 0.75 0.125 0.5 0.875 0.5 0.625 0.75 0.625 0.5 0.625 0 0.625 0.25 0.375 0.25 0.625 0.25 0.625 0.5 0.375 0.5 0.625 0.5 0.625 0.75 0.375 0.75 0.625 0.75 0.625 1 0.375 1 0.375 0.5 0.375 0.75 0.125 0.75 0.875 0.5 0.875 0.75 0.625 0.75</float_array>
          <technique_common>
            <accessor source="#Krychle_101-mesh-map-0-array" count="36" stride="2">
              <param name="S" type="float"/>
              <param name="T" type="float"/>
            </accessor>
          </technique_common>
        </source>
        <vertices id="Krychle_101-mesh-vertices">
          <input semantic="POSITION" source="#Krychle_101-mesh-positions"/>
        </vertices>
        <triangles count="12">
          <input semantic="VERTEX" source="#Krychle_101-mesh-vertices" offset="0"/>
          <input semantic="NORMAL" source="#Krychle_101-mesh-normals" offset="1"/>
          <input semantic="TEXCOORD" source="#Krychle_101-mesh-map-0" offset="2" set="0"/>
          <p>1 0 0 2 0 1 0 0 2 3 1 3 6 1 4 2 1 5 7 2 6 4 2 7 6 2 8 5 3 9 0 3 10 4 3 11 6 4 12 0 4 13 2 4 14 3 5 15 5 5 16 7 5 17 1 0 18 3 0 19 2 0 20 3 1 21 7 1 22 6 1 23 7 2 24 5 2 25 4 2 26 5 3 27 1 3 28 0 3 29 6 4 30 4 4 31 0 4 32 3 5 33 1 5 34 5 5 35</p>
        </triangles>
      </mesh>
    </geometry>
    <geometry id="Krychle_008-mesh" name="Krychle.008">
      <mesh>
        <source id="Krychle_008-mesh-positions">
          <float_array id="Krychle_008-mesh-positions-array" count="24">-1 -1 -1 -1 -1 1 -1 1 -1 -1 1 1 1 -1 -1 1 -1 1 1 1 -1 1 1 1</float_array>
          <technique_common>
            <accessor source="#Krychle_008-mesh-positions-array" count="8" stride="3">
              <param name="X" type="float"/>
              <param name="Y" type="float"/>
              <param name="Z" type="float"/>
            </accessor>
          </technique_common>
        </source>
        <source id="Krychle_008-mesh-normals">
          <float_array id="Krychle_008-mesh-normals-array" count="18">-1 0 0 0 1 0 1 0 0 0 -1 0 0 0 -1 0 0 1</float_array>
          <technique_common>
            <accessor source="#Krychle_008-mesh-normals-array" count="6" stride="3">
              <param name="X" type="float"/>
              <param name="Y" type="float"/>
              <param name="Z" type="float"/>
            </accessor>
          </technique_common>
        </source>
        <source id="Krychle_008-mesh-map-0">
          <float_array id="Krychle_008-mesh-map-0-array" count="72">0.625 0 0.375 0.25 0.375 0 0.625 0.25 0.375 0.5 0.375 0.25 0.625 0.5 0.375 0.75 0.375 0.5 0.625 0.75 0.375 1 0.375 0.75 0.375 0.5 0.125 0.75 0.125 0.5 0.875 0.5 0.625 0.75 0.625 0.5 0.625 0 0.625 0.25 0.375 0.25 0.625 0.25 0.625 0.5 0.375 0.5 0.625 0.5 0.625 0.75 0.375 0.75 0.625 0.75 0.625 1 0.375 1 0.375 0.5 0.375 0.75 0.125 0.75 0.875 0.5 0.875 0.75 0.625 0.75</float_array>
          <technique_common>
            <accessor source="#Krychle_008-mesh-map-0-array" count="36" stride="2">
              <param name="S" type="float"/>
              <param name="T" type="float"/>
            </accessor>
          </technique_common>
        </source>
        <vertices id="Krychle_008-mesh-vertices">
          <input semantic="POSITION" source="#Krychle_008-mesh-positions"/>
        </vertices>
        <triangles count="12">
          <input semantic="VERTEX" source="#Krychle_008-mesh-vertices" offset="0"/>
          <input semantic="NORMAL" source="#Krychle_008-mesh-normals" offset="1"/>
          <input semantic="TEXCOORD" source="#Krychle_008-mesh-map-0" offset="2" set="0"/>
          <p>1 0 0 2 0 1 0 0 2 3 1 3 6 1 4 2 1 5 7 2 6 4 2 7 6 2 8 5 3 9 0 3 10 4 3 11 6 4 12 0 4 13 2 4 14 3 5 15 5 5 16 7 5 17 1 0 18 3 0 19 2 0 20 3 1 21 7 1 22 6 1 23 7 2 24 5 2 25 4 2 26 5 3 27 1 3 28 0 3 29 6 4 30 4 4 31 0 4 32 3 5 33 1 5 34 5 5 35</p>
        </triangles>
      </mesh>
    </geometry>
    <geometry id="Krychle_007-mesh" name="Krychle.007">
      <mesh>
        <source id="Krychle_007-mesh-positions">
          <float_array id="Krychle_007-mesh-positions-array" count="24">-1 -1 -1 -1 -1 1 -1 1 -1 -1 1 1 1 -1 -1 1 -1 1 1 1 -1 1 1 1</float_array>
          <technique_common>
            <accessor source="#Krychle_007-mesh-positions-array" count="8" stride="3">
              <param name="X" type="float"/>
              <param name="Y" type="float"/>
              <param name="Z" type="float"/>
            </accessor>
          </technique_common>
        </source>
        <source id="Krychle_007-mesh-normals">
          <float_array id="Krychle_007-mesh-normals-array" count="18">-1 0 0 0 1 0 1 0 0 0 -1 0 0 0 -1 0 0 1</float_array>
          <technique_common>
            <accessor source="#Krychle_007-mesh-normals-array" count="6" stride="3">
              <param name="X" type="float"/>
              <param name="Y" type="float"/>
              <param name="Z" type="float"/>
            </accessor>
          </technique_common>
        </source>
        <source id="Krychle_007-mesh-map-0">
          <float_array id="Krychle_007-mesh-map-0-array" count="72">0.625 0 0.375 0.25 0.375 0 0.625 0.25 0.375 0.5 0.375 0.25 0.625 0.5 0.375 0.75 0.375 0.5 0.625 0.75 0.375 1 0.375 0.75 0.375 0.5 0.125 0.75 0.125 0.5 0.875 0.5 0.625 0.75 0.625 0.5 0.625 0 0.625 0.25 0.375 0.25 0.625 0.25 0.625 0.5 0.375 0.5 0.625 0.5 0.625 0.75 0.375 0.75 0.625 0.75 0.625 1 0.375 1 0.375 0.5 0.375 0.75 0.125 0.75 0.875 0.5 0.875 0.75 0.625 0.75</float_array>
          <technique_common>
            <accessor source="#Krychle_007-mesh-map-0-array" count="36" stride="2">
              <param name="S" type="float"/>
              <param name="T" type="float"/>
            </accessor>
          </technique_common>
        </source>
        <vertices id="Krychle_007-mesh-vertices">
          <input semantic="POSITION" source="#Krychle_007-mesh-positions"/>
        </vertices>
        <triangles count="12">
          <input semantic="VERTEX" source="#Krychle_007-mesh-vertices" offset="0"/>
          <input semantic="NORMAL" source="#Krychle_007-mesh-normals" offset="1"/>
          <input semantic="TEXCOORD" source="#Krychle_007-mesh-map-0" offset="2" set="0"/>
          <p>1 0 0 2 0 1 0 0 2 3 1 3 6 1 4 2 1 5 7 2 6 4 2 7 6 2 8 5 3 9 0 3 10 4 3 11 6 4 12 0 4 13 2 4 14 3 5 15 5 5 16 7 5 17 1 0 18 3 0 19 2 0 20 3 1 21 7 1 22 6 1 23 7 2 24 5 2 25 4 2 26 5 3 27 1 3 28 0 3 29 6 4 30 4 4 31 0 4 32 3 5 33 1 5 34 5 5 35</p>
        </triangles>
      </mesh>
    </geometry>
    <geometry id="Krychle_006-mesh" name="Krychle.006">
      <mesh>
        <source id="Krychle_006-mesh-positions">
          <float_array id="Krychle_006-mesh-positions-array" count="24">-1 -1 -1 -1 -1 1 -1 1 -1 -1 1 1 1 -1 -1 1 -1 1 1 1 -1 1 1 1</float_array>
          <technique_common>
            <accessor source="#Krychle_006-mesh-positions-array" count="8" stride="3">
              <param name="X" type="float"/>
              <param name="Y" type="float"/>
              <param name="Z" type="float"/>
            </accessor>
          </technique_common>
        </source>
        <source id="Krychle_006-mesh-normals">
          <float_array id="Krychle_006-mesh-normals-array" count="18">-1 0 0 0 1 0 1 0 0 0 -1 0 0 0 -1 0 0 1</float_array>
          <technique_common>
            <accessor source="#Krychle_006-mesh-normals-array" count="6" stride="3">
              <param name="X" type="float"/>
              <param name="Y" type="float"/>
              <param name="Z" type="float"/>
            </accessor>
          </technique_common>
        </source>
        <source id="Krychle_006-mesh-map-0">
          <float_array id="Krychle_006-mesh-map-0-array" count="72">0.625 0 0.375 0.25 0.375 0 0.625 0.25 0.375 0.5 0.375 0.25 0.625 0.5 0.375 0.75 0.375 0.5 0.625 0.75 0.375 1 0.375 0.75 0.375 0.5 0.125 0.75 0.125 0.5 0.875 0.5 0.625 0.75 0.625 0.5 0.625 0 0.625 0.25 0.375 0.25 0.625 0.25 0.625 0.5 0.375 0.5 0.625 0.5 0.625 0.75 0.375 0.75 0.625 0.75 0.625 1 0.375 1 0.375 0.5 0.375 0.75 0.125 0.75 0.875 0.5 0.875 0.75 0.625 0.75</float_array>
          <technique_common>
            <accessor source="#Krychle_006-mesh-map-0-array" count="36" stride="2">
              <param name="S" type="float"/>
              <param name="T" type="float"/>
            </accessor>
          </technique_common>
        </source>
        <vertices id="Krychle_006-mesh-vertices">
          <input semantic="POSITION" source="#Krychle_006-mesh-positions"/>
        </vertices>
        <triangles count="12">
          <input semantic="VERTEX" source="#Krychle_006-mesh-vertices" offset="0"/>
          <input semantic="NORMAL" source="#Krychle_006-mesh-normals" offset="1"/>
          <input semantic="TEXCOORD" source="#Krychle_006-mesh-map-0" offset="2" set="0"/>
          <p>1 0 0 2 0 1 0 0 2 3 1 3 6 1 4 2 1 5 7 2 6 4 2 7 6 2 8 5 3 9 0 3 10 4 3 11 6 4 12 0 4 13 2 4 14 3 5 15 5 5 16 7 5 17 1 0 18 3 0 19 2 0 20 3 1 21 7 1 22 6 1 23 7 2 24 5 2 25 4 2 26 5 3 27 1 3 28 0 3 29 6 4 30 4 4 31 0 4 32 3 5 33 1 5 34 5 5 35</p>
        </triangles>
      </mesh>
    </geometry>
    <geometry id="Krychle_005-mesh" name="Krychle.005">
      <mesh>
        <source id="Krychle_005-mesh-positions">
          <float_array id="Krychle_005-mesh-positions-array" count="24">-1 -1 -1 -1 -1 1 -1 1 -1 -1 1 1 1 -1 -1 1 -1 1 1 1 -1 1 1 1</float_array>
          <technique_common>
            <accessor source="#Krychle_005-mesh-positions-array" count="8" stride="3">
              <param name="X" type="float"/>
              <param name="Y" type="float"/>
              <param name="Z" type="float"/>
            </accessor>
          </technique_common>
        </source>
        <source id="Krychle_005-mesh-normals">
          <float_array id="Krychle_005-mesh-normals-array" count="18">-1 0 0 0 1 0 1 0 0 0 -1 0 0 0 -1 0 0 1</float_array>
          <technique_common>
            <accessor source="#Krychle_005-mesh-normals-array" count="6" stride="3">
              <param name="X" type="float"/>
              <param name="Y" type="float"/>
              <param name="Z" type="float"/>
            </accessor>
          </technique_common>
        </source>
        <source id="Krychle_005-mesh-map-0">
          <float_array id="Krychle_005-mesh-map-0-array" count="72">0.625 0 0.375 0.25 0.375 0 0.625 0.25 0.375 0.5 0.375 0.25 0.625 0.5 0.375 0.75 0.375 0.5 0.625 0.75 0.375 1 0.375 0.75 0.375 0.5 0.125 0.75 0.125 0.5 0.875 0.5 0.625 0.75 0.625 0.5 0.625 0 0.625 0.25 0.375 0.25 0.625 0.25 0.625 0.5 0.375 0.5 0.625 0.5 0.625 0.75 0.375 0.75 0.625 0.75 0.625 1 0.375 1 0.375 0.5 0.375 0.75 0.125 0.75 0.875 0.5 0.875 0.75 0.625 0.75</float_array>
          <technique_common>
            <accessor source="#Krychle_005-mesh-map-0-array" count="36" stride="2">
              <param name="S" type="float"/>
              <param name="T" type="float"/>
            </accessor>
          </technique_common>
        </source>
        <vertices id="Krychle_005-mesh-vertices">
          <input semantic="POSITION" source="#Krychle_005-mesh-positions"/>
        </vertices>
        <triangles count="12">
          <input semantic="VERTEX" source="#Krychle_005-mesh-vertices" offset="0"/>
          <input semantic="NORMAL" source="#Krychle_005-mesh-normals" offset="1"/>
          <input semantic="TEXCOORD" source="#Krychle_005-mesh-map-0" offset="2" set="0"/>
          <p>1 0 0 2 0 1 0 0 2 3 1 3 6 1 4 2 1 5 7 2 6 4 2 7 6 2 8 5 3 9 0 3 10 4 3 11 6 4 12 0 4 13 2 4 14 3 5 15 5 5 16 7 5 17 1 0 18 3 0 19 2 0 20 3 1 21 7 1 22 6 1 23 7 2 24 5 2 25 4 2 26 5 3 27 1 3 28 0 3 29 6 4 30 4 4 31 0 4 32 3 5 33 1 5 34 5 5 35</p>
        </triangles>
      </mesh>
    </geometry>
    <geometry id="Krychle_004-mesh" name="Krychle.004">
      <mesh>
        <source id="Krychle_004-mesh-positions">
          <float_array id="Krychle_004-mesh-positions-array" count="24">-1 -1 -1 -1 -1 1 -1 1 -1 -1 1 1 1 -1 -1 1 -1 1 1 1 -1 1 1 1</float_array>
          <technique_common>
            <accessor source="#Krychle_004-mesh-positions-array" count="8" stride="3">
              <param name="X" type="float"/>
              <param name="Y" type="float"/>
              <param name="Z" type="float"/>
            </accessor>
          </technique_common>
        </source>
        <source id="Krychle_004-mesh-normals">
          <float_array id="Krychle_004-mesh-normals-array" count="18">-1 0 0 0 1 0 1 0 0 0 -1 0 0 0 -1 0 0 1</float_array>
          <technique_common>
            <accessor source="#Krychle_004-mesh-normals-array" count="6" stride="3">
              <param name="X" type="float"/>
              <param name="Y" type="float"/>
              <param name="Z" type="float"/>
            </accessor>
          </technique_common>
        </source>
        <source id="Krychle_004-mesh-map-0">
          <float_array id="Krychle_004-mesh-map-0-array" count="72">0.625 0 0.375 0.25 0.375 0 0.625 0.25 0.375 0.5 0.375 0.25 0.625 0.5 0.375 0.75 0.375 0.5 0.625 0.75 0.375 1 0.375 0.75 0.375 0.5 0.125 0.75 0.125 0.5 0.875 0.5 0.625 0.75 0.625 0.5 0.625 0 0.625 0.25 0.375 0.25 0.625 0.25 0.625 0.5 0.375 0.5 0.625 0.5 0.625 0.75 0.375 0.75 0.625 0.75 0.625 1 0.375 1 0.375 0.5 0.375 0.75 0.125 0.75 0.875 0.5 0.875 0.75 0.625 0.75</float_array>
          <technique_common>
            <accessor source="#Krychle_004-mesh-map-0-array" count="36" stride="2">
              <param name="S" type="float"/>
              <param name="T" type="float"/>
            </accessor>
          </technique_common>
        </source>
        <vertices id="Krychle_004-mesh-vertices">
          <input semantic="POSITION" source="#Krychle_004-mesh-positions"/>
        </vertices>
        <triangles count="12">
          <input semantic="VERTEX" source="#Krychle_004-mesh-vertices" offset="0"/>
          <input semantic="NORMAL" source="#Krychle_004-mesh-normals" offset="1"/>
          <input semantic="TEXCOORD" source="#Krychle_004-mesh-map-0" offset="2" set="0"/>
          <p>1 0 0 2 0 1 0 0 2 3 1 3 6 1 4 2 1 5 7 2 6 4 2 7 6 2 8 5 3 9 0 3 10 4 3 11 6 4 12 0 4 13 2 4 14 3 5 15 5 5 16 7 5 17 1 0 18 3 0 19 2 0 20 3 1 21 7 1 22 6 1 23 7 2 24 5 2 25 4 2 26 5 3 27 1 3 28 0 3 29 6 4 30 4 4 31 0 4 32 3 5 33 1 5 34 5 5 35</p>
        </triangles>
      </mesh>
    </geometry>
    <geometry id="Krychle_003-mesh" name="Krychle.003">
      <mesh>
        <source id="Krychle_003-mesh-positions">
          <float_array id="Krychle_003-mesh-positions-array" count="24">-1 -1 -1 -1 -1 1 -1 1 -1 -1 1 1 1 -1 -1 1 -1 1 1 1 -1 1 1 1</float_array>
          <technique_common>
            <accessor source="#Krychle_003-mesh-positions-array" count="8" stride="3">
              <param name="X" type="float"/>
              <param name="Y" type="float"/>
              <param name="Z" type="float"/>
            </accessor>
          </technique_common>
        </source>
        <source id="Krychle_003-mesh-normals">
          <float_array id="Krychle_003-mesh-normals-array" count="18">-1 0 0 0 1 0 1 0 0 0 -1 0 0 0 -1 0 0 1</float_array>
          <technique_common>
            <accessor source="#Krychle_003-mesh-normals-array" count="6" stride="3">
              <param name="X" type="float"/>
              <param name="Y" type="float"/>
              <param name="Z" type="float"/>
            </accessor>
          </technique_common>
        </source>
        <source id="Krychle_003-mesh-map-0">
          <float_array id="Krychle_003-mesh-map-0-array" count="72">0.625 0 0.375 0.25 0.375 0 0.625 0.25 0.375 0.5 0.375 0.25 0.625 0.5 0.375 0.75 0.375 0.5 0.625 0.75 0.375 1 0.375 0.75 0.375 0.5 0.125 0.75 0.125 0.5 0.875 0.5 0.625 0.75 0.625 0.5 0.625 0 0.625 0.25 0.375 0.25 0.625 0.25 0.625 0.5 0.375 0.5 0.625 0.5 0.625 0.75 0.375 0.75 0.625 0.75 0.625 1 0.375 1 0.375 0.5 0.375 0.75 0.125 0.75 0.875 0.5 0.875 0.75 0.625 0.75</float_array>
          <technique_common>
            <accessor source="#Krychle_003-mesh-map-0-array" count="36" stride="2">
              <param name="S" type="float"/>
              <param name="T" type="float"/>
            </accessor>
          </technique_common>
        </source>
        <vertices id="Krychle_003-mesh-vertices">
          <input semantic="POSITION" source="#Krychle_003-mesh-positions"/>
        </vertices>
        <triangles count="12">
          <input semantic="VERTEX" source="#Krychle_003-mesh-vertices" offset="0"/>
          <input semantic="NORMAL" source="#Krychle_003-mesh-normals" offset="1"/>
          <input semantic="TEXCOORD" source="#Krychle_003-mesh-map-0" offset="2" set="0"/>
          <p>1 0 0 2 0 1 0 0 2 3 1 3 6 1 4 2 1 5 7 2 6 4 2 7 6 2 8 5 3 9 0 3 10 4 3 11 6 4 12 0 4 13 2 4 14 3 5 15 5 5 16 7 5 17 1 0 18 3 0 19 2 0 20 3 1 21 7 1 22 6 1 23 7 2 24 5 2 25 4 2 26 5 3 27 1 3 28 0 3 29 6 4 30 4 4 31 0 4 32 3 5 33 1 5 34 5 5 35</p>
        </triangles>
      </mesh>
    </geometry>
    <geometry id="Krychle_064-mesh" name="Krychle.064">
      <mesh>
        <source id="Krychle_064-mesh-positions">
          <float_array id="Krychle_064-mesh-positions-array" count="24">-1 -1 -1 -1 -1 1 -1 1 -1 -1 1 1 1 -1 -1 1 -1 1 1 1 -1 1 1 1</float_array>
          <technique_common>
            <accessor source="#Krychle_064-mesh-positions-array" count="8" stride="3">
              <param name="X" type="float"/>
              <param name="Y" type="float"/>
              <param name="Z" type="float"/>
            </accessor>
          </technique_common>
        </source>
        <source id="Krychle_064-mesh-normals">
          <float_array id="Krychle_064-mesh-normals-array" count="18">-1 0 0 0 1 0 1 0 0 0 -1 0 0 0 -1 0 0 1</float_array>
          <technique_common>
            <accessor source="#Krychle_064-mesh-normals-array" count="6" stride="3">
              <param name="X" type="float"/>
              <param name="Y" type="float"/>
              <param name="Z" type="float"/>
            </accessor>
          </technique_common>
        </source>
        <source id="Krychle_064-mesh-map-0">
          <float_array id="Krychle_064-mesh-map-0-array" count="72">0.625 0 0.375 0.25 0.375 0 0.625 0.25 0.375 0.5 0.375 0.25 0.625 0.5 0.375 0.75 0.375 0.5 0.625 0.75 0.375 1 0.375 0.75 0.375 0.5 0.125 0.75 0.125 0.5 0.875 0.5 0.625 0.75 0.625 0.5 0.625 0 0.625 0.25 0.375 0.25 0.625 0.25 0.625 0.5 0.375 0.5 0.625 0.5 0.625 0.75 0.375 0.75 0.625 0.75 0.625 1 0.375 1 0.375 0.5 0.375 0.75 0.125 0.75 0.875 0.5 0.875 0.75 0.625 0.75</float_array>
          <technique_common>
            <accessor source="#Krychle_064-mesh-map-0-array" count="36" stride="2">
              <param name="S" type="float"/>
              <param name="T" type="float"/>
            </accessor>
          </technique_common>
        </source>
        <vertices id="Krychle_064-mesh-vertices">
          <input semantic="POSITION" source="#Krychle_064-mesh-positions"/>
        </vertices>
        <triangles count="12">
          <input semantic="VERTEX" source="#Krychle_064-mesh-vertices" offset="0"/>
          <input semantic="NORMAL" source="#Krychle_064-mesh-normals" offset="1"/>
          <input semantic="TEXCOORD" source="#Krychle_064-mesh-map-0" offset="2" set="0"/>
          <p>1 0 0 2 0 1 0 0 2 3 1 3 6 1 4 2 1 5 7 2 6 4 2 7 6 2 8 5 3 9 0 3 10 4 3 11 6 4 12 0 4 13 2 4 14 3 5 15 5 5 16 7 5 17 1 0 18 3 0 19 2 0 20 3 1 21 7 1 22 6 1 23 7 2 24 5 2 25 4 2 26 5 3 27 1 3 28 0 3 29 6 4 30 4 4 31 0 4 32 3 5 33 1 5 34 5 5 35</p>
        </triangles>
      </mesh>
    </geometry>
    <geometry id="Krychle_063-mesh" name="Krychle.063">
      <mesh>
        <source id="Krychle_063-mesh-positions">
          <float_array id="Krychle_063-mesh-positions-array" count="24">-1 -1 -1 -1 -1 1 -1 1 -1 -1 1 1 1 -1 -1 1 -1 1 1 1 -1 1 1 1</float_array>
          <technique_common>
            <accessor source="#Krychle_063-mesh-positions-array" count="8" stride="3">
              <param name="X" type="float"/>
              <param name="Y" type="float"/>
              <param name="Z" type="float"/>
            </accessor>
          </technique_common>
        </source>
        <source id="Krychle_063-mesh-normals">
          <float_array id="Krychle_063-mesh-normals-array" count="18">-1 0 0 0 1 0 1 0 0 0 -1 0 0 0 -1 0 0 1</float_array>
          <technique_common>
            <accessor source="#Krychle_063-mesh-normals-array" count="6" stride="3">
              <param name="X" type="float"/>
              <param name="Y" type="float"/>
              <param name="Z" type="float"/>
            </accessor>
          </technique_common>
        </source>
        <source id="Krychle_063-mesh-map-0">
          <float_array id="Krychle_063-mesh-map-0-array" count="72">0.625 0 0.375 0.25 0.375 0 0.625 0.25 0.375 0.5 0.375 0.25 0.625 0.5 0.375 0.75 0.375 0.5 0.625 0.75 0.375 1 0.375 0.75 0.375 0.5 0.125 0.75 0.125 0.5 0.875 0.5 0.625 0.75 0.625 0.5 0.625 0 0.625 0.25 0.375 0.25 0.625 0.25 0.625 0.5 0.375 0.5 0.625 0.5 0.625 0.75 0.375 0.75 0.625 0.75 0.625 1 0.375 1 0.375 0.5 0.375 0.75 0.125 0.75 0.875 0.5 0.875 0.75 0.625 0.75</float_array>
          <technique_common>
            <accessor source="#Krychle_063-mesh-map-0-array" count="36" stride="2">
              <param name="S" type="float"/>
              <param name="T" type="float"/>
            </accessor>
          </technique_common>
        </source>
        <vertices id="Krychle_063-mesh-vertices">
          <input semantic="POSITION" source="#Krychle_063-mesh-positions"/>
        </vertices>
        <triangles count="12">
          <input semantic="VERTEX" source="#Krychle_063-mesh-vertices" offset="0"/>
          <input semantic="NORMAL" source="#Krychle_063-mesh-normals" offset="1"/>
          <input semantic="TEXCOORD" source="#Krychle_063-mesh-map-0" offset="2" set="0"/>
          <p>1 0 0 2 0 1 0 0 2 3 1 3 6 1 4 2 1 5 7 2 6 4 2 7 6 2 8 5 3 9 0 3 10 4 3 11 6 4 12 0 4 13 2 4 14 3 5 15 5 5 16 7 5 17 1 0 18 3 0 19 2 0 20 3 1 21 7 1 22 6 1 23 7 2 24 5 2 25 4 2 26 5 3 27 1 3 28 0 3 29 6 4 30 4 4 31 0 4 32 3 5 33 1 5 34 5 5 35</p>
        </triangles>
      </mesh>
    </geometry>
    <geometry id="Krychle_062-mesh" name="Krychle.062">
      <mesh>
        <source id="Krychle_062-mesh-positions">
          <float_array id="Krychle_062-mesh-positions-array" count="24">-1 -1 -1 -1 -1 1 -1 1 -1 -1 1 1 1 -1 -1 1 -1 1 1 1 -1 1 1 1</float_array>
          <technique_common>
            <accessor source="#Krychle_062-mesh-positions-array" count="8" stride="3">
              <param name="X" type="float"/>
              <param name="Y" type="float"/>
              <param name="Z" type="float"/>
            </accessor>
          </technique_common>
        </source>
        <source id="Krychle_062-mesh-normals">
          <float_array id="Krychle_062-mesh-normals-array" count="18">-1 0 0 0 1 0 1 0 0 0 -1 0 0 0 -1 0 0 1</float_array>
          <technique_common>
            <accessor source="#Krychle_062-mesh-normals-array" count="6" stride="3">
              <param name="X" type="float"/>
              <param name="Y" type="float"/>
              <param name="Z" type="float"/>
            </accessor>
          </technique_common>
        </source>
        <source id="Krychle_062-mesh-map-0">
          <float_array id="Krychle_062-mesh-map-0-array" count="72">0.625 0 0.375 0.25 0.375 0 0.625 0.25 0.375 0.5 0.375 0.25 0.625 0.5 0.375 0.75 0.375 0.5 0.625 0.75 0.375 1 0.375 0.75 0.375 0.5 0.125 0.75 0.125 0.5 0.875 0.5 0.625 0.75 0.625 0.5 0.625 0 0.625 0.25 0.375 0.25 0.625 0.25 0.625 0.5 0.375 0.5 0.625 0.5 0.625 0.75 0.375 0.75 0.625 0.75 0.625 1 0.375 1 0.375 0.5 0.375 0.75 0.125 0.75 0.875 0.5 0.875 0.75 0.625 0.75</float_array>
          <technique_common>
            <accessor source="#Krychle_062-mesh-map-0-array" count="36" stride="2">
              <param name="S" type="float"/>
              <param name="T" type="float"/>
            </accessor>
          </technique_common>
        </source>
        <vertices id="Krychle_062-mesh-vertices">
          <input semantic="POSITION" source="#Krychle_062-mesh-positions"/>
        </vertices>
        <triangles count="12">
          <input semantic="VERTEX" source="#Krychle_062-mesh-vertices" offset="0"/>
          <input semantic="NORMAL" source="#Krychle_062-mesh-normals" offset="1"/>
          <input semantic="TEXCOORD" source="#Krychle_062-mesh-map-0" offset="2" set="0"/>
          <p>1 0 0 2 0 1 0 0 2 3 1 3 6 1 4 2 1 5 7 2 6 4 2 7 6 2 8 5 3 9 0 3 10 4 3 11 6 4 12 0 4 13 2 4 14 3 5 15 5 5 16 7 5 17 1 0 18 3 0 19 2 0 20 3 1 21 7 1 22 6 1 23 7 2 24 5 2 25 4 2 26 5 3 27 1 3 28 0 3 29 6 4 30 4 4 31 0 4 32 3 5 33 1 5 34 5 5 35</p>
        </triangles>
      </mesh>
    </geometry>
    <geometry id="Krychle_061-mesh" name="Krychle.061">
      <mesh>
        <source id="Krychle_061-mesh-positions">
          <float_array id="Krychle_061-mesh-positions-array" count="24">-1 -1 -1 -1 -1 1 -1 1 -1 -1 1 1 1 -1 -1 1 -1 1 1 1 -1 1 1 1</float_array>
          <technique_common>
            <accessor source="#Krychle_061-mesh-positions-array" count="8" stride="3">
              <param name="X" type="float"/>
              <param name="Y" type="float"/>
              <param name="Z" type="float"/>
            </accessor>
          </technique_common>
        </source>
        <source id="Krychle_061-mesh-normals">
          <float_array id="Krychle_061-mesh-normals-array" count="18">-1 0 0 0 1 0 1 0 0 0 -1 0 0 0 -1 0 0 1</float_array>
          <technique_common>
            <accessor source="#Krychle_061-mesh-normals-array" count="6" stride="3">
              <param name="X" type="float"/>
              <param name="Y" type="float"/>
              <param name="Z" type="float"/>
            </accessor>
          </technique_common>
        </source>
        <source id="Krychle_061-mesh-map-0">
          <float_array id="Krychle_061-mesh-map-0-array" count="72">0.625 0 0.375 0.25 0.375 0 0.625 0.25 0.375 0.5 0.375 0.25 0.625 0.5 0.375 0.75 0.375 0.5 0.625 0.75 0.375 1 0.375 0.75 0.375 0.5 0.125 0.75 0.125 0.5 0.875 0.5 0.625 0.75 0.625 0.5 0.625 0 0.625 0.25 0.375 0.25 0.625 0.25 0.625 0.5 0.375 0.5 0.625 0.5 0.625 0.75 0.375 0.75 0.625 0.75 0.625 1 0.375 1 0.375 0.5 0.375 0.75 0.125 0.75 0.875 0.5 0.875 0.75 0.625 0.75</float_array>
          <technique_common>
            <accessor source="#Krychle_061-mesh-map-0-array" count="36" stride="2">
              <param name="S" type="float"/>
              <param name="T" type="float"/>
            </accessor>
          </technique_common>
        </source>
        <vertices id="Krychle_061-mesh-vertices">
          <input semantic="POSITION" source="#Krychle_061-mesh-positions"/>
        </vertices>
        <triangles count="12">
          <input semantic="VERTEX" source="#Krychle_061-mesh-vertices" offset="0"/>
          <input semantic="NORMAL" source="#Krychle_061-mesh-normals" offset="1"/>
          <input semantic="TEXCOORD" source="#Krychle_061-mesh-map-0" offset="2" set="0"/>
          <p>1 0 0 2 0 1 0 0 2 3 1 3 6 1 4 2 1 5 7 2 6 4 2 7 6 2 8 5 3 9 0 3 10 4 3 11 6 4 12 0 4 13 2 4 14 3 5 15 5 5 16 7 5 17 1 0 18 3 0 19 2 0 20 3 1 21 7 1 22 6 1 23 7 2 24 5 2 25 4 2 26 5 3 27 1 3 28 0 3 29 6 4 30 4 4 31 0 4 32 3 5 33 1 5 34 5 5 35</p>
        </triangles>
      </mesh>
    </geometry>
    <geometry id="Krychle_060-mesh" name="Krychle.060">
      <mesh>
        <source id="Krychle_060-mesh-positions">
          <float_array id="Krychle_060-mesh-positions-array" count="24">-1 -1 -1 -1 -1 1 -1 1 -1 -1 1 1 1 -1 -1 1 -1 1 1 1 -1 1 1 1</float_array>
          <technique_common>
            <accessor source="#Krychle_060-mesh-positions-array" count="8" stride="3">
              <param name="X" type="float"/>
              <param name="Y" type="float"/>
              <param name="Z" type="float"/>
            </accessor>
          </technique_common>
        </source>
        <source id="Krychle_060-mesh-normals">
          <float_array id="Krychle_060-mesh-normals-array" count="18">-1 0 0 0 1 0 1 0 0 0 -1 0 0 0 -1 0 0 1</float_array>
          <technique_common>
            <accessor source="#Krychle_060-mesh-normals-array" count="6" stride="3">
              <param name="X" type="float"/>
              <param name="Y" type="float"/>
              <param name="Z" type="float"/>
            </accessor>
          </technique_common>
        </source>
        <source id="Krychle_060-mesh-map-0">
          <float_array id="Krychle_060-mesh-map-0-array" count="72">0.625 0 0.375 0.25 0.375 0 0.625 0.25 0.375 0.5 0.375 0.25 0.625 0.5 0.375 0.75 0.375 0.5 0.625 0.75 0.375 1 0.375 0.75 0.375 0.5 0.125 0.75 0.125 0.5 0.875 0.5 0.625 0.75 0.625 0.5 0.625 0 0.625 0.25 0.375 0.25 0.625 0.25 0.625 0.5 0.375 0.5 0.625 0.5 0.625 0.75 0.375 0.75 0.625 0.75 0.625 1 0.375 1 0.375 0.5 0.375 0.75 0.125 0.75 0.875 0.5 0.875 0.75 0.625 0.75</float_array>
          <technique_common>
            <accessor source="#Krychle_060-mesh-map-0-array" count="36" stride="2">
              <param name="S" type="float"/>
              <param name="T" type="float"/>
            </accessor>
          </technique_common>
        </source>
        <vertices id="Krychle_060-mesh-vertices">
          <input semantic="POSITION" source="#Krychle_060-mesh-positions"/>
        </vertices>
        <triangles count="12">
          <input semantic="VERTEX" source="#Krychle_060-mesh-vertices" offset="0"/>
          <input semantic="NORMAL" source="#Krychle_060-mesh-normals" offset="1"/>
          <input semantic="TEXCOORD" source="#Krychle_060-mesh-map-0" offset="2" set="0"/>
          <p>1 0 0 2 0 1 0 0 2 3 1 3 6 1 4 2 1 5 7 2 6 4 2 7 6 2 8 5 3 9 0 3 10 4 3 11 6 4 12 0 4 13 2 4 14 3 5 15 5 5 16 7 5 17 1 0 18 3 0 19 2 0 20 3 1 21 7 1 22 6 1 23 7 2 24 5 2 25 4 2 26 5 3 27 1 3 28 0 3 29 6 4 30 4 4 31 0 4 32 3 5 33 1 5 34 5 5 35</p>
        </triangles>
      </mesh>
    </geometry>
    <geometry id="Krychle_059-mesh" name="Krychle.059">
      <mesh>
        <source id="Krychle_059-mesh-positions">
          <float_array id="Krychle_059-mesh-positions-array" count="24">-1 -1 -1 -1 -1 1 -1 1 -1 -1 1 1 1 -1 -1 1 -1 1 1 1 -1 1 1 1</float_array>
          <technique_common>
            <accessor source="#Krychle_059-mesh-positions-array" count="8" stride="3">
              <param name="X" type="float"/>
              <param name="Y" type="float"/>
              <param name="Z" type="float"/>
            </accessor>
          </technique_common>
        </source>
        <source id="Krychle_059-mesh-normals">
          <float_array id="Krychle_059-mesh-normals-array" count="18">-1 0 0 0 1 0 1 0 0 0 -1 0 0 0 -1 0 0 1</float_array>
          <technique_common>
            <accessor source="#Krychle_059-mesh-normals-array" count="6" stride="3">
              <param name="X" type="float"/>
              <param name="Y" type="float"/>
              <param name="Z" type="float"/>
            </accessor>
          </technique_common>
        </source>
        <source id="Krychle_059-mesh-map-0">
          <float_array id="Krychle_059-mesh-map-0-array" count="72">0.625 0 0.375 0.25 0.375 0 0.625 0.25 0.375 0.5 0.375 0.25 0.625 0.5 0.375 0.75 0.375 0.5 0.625 0.75 0.375 1 0.375 0.75 0.375 0.5 0.125 0.75 0.125 0.5 0.875 0.5 0.625 0.75 0.625 0.5 0.625 0 0.625 0.25 0.375 0.25 0.625 0.25 0.625 0.5 0.375 0.5 0.625 0.5 0.625 0.75 0.375 0.75 0.625 0.75 0.625 1 0.375 1 0.375 0.5 0.375 0.75 0.125 0.75 0.875 0.5 0.875 0.75 0.625 0.75</float_array>
          <technique_common>
            <accessor source="#Krychle_059-mesh-map-0-array" count="36" stride="2">
              <param name="S" type="float"/>
              <param name="T" type="float"/>
            </accessor>
          </technique_common>
        </source>
        <vertices id="Krychle_059-mesh-vertices">
          <input semantic="POSITION" source="#Krychle_059-mesh-positions"/>
        </vertices>
        <triangles count="12">
          <input semantic="VERTEX" source="#Krychle_059-mesh-vertices" offset="0"/>
          <input semantic="NORMAL" source="#Krychle_059-mesh-normals" offset="1"/>
          <input semantic="TEXCOORD" source="#Krychle_059-mesh-map-0" offset="2" set="0"/>
          <p>1 0 0 2 0 1 0 0 2 3 1 3 6 1 4 2 1 5 7 2 6 4 2 7 6 2 8 5 3 9 0 3 10 4 3 11 6 4 12 0 4 13 2 4 14 3 5 15 5 5 16 7 5 17 1 0 18 3 0 19 2 0 20 3 1 21 7 1 22 6 1 23 7 2 24 5 2 25 4 2 26 5 3 27 1 3 28 0 3 29 6 4 30 4 4 31 0 4 32 3 5 33 1 5 34 5 5 35</p>
        </triangles>
      </mesh>
    </geometry>
    <geometry id="Krychle_092-mesh" name="Krychle.092">
      <mesh>
        <source id="Krychle_092-mesh-positions">
          <float_array id="Krychle_092-mesh-positions-array" count="24">-1 -1 -1 -1 -1 1 -1 1 -1 -1 1 1 1 -1 -1 1 -1 1 1 1 -1 1 1 1</float_array>
          <technique_common>
            <accessor source="#Krychle_092-mesh-positions-array" count="8" stride="3">
              <param name="X" type="float"/>
              <param name="Y" type="float"/>
              <param name="Z" type="float"/>
            </accessor>
          </technique_common>
        </source>
        <source id="Krychle_092-mesh-normals">
          <float_array id="Krychle_092-mesh-normals-array" count="18">-1 0 0 0 1 0 1 0 0 0 -1 0 0 0 -1 0 0 1</float_array>
          <technique_common>
            <accessor source="#Krychle_092-mesh-normals-array" count="6" stride="3">
              <param name="X" type="float"/>
              <param name="Y" type="float"/>
              <param name="Z" type="float"/>
            </accessor>
          </technique_common>
        </source>
        <source id="Krychle_092-mesh-map-0">
          <float_array id="Krychle_092-mesh-map-0-array" count="72">0.625 0 0.375 0.25 0.375 0 0.625 0.25 0.375 0.5 0.375 0.25 0.625 0.5 0.375 0.75 0.375 0.5 0.625 0.75 0.375 1 0.375 0.75 0.375 0.5 0.125 0.75 0.125 0.5 0.875 0.5 0.625 0.75 0.625 0.5 0.625 0 0.625 0.25 0.375 0.25 0.625 0.25 0.625 0.5 0.375 0.5 0.625 0.5 0.625 0.75 0.375 0.75 0.625 0.75 0.625 1 0.375 1 0.375 0.5 0.375 0.75 0.125 0.75 0.875 0.5 0.875 0.75 0.625 0.75</float_array>
          <technique_common>
            <accessor source="#Krychle_092-mesh-map-0-array" count="36" stride="2">
              <param name="S" type="float"/>
              <param name="T" type="float"/>
            </accessor>
          </technique_common>
        </source>
        <vertices id="Krychle_092-mesh-vertices">
          <input semantic="POSITION" source="#Krychle_092-mesh-positions"/>
        </vertices>
        <triangles count="12">
          <input semantic="VERTEX" source="#Krychle_092-mesh-vertices" offset="0"/>
          <input semantic="NORMAL" source="#Krychle_092-mesh-normals" offset="1"/>
          <input semantic="TEXCOORD" source="#Krychle_092-mesh-map-0" offset="2" set="0"/>
          <p>1 0 0 2 0 1 0 0 2 3 1 3 6 1 4 2 1 5 7 2 6 4 2 7 6 2 8 5 3 9 0 3 10 4 3 11 6 4 12 0 4 13 2 4 14 3 5 15 5 5 16 7 5 17 1 0 18 3 0 19 2 0 20 3 1 21 7 1 22 6 1 23 7 2 24 5 2 25 4 2 26 5 3 27 1 3 28 0 3 29 6 4 30 4 4 31 0 4 32 3 5 33 1 5 34 5 5 35</p>
        </triangles>
      </mesh>
    </geometry>
    <geometry id="Krychle_102-mesh" name="Krychle.102">
      <mesh>
        <source id="Krychle_102-mesh-positions">
          <float_array id="Krychle_102-mesh-positions-array" count="24">-1 -1 -1 -1 -1 1 -1 1 -1 -1 1 1 1 -1 -1 1 -1 1 1 1 -1 1 1 1</float_array>
          <technique_common>
            <accessor source="#Krychle_102-mesh-positions-array" count="8" stride="3">
              <param name="X" type="float"/>
              <param name="Y" type="float"/>
              <param name="Z" type="float"/>
            </accessor>
          </technique_common>
        </source>
        <source id="Krychle_102-mesh-normals">
          <float_array id="Krychle_102-mesh-normals-array" count="18">-1 0 0 0 1 0 1 0 0 0 -1 0 0 0 -1 0 0 1</float_array>
          <technique_common>
            <accessor source="#Krychle_102-mesh-normals-array" count="6" stride="3">
              <param name="X" type="float"/>
              <param name="Y" type="float"/>
              <param name="Z" type="float"/>
            </accessor>
          </technique_common>
        </source>
        <source id="Krychle_102-mesh-map-0">
          <float_array id="Krychle_102-mesh-map-0-array" count="72">0.625 0 0.375 0.25 0.375 0 0.625 0.25 0.375 0.5 0.375 0.25 0.625 0.5 0.375 0.75 0.375 0.5 0.625 0.75 0.375 1 0.375 0.75 0.375 0.5 0.125 0.75 0.125 0.5 0.875 0.5 0.625 0.75 0.625 0.5 0.625 0 0.625 0.25 0.375 0.25 0.625 0.25 0.625 0.5 0.375 0.5 0.625 0.5 0.625 0.75 0.375 0.75 0.625 0.75 0.625 1 0.375 1 0.375 0.5 0.375 0.75 0.125 0.75 0.875 0.5 0.875 0.75 0.625 0.75</float_array>
          <technique_common>
            <accessor source="#Krychle_102-mesh-map-0-array" count="36" stride="2">
              <param name="S" type="float"/>
              <param name="T" type="float"/>
            </accessor>
          </technique_common>
        </source>
        <vertices id="Krychle_102-mesh-vertices">
          <input semantic="POSITION" source="#Krychle_102-mesh-positions"/>
        </vertices>
        <triangles count="12">
          <input semantic="VERTEX" source="#Krychle_102-mesh-vertices" offset="0"/>
          <input semantic="NORMAL" source="#Krychle_102-mesh-normals" offset="1"/>
          <input semantic="TEXCOORD" source="#Krychle_102-mesh-map-0" offset="2" set="0"/>
          <p>1 0 0 2 0 1 0 0 2 3 1 3 6 1 4 2 1 5 7 2 6 4 2 7 6 2 8 5 3 9 0 3 10 4 3 11 6 4 12 0 4 13 2 4 14 3 5 15 5 5 16 7 5 17 1 0 18 3 0 19 2 0 20 3 1 21 7 1 22 6 1 23 7 2 24 5 2 25 4 2 26 5 3 27 1 3 28 0 3 29 6 4 30 4 4 31 0 4 32 3 5 33 1 5 34 5 5 35</p>
        </triangles>
      </mesh>
    </geometry>
    <geometry id="Krychle_103-mesh" name="Krychle.103">
      <mesh>
        <source id="Krychle_103-mesh-positions">
          <float_array id="Krychle_103-mesh-positions-array" count="24">-1 -1 -1 -1 -1 1 -1 1 -1 -1 1 1 1 -1 -1 1 -1 1 1 1 -1 1 1 1</float_array>
          <technique_common>
            <accessor source="#Krychle_103-mesh-positions-array" count="8" stride="3">
              <param name="X" type="float"/>
              <param name="Y" type="float"/>
              <param name="Z" type="float"/>
            </accessor>
          </technique_common>
        </source>
        <source id="Krychle_103-mesh-normals">
          <float_array id="Krychle_103-mesh-normals-array" count="18">-1 0 0 0 1 0 1 0 0 0 -1 0 0 0 -1 0 0 1</float_array>
          <technique_common>
            <accessor source="#Krychle_103-mesh-normals-array" count="6" stride="3">
              <param name="X" type="float"/>
              <param name="Y" type="float"/>
              <param name="Z" type="float"/>
            </accessor>
          </technique_common>
        </source>
        <source id="Krychle_103-mesh-map-0">
          <float_array id="Krychle_103-mesh-map-0-array" count="72">0.625 0 0.375 0.25 0.375 0 0.625 0.25 0.375 0.5 0.375 0.25 0.625 0.5 0.375 0.75 0.375 0.5 0.625 0.75 0.375 1 0.375 0.75 0.375 0.5 0.125 0.75 0.125 0.5 0.875 0.5 0.625 0.75 0.625 0.5 0.625 0 0.625 0.25 0.375 0.25 0.625 0.25 0.625 0.5 0.375 0.5 0.625 0.5 0.625 0.75 0.375 0.75 0.625 0.75 0.625 1 0.375 1 0.375 0.5 0.375 0.75 0.125 0.75 0.875 0.5 0.875 0.75 0.625 0.75</float_array>
          <technique_common>
            <accessor source="#Krychle_103-mesh-map-0-array" count="36" stride="2">
              <param name="S" type="float"/>
              <param name="T" type="float"/>
            </accessor>
          </technique_common>
        </source>
        <vertices id="Krychle_103-mesh-vertices">
          <input semantic="POSITION" source="#Krychle_103-mesh-positions"/>
        </vertices>
        <triangles count="12">
          <input semantic="VERTEX" source="#Krychle_103-mesh-vertices" offset="0"/>
          <input semantic="NORMAL" source="#Krychle_103-mesh-normals" offset="1"/>
          <input semantic="TEXCOORD" source="#Krychle_103-mesh-map-0" offset="2" set="0"/>
          <p>1 0 0 2 0 1 0 0 2 3 1 3 6 1 4 2 1 5 7 2 6 4 2 7 6 2 8 5 3 9 0 3 10 4 3 11 6 4 12 0 4 13 2 4 14 3 5 15 5 5 16 7 5 17 1 0 18 3 0 19 2 0 20 3 1 21 7 1 22 6 1 23 7 2 24 5 2 25 4 2 26 5 3 27 1 3 28 0 3 29 6 4 30 4 4 31 0 4 32 3 5 33 1 5 34 5 5 35</p>
        </triangles>
      </mesh>
    </geometry>
    <geometry id="Krychle_104-mesh" name="Krychle.104">
      <mesh>
        <source id="Krychle_104-mesh-positions">
          <float_array id="Krychle_104-mesh-positions-array" count="24">-1 -1 -1 -1 -1 1 -1 1 -1 -1 1 1 1 -1 -1 1 -1 1 1 1 -1 1 1 1</float_array>
          <technique_common>
            <accessor source="#Krychle_104-mesh-positions-array" count="8" stride="3">
              <param name="X" type="float"/>
              <param name="Y" type="float"/>
              <param name="Z" type="float"/>
            </accessor>
          </technique_common>
        </source>
        <source id="Krychle_104-mesh-normals">
          <float_array id="Krychle_104-mesh-normals-array" count="18">-1 0 0 0 1 0 1 0 0 0 -1 0 0 0 -1 0 0 1</float_array>
          <technique_common>
            <accessor source="#Krychle_104-mesh-normals-array" count="6" stride="3">
              <param name="X" type="float"/>
              <param name="Y" type="float"/>
              <param name="Z" type="float"/>
            </accessor>
          </technique_common>
        </source>
        <source id="Krychle_104-mesh-map-0">
          <float_array id="Krychle_104-mesh-map-0-array" count="72">0.625 0 0.375 0.25 0.375 0 0.625 0.25 0.375 0.5 0.375 0.25 0.625 0.5 0.375 0.75 0.375 0.5 0.625 0.75 0.375 1 0.375 0.75 0.375 0.5 0.125 0.75 0.125 0.5 0.875 0.5 0.625 0.75 0.625 0.5 0.625 0 0.625 0.25 0.375 0.25 0.625 0.25 0.625 0.5 0.375 0.5 0.625 0.5 0.625 0.75 0.375 0.75 0.625 0.75 0.625 1 0.375 1 0.375 0.5 0.375 0.75 0.125 0.75 0.875 0.5 0.875 0.75 0.625 0.75</float_array>
          <technique_common>
            <accessor source="#Krychle_104-mesh-map-0-array" count="36" stride="2">
              <param name="S" type="float"/>
              <param name="T" type="float"/>
            </accessor>
          </technique_common>
        </source>
        <vertices id="Krychle_104-mesh-vertices">
          <input semantic="POSITION" source="#Krychle_104-mesh-positions"/>
        </vertices>
        <triangles count="12">
          <input semantic="VERTEX" source="#Krychle_104-mesh-vertices" offset="0"/>
          <input semantic="NORMAL" source="#Krychle_104-mesh-normals" offset="1"/>
          <input semantic="TEXCOORD" source="#Krychle_104-mesh-map-0" offset="2" set="0"/>
          <p>1 0 0 2 0 1 0 0 2 3 1 3 6 1 4 2 1 5 7 2 6 4 2 7 6 2 8 5 3 9 0 3 10 4 3 11 6 4 12 0 4 13 2 4 14 3 5 15 5 5 16 7 5 17 1 0 18 3 0 19 2 0 20 3 1 21 7 1 22 6 1 23 7 2 24 5 2 25 4 2 26 5 3 27 1 3 28 0 3 29 6 4 30 4 4 31 0 4 32 3 5 33 1 5 34 5 5 35</p>
        </triangles>
      </mesh>
    </geometry>
    <geometry id="Krychle_105-mesh" name="Krychle.105">
      <mesh>
        <source id="Krychle_105-mesh-positions">
          <float_array id="Krychle_105-mesh-positions-array" count="24">-1 -1 -1 -1 -1 1 -1 1 -1 -1 1 1 1 -1 -1 1 -1 1 1 1 -1 1 1 1</float_array>
          <technique_common>
            <accessor source="#Krychle_105-mesh-positions-array" count="8" stride="3">
              <param name="X" type="float"/>
              <param name="Y" type="float"/>
              <param name="Z" type="float"/>
            </accessor>
          </technique_common>
        </source>
        <source id="Krychle_105-mesh-normals">
          <float_array id="Krychle_105-mesh-normals-array" count="18">-1 0 0 0 1 0 1 0 0 0 -1 0 0 0 -1 0 0 1</float_array>
          <technique_common>
            <accessor source="#Krychle_105-mesh-normals-array" count="6" stride="3">
              <param name="X" type="float"/>
              <param name="Y" type="float"/>
              <param name="Z" type="float"/>
            </accessor>
          </technique_common>
        </source>
        <source id="Krychle_105-mesh-map-0">
          <float_array id="Krychle_105-mesh-map-0-array" count="72">0.625 0 0.375 0.25 0.375 0 0.625 0.25 0.375 0.5 0.375 0.25 0.625 0.5 0.375 0.75 0.375 0.5 0.625 0.75 0.375 1 0.375 0.75 0.375 0.5 0.125 0.75 0.125 0.5 0.875 0.5 0.625 0.75 0.625 0.5 0.625 0 0.625 0.25 0.375 0.25 0.625 0.25 0.625 0.5 0.375 0.5 0.625 0.5 0.625 0.75 0.375 0.75 0.625 0.75 0.625 1 0.375 1 0.375 0.5 0.375 0.75 0.125 0.75 0.875 0.5 0.875 0.75 0.625 0.75</float_array>
          <technique_common>
            <accessor source="#Krychle_105-mesh-map-0-array" count="36" stride="2">
              <param name="S" type="float"/>
              <param name="T" type="float"/>
            </accessor>
          </technique_common>
        </source>
        <vertices id="Krychle_105-mesh-vertices">
          <input semantic="POSITION" source="#Krychle_105-mesh-positions"/>
        </vertices>
        <triangles count="12">
          <input semantic="VERTEX" source="#Krychle_105-mesh-vertices" offset="0"/>
          <input semantic="NORMAL" source="#Krychle_105-mesh-normals" offset="1"/>
          <input semantic="TEXCOORD" source="#Krychle_105-mesh-map-0" offset="2" set="0"/>
          <p>1 0 0 2 0 1 0 0 2 3 1 3 6 1 4 2 1 5 7 2 6 4 2 7 6 2 8 5 3 9 0 3 10 4 3 11 6 4 12 0 4 13 2 4 14 3 5 15 5 5 16 7 5 17 1 0 18 3 0 19 2 0 20 3 1 21 7 1 22 6 1 23 7 2 24 5 2 25 4 2 26 5 3 27 1 3 28 0 3 29 6 4 30 4 4 31 0 4 32 3 5 33 1 5 34 5 5 35</p>
        </triangles>
      </mesh>
    </geometry>
    <geometry id="Krychle_106-mesh" name="Krychle.106">
      <mesh>
        <source id="Krychle_106-mesh-positions">
          <float_array id="Krychle_106-mesh-positions-array" count="24">-1 -1 -1 -1 -1 1 -1 1 -1 -1 1 1 1 -1 -1 1 -1 1 1 1 -1 1 1 1</float_array>
          <technique_common>
            <accessor source="#Krychle_106-mesh-positions-array" count="8" stride="3">
              <param name="X" type="float"/>
              <param name="Y" type="float"/>
              <param name="Z" type="float"/>
            </accessor>
          </technique_common>
        </source>
        <source id="Krychle_106-mesh-normals">
          <float_array id="Krychle_106-mesh-normals-array" count="18">-1 0 0 0 1 0 1 0 0 0 -1 0 0 0 -1 0 0 1</float_array>
          <technique_common>
            <accessor source="#Krychle_106-mesh-normals-array" count="6" stride="3">
              <param name="X" type="float"/>
              <param name="Y" type="float"/>
              <param name="Z" type="float"/>
            </accessor>
          </technique_common>
        </source>
        <source id="Krychle_106-mesh-map-0">
          <float_array id="Krychle_106-mesh-map-0-array" count="72">0.625 0 0.375 0.25 0.375 0 0.625 0.25 0.375 0.5 0.375 0.25 0.625 0.5 0.375 0.75 0.375 0.5 0.625 0.75 0.375 1 0.375 0.75 0.375 0.5 0.125 0.75 0.125 0.5 0.875 0.5 0.625 0.75 0.625 0.5 0.625 0 0.625 0.25 0.375 0.25 0.625 0.25 0.625 0.5 0.375 0.5 0.625 0.5 0.625 0.75 0.375 0.75 0.625 0.75 0.625 1 0.375 1 0.375 0.5 0.375 0.75 0.125 0.75 0.875 0.5 0.875 0.75 0.625 0.75</float_array>
          <technique_common>
            <accessor source="#Krychle_106-mesh-map-0-array" count="36" stride="2">
              <param name="S" type="float"/>
              <param name="T" type="float"/>
            </accessor>
          </technique_common>
        </source>
        <vertices id="Krychle_106-mesh-vertices">
          <input semantic="POSITION" source="#Krychle_106-mesh-positions"/>
        </vertices>
        <triangles count="12">
          <input semantic="VERTEX" source="#Krychle_106-mesh-vertices" offset="0"/>
          <input semantic="NORMAL" source="#Krychle_106-mesh-normals" offset="1"/>
          <input semantic="TEXCOORD" source="#Krychle_106-mesh-map-0" offset="2" set="0"/>
          <p>1 0 0 2 0 1 0 0 2 3 1 3 6 1 4 2 1 5 7 2 6 4 2 7 6 2 8 5 3 9 0 3 10 4 3 11 6 4 12 0 4 13 2 4 14 3 5 15 5 5 16 7 5 17 1 0 18 3 0 19 2 0 20 3 1 21 7 1 22 6 1 23 7 2 24 5 2 25 4 2 26 5 3 27 1 3 28 0 3 29 6 4 30 4 4 31 0 4 32 3 5 33 1 5 34 5 5 35</p>
        </triangles>
      </mesh>
    </geometry>
    <geometry id="Krychle_107-mesh" name="Krychle.107">
      <mesh>
        <source id="Krychle_107-mesh-positions">
          <float_array id="Krychle_107-mesh-positions-array" count="24">-1 -1 -1 -1 -1 1 -1 1 -1 -1 1 1 1 -1 -1 1 -1 1 1 1 -1 1 1 1</float_array>
          <technique_common>
            <accessor source="#Krychle_107-mesh-positions-array" count="8" stride="3">
              <param name="X" type="float"/>
              <param name="Y" type="float"/>
              <param name="Z" type="float"/>
            </accessor>
          </technique_common>
        </source>
        <source id="Krychle_107-mesh-normals">
          <float_array id="Krychle_107-mesh-normals-array" count="18">-1 0 0 0 1 0 1 0 0 0 -1 0 0 0 -1 0 0 1</float_array>
          <technique_common>
            <accessor source="#Krychle_107-mesh-normals-array" count="6" stride="3">
              <param name="X" type="float"/>
              <param name="Y" type="float"/>
              <param name="Z" type="float"/>
            </accessor>
          </technique_common>
        </source>
        <source id="Krychle_107-mesh-map-0">
          <float_array id="Krychle_107-mesh-map-0-array" count="72">0.625 0 0.375 0.25 0.375 0 0.625 0.25 0.375 0.5 0.375 0.25 0.625 0.5 0.375 0.75 0.375 0.5 0.625 0.75 0.375 1 0.375 0.75 0.375 0.5 0.125 0.75 0.125 0.5 0.875 0.5 0.625 0.75 0.625 0.5 0.625 0 0.625 0.25 0.375 0.25 0.625 0.25 0.625 0.5 0.375 0.5 0.625 0.5 0.625 0.75 0.375 0.75 0.625 0.75 0.625 1 0.375 1 0.375 0.5 0.375 0.75 0.125 0.75 0.875 0.5 0.875 0.75 0.625 0.75</float_array>
          <technique_common>
            <accessor source="#Krychle_107-mesh-map-0-array" count="36" stride="2">
              <param name="S" type="float"/>
              <param name="T" type="float"/>
            </accessor>
          </technique_common>
        </source>
        <vertices id="Krychle_107-mesh-vertices">
          <input semantic="POSITION" source="#Krychle_107-mesh-positions"/>
        </vertices>
        <triangles count="12">
          <input semantic="VERTEX" source="#Krychle_107-mesh-vertices" offset="0"/>
          <input semantic="NORMAL" source="#Krychle_107-mesh-normals" offset="1"/>
          <input semantic="TEXCOORD" source="#Krychle_107-mesh-map-0" offset="2" set="0"/>
          <p>1 0 0 2 0 1 0 0 2 3 1 3 6 1 4 2 1 5 7 2 6 4 2 7 6 2 8 5 3 9 0 3 10 4 3 11 6 4 12 0 4 13 2 4 14 3 5 15 5 5 16 7 5 17 1 0 18 3 0 19 2 0 20 3 1 21 7 1 22 6 1 23 7 2 24 5 2 25 4 2 26 5 3 27 1 3 28 0 3 29 6 4 30 4 4 31 0 4 32 3 5 33 1 5 34 5 5 35</p>
        </triangles>
      </mesh>
    </geometry>
    <geometry id="Krychle_108-mesh" name="Krychle.108">
      <mesh>
        <source id="Krychle_108-mesh-positions">
          <float_array id="Krychle_108-mesh-positions-array" count="24">-1 -1 -1 -1 -1 1 -1 1 -1 -1 1 1 1 -1 -1 1 -1 1 1 1 -1 1 1 1</float_array>
          <technique_common>
            <accessor source="#Krychle_108-mesh-positions-array" count="8" stride="3">
              <param name="X" type="float"/>
              <param name="Y" type="float"/>
              <param name="Z" type="float"/>
            </accessor>
          </technique_common>
        </source>
        <source id="Krychle_108-mesh-normals">
          <float_array id="Krychle_108-mesh-normals-array" count="18">-1 0 0 0 1 0 1 0 0 0 -1 0 0 0 -1 0 0 1</float_array>
          <technique_common>
            <accessor source="#Krychle_108-mesh-normals-array" count="6" stride="3">
              <param name="X" type="float"/>
              <param name="Y" type="float"/>
              <param name="Z" type="float"/>
            </accessor>
          </technique_common>
        </source>
        <source id="Krychle_108-mesh-map-0">
          <float_array id="Krychle_108-mesh-map-0-array" count="72">0.625 0 0.375 0.25 0.375 0 0.625 0.25 0.375 0.5 0.375 0.25 0.625 0.5 0.375 0.75 0.375 0.5 0.625 0.75 0.375 1 0.375 0.75 0.375 0.5 0.125 0.75 0.125 0.5 0.875 0.5 0.625 0.75 0.625 0.5 0.625 0 0.625 0.25 0.375 0.25 0.625 0.25 0.625 0.5 0.375 0.5 0.625 0.5 0.625 0.75 0.375 0.75 0.625 0.75 0.625 1 0.375 1 0.375 0.5 0.375 0.75 0.125 0.75 0.875 0.5 0.875 0.75 0.625 0.75</float_array>
          <technique_common>
            <accessor source="#Krychle_108-mesh-map-0-array" count="36" stride="2">
              <param name="S" type="float"/>
              <param name="T" type="float"/>
            </accessor>
          </technique_common>
        </source>
        <vertices id="Krychle_108-mesh-vertices">
          <input semantic="POSITION" source="#Krychle_108-mesh-positions"/>
        </vertices>
        <triangles count="12">
          <input semantic="VERTEX" source="#Krychle_108-mesh-vertices" offset="0"/>
          <input semantic="NORMAL" source="#Krychle_108-mesh-normals" offset="1"/>
          <input semantic="TEXCOORD" source="#Krychle_108-mesh-map-0" offset="2" set="0"/>
          <p>1 0 0 2 0 1 0 0 2 3 1 3 6 1 4 2 1 5 7 2 6 4 2 7 6 2 8 5 3 9 0 3 10 4 3 11 6 4 12 0 4 13 2 4 14 3 5 15 5 5 16 7 5 17 1 0 18 3 0 19 2 0 20 3 1 21 7 1 22 6 1 23 7 2 24 5 2 25 4 2 26 5 3 27 1 3 28 0 3 29 6 4 30 4 4 31 0 4 32 3 5 33 1 5 34 5 5 35</p>
        </triangles>
      </mesh>
    </geometry>
    <geometry id="Krychle_109-mesh" name="Krychle.109">
      <mesh>
        <source id="Krychle_109-mesh-positions">
          <float_array id="Krychle_109-mesh-positions-array" count="24">-1 -1 -1 -1 -1 1 -1 1 -1 -1 1 1 1 -1 -1 1 -1 1 1 1 -1 1 1 1</float_array>
          <technique_common>
            <accessor source="#Krychle_109-mesh-positions-array" count="8" stride="3">
              <param name="X" type="float"/>
              <param name="Y" type="float"/>
              <param name="Z" type="float"/>
            </accessor>
          </technique_common>
        </source>
        <source id="Krychle_109-mesh-normals">
          <float_array id="Krychle_109-mesh-normals-array" count="18">-1 0 0 0 1 0 1 0 0 0 -1 0 0 0 -1 0 0 1</float_array>
          <technique_common>
            <accessor source="#Krychle_109-mesh-normals-array" count="6" stride="3">
              <param name="X" type="float"/>
              <param name="Y" type="float"/>
              <param name="Z" type="float"/>
            </accessor>
          </technique_common>
        </source>
        <source id="Krychle_109-mesh-map-0">
          <float_array id="Krychle_109-mesh-map-0-array" count="72">0.625 0 0.375 0.25 0.375 0 0.625 0.25 0.375 0.5 0.375 0.25 0.625 0.5 0.375 0.75 0.375 0.5 0.625 0.75 0.375 1 0.375 0.75 0.375 0.5 0.125 0.75 0.125 0.5 0.875 0.5 0.625 0.75 0.625 0.5 0.625 0 0.625 0.25 0.375 0.25 0.625 0.25 0.625 0.5 0.375 0.5 0.625 0.5 0.625 0.75 0.375 0.75 0.625 0.75 0.625 1 0.375 1 0.375 0.5 0.375 0.75 0.125 0.75 0.875 0.5 0.875 0.75 0.625 0.75</float_array>
          <technique_common>
            <accessor source="#Krychle_109-mesh-map-0-array" count="36" stride="2">
              <param name="S" type="float"/>
              <param name="T" type="float"/>
            </accessor>
          </technique_common>
        </source>
        <vertices id="Krychle_109-mesh-vertices">
          <input semantic="POSITION" source="#Krychle_109-mesh-positions"/>
        </vertices>
        <triangles count="12">
          <input semantic="VERTEX" source="#Krychle_109-mesh-vertices" offset="0"/>
          <input semantic="NORMAL" source="#Krychle_109-mesh-normals" offset="1"/>
          <input semantic="TEXCOORD" source="#Krychle_109-mesh-map-0" offset="2" set="0"/>
          <p>1 0 0 2 0 1 0 0 2 3 1 3 6 1 4 2 1 5 7 2 6 4 2 7 6 2 8 5 3 9 0 3 10 4 3 11 6 4 12 0 4 13 2 4 14 3 5 15 5 5 16 7 5 17 1 0 18 3 0 19 2 0 20 3 1 21 7 1 22 6 1 23 7 2 24 5 2 25 4 2 26 5 3 27 1 3 28 0 3 29 6 4 30 4 4 31 0 4 32 3 5 33 1 5 34 5 5 35</p>
        </triangles>
      </mesh>
    </geometry>
    <geometry id="Krychle_110-mesh" name="Krychle.110">
      <mesh>
        <source id="Krychle_110-mesh-positions">
          <float_array id="Krychle_110-mesh-positions-array" count="24">-1 -1 -1 -1 -1 1 -1 1 -1 -1 1 1 1 -1 -1 1 -1 1 1 1 -1 1 1 1</float_array>
          <technique_common>
            <accessor source="#Krychle_110-mesh-positions-array" count="8" stride="3">
              <param name="X" type="float"/>
              <param name="Y" type="float"/>
              <param name="Z" type="float"/>
            </accessor>
          </technique_common>
        </source>
        <source id="Krychle_110-mesh-normals">
          <float_array id="Krychle_110-mesh-normals-array" count="18">-1 0 0 0 1 0 1 0 0 0 -1 0 0 0 -1 0 0 1</float_array>
          <technique_common>
            <accessor source="#Krychle_110-mesh-normals-array" count="6" stride="3">
              <param name="X" type="float"/>
              <param name="Y" type="float"/>
              <param name="Z" type="float"/>
            </accessor>
          </technique_common>
        </source>
        <source id="Krychle_110-mesh-map-0">
          <float_array id="Krychle_110-mesh-map-0-array" count="72">0.625 0 0.375 0.25 0.375 0 0.625 0.25 0.375 0.5 0.375 0.25 0.625 0.5 0.375 0.75 0.375 0.5 0.625 0.75 0.375 1 0.375 0.75 0.375 0.5 0.125 0.75 0.125 0.5 0.875 0.5 0.625 0.75 0.625 0.5 0.625 0 0.625 0.25 0.375 0.25 0.625 0.25 0.625 0.5 0.375 0.5 0.625 0.5 0.625 0.75 0.375 0.75 0.625 0.75 0.625 1 0.375 1 0.375 0.5 0.375 0.75 0.125 0.75 0.875 0.5 0.875 0.75 0.625 0.75</float_array>
          <technique_common>
            <accessor source="#Krychle_110-mesh-map-0-array" count="36" stride="2">
              <param name="S" type="float"/>
              <param name="T" type="float"/>
            </accessor>
          </technique_common>
        </source>
        <vertices id="Krychle_110-mesh-vertices">
          <input semantic="POSITION" source="#Krychle_110-mesh-positions"/>
        </vertices>
        <triangles count="12">
          <input semantic="VERTEX" source="#Krychle_110-mesh-vertices" offset="0"/>
          <input semantic="NORMAL" source="#Krychle_110-mesh-normals" offset="1"/>
          <input semantic="TEXCOORD" source="#Krychle_110-mesh-map-0" offset="2" set="0"/>
          <p>1 0 0 2 0 1 0 0 2 3 1 3 6 1 4 2 1 5 7 2 6 4 2 7 6 2 8 5 3 9 0 3 10 4 3 11 6 4 12 0 4 13 2 4 14 3 5 15 5 5 16 7 5 17 1 0 18 3 0 19 2 0 20 3 1 21 7 1 22 6 1 23 7 2 24 5 2 25 4 2 26 5 3 27 1 3 28 0 3 29 6 4 30 4 4 31 0 4 32 3 5 33 1 5 34 5 5 35</p>
        </triangles>
      </mesh>
    </geometry>
    <geometry id="Krychle_111-mesh" name="Krychle.111">
      <mesh>
        <source id="Krychle_111-mesh-positions">
          <float_array id="Krychle_111-mesh-positions-array" count="24">-1 -1 -1 -1 -1 1 -1 1 -1 -1 1 1 1 -1 -1 1 -1 1 1 1 -1 1 1 1</float_array>
          <technique_common>
            <accessor source="#Krychle_111-mesh-positions-array" count="8" stride="3">
              <param name="X" type="float"/>
              <param name="Y" type="float"/>
              <param name="Z" type="float"/>
            </accessor>
          </technique_common>
        </source>
        <source id="Krychle_111-mesh-normals">
          <float_array id="Krychle_111-mesh-normals-array" count="18">-1 0 0 0 1 0 1 0 0 0 -1 0 0 0 -1 0 0 1</float_array>
          <technique_common>
            <accessor source="#Krychle_111-mesh-normals-array" count="6" stride="3">
              <param name="X" type="float"/>
              <param name="Y" type="float"/>
              <param name="Z" type="float"/>
            </accessor>
          </technique_common>
        </source>
        <source id="Krychle_111-mesh-map-0">
          <float_array id="Krychle_111-mesh-map-0-array" count="72">0.625 0 0.375 0.25 0.375 0 0.625 0.25 0.375 0.5 0.375 0.25 0.625 0.5 0.375 0.75 0.375 0.5 0.625 0.75 0.375 1 0.375 0.75 0.375 0.5 0.125 0.75 0.125 0.5 0.875 0.5 0.625 0.75 0.625 0.5 0.625 0 0.625 0.25 0.375 0.25 0.625 0.25 0.625 0.5 0.375 0.5 0.625 0.5 0.625 0.75 0.375 0.75 0.625 0.75 0.625 1 0.375 1 0.375 0.5 0.375 0.75 0.125 0.75 0.875 0.5 0.875 0.75 0.625 0.75</float_array>
          <technique_common>
            <accessor source="#Krychle_111-mesh-map-0-array" count="36" stride="2">
              <param name="S" type="float"/>
              <param name="T" type="float"/>
            </accessor>
          </technique_common>
        </source>
        <vertices id="Krychle_111-mesh-vertices">
          <input semantic="POSITION" source="#Krychle_111-mesh-positions"/>
        </vertices>
        <triangles count="12">
          <input semantic="VERTEX" source="#Krychle_111-mesh-vertices" offset="0"/>
          <input semantic="NORMAL" source="#Krychle_111-mesh-normals" offset="1"/>
          <input semantic="TEXCOORD" source="#Krychle_111-mesh-map-0" offset="2" set="0"/>
          <p>1 0 0 2 0 1 0 0 2 3 1 3 6 1 4 2 1 5 7 2 6 4 2 7 6 2 8 5 3 9 0 3 10 4 3 11 6 4 12 0 4 13 2 4 14 3 5 15 5 5 16 7 5 17 1 0 18 3 0 19 2 0 20 3 1 21 7 1 22 6 1 23 7 2 24 5 2 25 4 2 26 5 3 27 1 3 28 0 3 29 6 4 30 4 4 31 0 4 32 3 5 33 1 5 34 5 5 35</p>
        </triangles>
      </mesh>
    </geometry>
    <geometry id="Krychle_112-mesh" name="Krychle.112">
      <mesh>
        <source id="Krychle_112-mesh-positions">
          <float_array id="Krychle_112-mesh-positions-array" count="24">-1 -1 -1 -1 -1 1 -1 1 -1 -1 1 1 1 -1 -1 1 -1 1 1 1 -1 1 1 1</float_array>
          <technique_common>
            <accessor source="#Krychle_112-mesh-positions-array" count="8" stride="3">
              <param name="X" type="float"/>
              <param name="Y" type="float"/>
              <param name="Z" type="float"/>
            </accessor>
          </technique_common>
        </source>
        <source id="Krychle_112-mesh-normals">
          <float_array id="Krychle_112-mesh-normals-array" count="18">-1 0 0 0 1 0 1 0 0 0 -1 0 0 0 -1 0 0 1</float_array>
          <technique_common>
            <accessor source="#Krychle_112-mesh-normals-array" count="6" stride="3">
              <param name="X" type="float"/>
              <param name="Y" type="float"/>
              <param name="Z" type="float"/>
            </accessor>
          </technique_common>
        </source>
        <source id="Krychle_112-mesh-map-0">
          <float_array id="Krychle_112-mesh-map-0-array" count="72">0.625 0 0.375 0.25 0.375 0 0.625 0.25 0.375 0.5 0.375 0.25 0.625 0.5 0.375 0.75 0.375 0.5 0.625 0.75 0.375 1 0.375 0.75 0.375 0.5 0.125 0.75 0.125 0.5 0.875 0.5 0.625 0.75 0.625 0.5 0.625 0 0.625 0.25 0.375 0.25 0.625 0.25 0.625 0.5 0.375 0.5 0.625 0.5 0.625 0.75 0.375 0.75 0.625 0.75 0.625 1 0.375 1 0.375 0.5 0.375 0.75 0.125 0.75 0.875 0.5 0.875 0.75 0.625 0.75</float_array>
          <technique_common>
            <accessor source="#Krychle_112-mesh-map-0-array" count="36" stride="2">
              <param name="S" type="float"/>
              <param name="T" type="float"/>
            </accessor>
          </technique_common>
        </source>
        <vertices id="Krychle_112-mesh-vertices">
          <input semantic="POSITION" source="#Krychle_112-mesh-positions"/>
        </vertices>
        <triangles count="12">
          <input semantic="VERTEX" source="#Krychle_112-mesh-vertices" offset="0"/>
          <input semantic="NORMAL" source="#Krychle_112-mesh-normals" offset="1"/>
          <input semantic="TEXCOORD" source="#Krychle_112-mesh-map-0" offset="2" set="0"/>
          <p>1 0 0 2 0 1 0 0 2 3 1 3 6 1 4 2 1 5 7 2 6 4 2 7 6 2 8 5 3 9 0 3 10 4 3 11 6 4 12 0 4 13 2 4 14 3 5 15 5 5 16 7 5 17 1 0 18 3 0 19 2 0 20 3 1 21 7 1 22 6 1 23 7 2 24 5 2 25 4 2 26 5 3 27 1 3 28 0 3 29 6 4 30 4 4 31 0 4 32 3 5 33 1 5 34 5 5 35</p>
        </triangles>
      </mesh>
    </geometry>
    <geometry id="Krychle_113-mesh" name="Krychle.113">
      <mesh>
        <source id="Krychle_113-mesh-positions">
          <float_array id="Krychle_113-mesh-positions-array" count="24">-1 -1 -1 -1 -1 1 -1 1 -1 -1 1 1 1 -1 -1 1 -1 1 1 1 -1 1 1 1</float_array>
          <technique_common>
            <accessor source="#Krychle_113-mesh-positions-array" count="8" stride="3">
              <param name="X" type="float"/>
              <param name="Y" type="float"/>
              <param name="Z" type="float"/>
            </accessor>
          </technique_common>
        </source>
        <source id="Krychle_113-mesh-normals">
          <float_array id="Krychle_113-mesh-normals-array" count="18">-1 0 0 0 1 0 1 0 0 0 -1 0 0 0 -1 0 0 1</float_array>
          <technique_common>
            <accessor source="#Krychle_113-mesh-normals-array" count="6" stride="3">
              <param name="X" type="float"/>
              <param name="Y" type="float"/>
              <param name="Z" type="float"/>
            </accessor>
          </technique_common>
        </source>
        <source id="Krychle_113-mesh-map-0">
          <float_array id="Krychle_113-mesh-map-0-array" count="72">0.625 0 0.375 0.25 0.375 0 0.625 0.25 0.375 0.5 0.375 0.25 0.625 0.5 0.375 0.75 0.375 0.5 0.625 0.75 0.375 1 0.375 0.75 0.375 0.5 0.125 0.75 0.125 0.5 0.875 0.5 0.625 0.75 0.625 0.5 0.625 0 0.625 0.25 0.375 0.25 0.625 0.25 0.625 0.5 0.375 0.5 0.625 0.5 0.625 0.75 0.375 0.75 0.625 0.75 0.625 1 0.375 1 0.375 0.5 0.375 0.75 0.125 0.75 0.875 0.5 0.875 0.75 0.625 0.75</float_array>
          <technique_common>
            <accessor source="#Krychle_113-mesh-map-0-array" count="36" stride="2">
              <param name="S" type="float"/>
              <param name="T" type="float"/>
            </accessor>
          </technique_common>
        </source>
        <vertices id="Krychle_113-mesh-vertices">
          <input semantic="POSITION" source="#Krychle_113-mesh-positions"/>
        </vertices>
        <triangles count="12">
          <input semantic="VERTEX" source="#Krychle_113-mesh-vertices" offset="0"/>
          <input semantic="NORMAL" source="#Krychle_113-mesh-normals" offset="1"/>
          <input semantic="TEXCOORD" source="#Krychle_113-mesh-map-0" offset="2" set="0"/>
          <p>1 0 0 2 0 1 0 0 2 3 1 3 6 1 4 2 1 5 7 2 6 4 2 7 6 2 8 5 3 9 0 3 10 4 3 11 6 4 12 0 4 13 2 4 14 3 5 15 5 5 16 7 5 17 1 0 18 3 0 19 2 0 20 3 1 21 7 1 22 6 1 23 7 2 24 5 2 25 4 2 26 5 3 27 1 3 28 0 3 29 6 4 30 4 4 31 0 4 32 3 5 33 1 5 34 5 5 35</p>
        </triangles>
      </mesh>
    </geometry>
    <geometry id="Krychle_114-mesh" name="Krychle.114">
      <mesh>
        <source id="Krychle_114-mesh-positions">
          <float_array id="Krychle_114-mesh-positions-array" count="24">-1 -1 -1 -1 -1 1 -1 1 -1 -1 1 1 1 -1 -1 1 -1 1 1 1 -1 1 1 1</float_array>
          <technique_common>
            <accessor source="#Krychle_114-mesh-positions-array" count="8" stride="3">
              <param name="X" type="float"/>
              <param name="Y" type="float"/>
              <param name="Z" type="float"/>
            </accessor>
          </technique_common>
        </source>
        <source id="Krychle_114-mesh-normals">
          <float_array id="Krychle_114-mesh-normals-array" count="18">-1 0 0 0 1 0 1 0 0 0 -1 0 0 0 -1 0 0 1</float_array>
          <technique_common>
            <accessor source="#Krychle_114-mesh-normals-array" count="6" stride="3">
              <param name="X" type="float"/>
              <param name="Y" type="float"/>
              <param name="Z" type="float"/>
            </accessor>
          </technique_common>
        </source>
        <source id="Krychle_114-mesh-map-0">
          <float_array id="Krychle_114-mesh-map-0-array" count="72">0.625 0 0.375 0.25 0.375 0 0.625 0.25 0.375 0.5 0.375 0.25 0.625 0.5 0.375 0.75 0.375 0.5 0.625 0.75 0.375 1 0.375 0.75 0.375 0.5 0.125 0.75 0.125 0.5 0.875 0.5 0.625 0.75 0.625 0.5 0.625 0 0.625 0.25 0.375 0.25 0.625 0.25 0.625 0.5 0.375 0.5 0.625 0.5 0.625 0.75 0.375 0.75 0.625 0.75 0.625 1 0.375 1 0.375 0.5 0.375 0.75 0.125 0.75 0.875 0.5 0.875 0.75 0.625 0.75</float_array>
          <technique_common>
            <accessor source="#Krychle_114-mesh-map-0-array" count="36" stride="2">
              <param name="S" type="float"/>
              <param name="T" type="float"/>
            </accessor>
          </technique_common>
        </source>
        <vertices id="Krychle_114-mesh-vertices">
          <input semantic="POSITION" source="#Krychle_114-mesh-positions"/>
        </vertices>
        <triangles count="12">
          <input semantic="VERTEX" source="#Krychle_114-mesh-vertices" offset="0"/>
          <input semantic="NORMAL" source="#Krychle_114-mesh-normals" offset="1"/>
          <input semantic="TEXCOORD" source="#Krychle_114-mesh-map-0" offset="2" set="0"/>
          <p>1 0 0 2 0 1 0 0 2 3 1 3 6 1 4 2 1 5 7 2 6 4 2 7 6 2 8 5 3 9 0 3 10 4 3 11 6 4 12 0 4 13 2 4 14 3 5 15 5 5 16 7 5 17 1 0 18 3 0 19 2 0 20 3 1 21 7 1 22 6 1 23 7 2 24 5 2 25 4 2 26 5 3 27 1 3 28 0 3 29 6 4 30 4 4 31 0 4 32 3 5 33 1 5 34 5 5 35</p>
        </triangles>
      </mesh>
    </geometry>
    <geometry id="Krychle_115-mesh" name="Krychle.115">
      <mesh>
        <source id="Krychle_115-mesh-positions">
          <float_array id="Krychle_115-mesh-positions-array" count="24">-1 -1 -1 -1 -1 1 -1 1 -1 -1 1 1 1 -1 -1 1 -1 1 1 1 -1 1 1 1</float_array>
          <technique_common>
            <accessor source="#Krychle_115-mesh-positions-array" count="8" stride="3">
              <param name="X" type="float"/>
              <param name="Y" type="float"/>
              <param name="Z" type="float"/>
            </accessor>
          </technique_common>
        </source>
        <source id="Krychle_115-mesh-normals">
          <float_array id="Krychle_115-mesh-normals-array" count="18">-1 0 0 0 1 0 1 0 0 0 -1 0 0 0 -1 0 0 1</float_array>
          <technique_common>
            <accessor source="#Krychle_115-mesh-normals-array" count="6" stride="3">
              <param name="X" type="float"/>
              <param name="Y" type="float"/>
              <param name="Z" type="float"/>
            </accessor>
          </technique_common>
        </source>
        <source id="Krychle_115-mesh-map-0">
          <float_array id="Krychle_115-mesh-map-0-array" count="72">0.625 0 0.375 0.25 0.375 0 0.625 0.25 0.375 0.5 0.375 0.25 0.625 0.5 0.375 0.75 0.375 0.5 0.625 0.75 0.375 1 0.375 0.75 0.375 0.5 0.125 0.75 0.125 0.5 0.875 0.5 0.625 0.75 0.625 0.5 0.625 0 0.625 0.25 0.375 0.25 0.625 0.25 0.625 0.5 0.375 0.5 0.625 0.5 0.625 0.75 0.375 0.75 0.625 0.75 0.625 1 0.375 1 0.375 0.5 0.375 0.75 0.125 0.75 0.875 0.5 0.875 0.75 0.625 0.75</float_array>
          <technique_common>
            <accessor source="#Krychle_115-mesh-map-0-array" count="36" stride="2">
              <param name="S" type="float"/>
              <param name="T" type="float"/>
            </accessor>
          </technique_common>
        </source>
        <vertices id="Krychle_115-mesh-vertices">
          <input semantic="POSITION" source="#Krychle_115-mesh-positions"/>
        </vertices>
        <triangles count="12">
          <input semantic="VERTEX" source="#Krychle_115-mesh-vertices" offset="0"/>
          <input semantic="NORMAL" source="#Krychle_115-mesh-normals" offset="1"/>
          <input semantic="TEXCOORD" source="#Krychle_115-mesh-map-0" offset="2" set="0"/>
          <p>1 0 0 2 0 1 0 0 2 3 1 3 6 1 4 2 1 5 7 2 6 4 2 7 6 2 8 5 3 9 0 3 10 4 3 11 6 4 12 0 4 13 2 4 14 3 5 15 5 5 16 7 5 17 1 0 18 3 0 19 2 0 20 3 1 21 7 1 22 6 1 23 7 2 24 5 2 25 4 2 26 5 3 27 1 3 28 0 3 29 6 4 30 4 4 31 0 4 32 3 5 33 1 5 34 5 5 35</p>
        </triangles>
      </mesh>
    </geometry>
    <geometry id="Krychle_116-mesh" name="Krychle.116">
      <mesh>
        <source id="Krychle_116-mesh-positions">
          <float_array id="Krychle_116-mesh-positions-array" count="24">-1 -1 -1 -1 -1 1 -1 1 -1 -1 1 1 1 -1 -1 1 -1 1 1 1 -1 1 1 1</float_array>
          <technique_common>
            <accessor source="#Krychle_116-mesh-positions-array" count="8" stride="3">
              <param name="X" type="float"/>
              <param name="Y" type="float"/>
              <param name="Z" type="float"/>
            </accessor>
          </technique_common>
        </source>
        <source id="Krychle_116-mesh-normals">
          <float_array id="Krychle_116-mesh-normals-array" count="18">-1 0 0 0 1 0 1 0 0 0 -1 0 0 0 -1 0 0 1</float_array>
          <technique_common>
            <accessor source="#Krychle_116-mesh-normals-array" count="6" stride="3">
              <param name="X" type="float"/>
              <param name="Y" type="float"/>
              <param name="Z" type="float"/>
            </accessor>
          </technique_common>
        </source>
        <source id="Krychle_116-mesh-map-0">
          <float_array id="Krychle_116-mesh-map-0-array" count="72">0.625 0 0.375 0.25 0.375 0 0.625 0.25 0.375 0.5 0.375 0.25 0.625 0.5 0.375 0.75 0.375 0.5 0.625 0.75 0.375 1 0.375 0.75 0.375 0.5 0.125 0.75 0.125 0.5 0.875 0.5 0.625 0.75 0.625 0.5 0.625 0 0.625 0.25 0.375 0.25 0.625 0.25 0.625 0.5 0.375 0.5 0.625 0.5 0.625 0.75 0.375 0.75 0.625 0.75 0.625 1 0.375 1 0.375 0.5 0.375 0.75 0.125 0.75 0.875 0.5 0.875 0.75 0.625 0.75</float_array>
          <technique_common>
            <accessor source="#Krychle_116-mesh-map-0-array" count="36" stride="2">
              <param name="S" type="float"/>
              <param name="T" type="float"/>
            </accessor>
          </technique_common>
        </source>
        <vertices id="Krychle_116-mesh-vertices">
          <input semantic="POSITION" source="#Krychle_116-mesh-positions"/>
        </vertices>
        <triangles count="12">
          <input semantic="VERTEX" source="#Krychle_116-mesh-vertices" offset="0"/>
          <input semantic="NORMAL" source="#Krychle_116-mesh-normals" offset="1"/>
          <input semantic="TEXCOORD" source="#Krychle_116-mesh-map-0" offset="2" set="0"/>
          <p>1 0 0 2 0 1 0 0 2 3 1 3 6 1 4 2 1 5 7 2 6 4 2 7 6 2 8 5 3 9 0 3 10 4 3 11 6 4 12 0 4 13 2 4 14 3 5 15 5 5 16 7 5 17 1 0 18 3 0 19 2 0 20 3 1 21 7 1 22 6 1 23 7 2 24 5 2 25 4 2 26 5 3 27 1 3 28 0 3 29 6 4 30 4 4 31 0 4 32 3 5 33 1 5 34 5 5 35</p>
        </triangles>
      </mesh>
    </geometry>
    <geometry id="Krychle_117-mesh" name="Krychle.117">
      <mesh>
        <source id="Krychle_117-mesh-positions">
          <float_array id="Krychle_117-mesh-positions-array" count="24">-1 -1 -1 -1 -1 1 -1 1 -1 -1 1 1 1 -1 -1 1 -1 1 1 1 -1 1 1 1</float_array>
          <technique_common>
            <accessor source="#Krychle_117-mesh-positions-array" count="8" stride="3">
              <param name="X" type="float"/>
              <param name="Y" type="float"/>
              <param name="Z" type="float"/>
            </accessor>
          </technique_common>
        </source>
        <source id="Krychle_117-mesh-normals">
          <float_array id="Krychle_117-mesh-normals-array" count="18">-1 0 0 0 1 0 1 0 0 0 -1 0 0 0 -1 0 0 1</float_array>
          <technique_common>
            <accessor source="#Krychle_117-mesh-normals-array" count="6" stride="3">
              <param name="X" type="float"/>
              <param name="Y" type="float"/>
              <param name="Z" type="float"/>
            </accessor>
          </technique_common>
        </source>
        <source id="Krychle_117-mesh-map-0">
          <float_array id="Krychle_117-mesh-map-0-array" count="72">0.625 0 0.375 0.25 0.375 0 0.625 0.25 0.375 0.5 0.375 0.25 0.625 0.5 0.375 0.75 0.375 0.5 0.625 0.75 0.375 1 0.375 0.75 0.375 0.5 0.125 0.75 0.125 0.5 0.875 0.5 0.625 0.75 0.625 0.5 0.625 0 0.625 0.25 0.375 0.25 0.625 0.25 0.625 0.5 0.375 0.5 0.625 0.5 0.625 0.75 0.375 0.75 0.625 0.75 0.625 1 0.375 1 0.375 0.5 0.375 0.75 0.125 0.75 0.875 0.5 0.875 0.75 0.625 0.75</float_array>
          <technique_common>
            <accessor source="#Krychle_117-mesh-map-0-array" count="36" stride="2">
              <param name="S" type="float"/>
              <param name="T" type="float"/>
            </accessor>
          </technique_common>
        </source>
        <vertices id="Krychle_117-mesh-vertices">
          <input semantic="POSITION" source="#Krychle_117-mesh-positions"/>
        </vertices>
        <triangles count="12">
          <input semantic="VERTEX" source="#Krychle_117-mesh-vertices" offset="0"/>
          <input semantic="NORMAL" source="#Krychle_117-mesh-normals" offset="1"/>
          <input semantic="TEXCOORD" source="#Krychle_117-mesh-map-0" offset="2" set="0"/>
          <p>1 0 0 2 0 1 0 0 2 3 1 3 6 1 4 2 1 5 7 2 6 4 2 7 6 2 8 5 3 9 0 3 10 4 3 11 6 4 12 0 4 13 2 4 14 3 5 15 5 5 16 7 5 17 1 0 18 3 0 19 2 0 20 3 1 21 7 1 22 6 1 23 7 2 24 5 2 25 4 2 26 5 3 27 1 3 28 0 3 29 6 4 30 4 4 31 0 4 32 3 5 33 1 5 34 5 5 35</p>
        </triangles>
      </mesh>
    </geometry>
    <geometry id="Krychle_118-mesh" name="Krychle.118">
      <mesh>
        <source id="Krychle_118-mesh-positions">
          <float_array id="Krychle_118-mesh-positions-array" count="24">-1 -1 -1 -1 -1 1 -1 1 -1 -1 1 1 1 -1 -1 1 -1 1 1 1 -1 1 1 1</float_array>
          <technique_common>
            <accessor source="#Krychle_118-mesh-positions-array" count="8" stride="3">
              <param name="X" type="float"/>
              <param name="Y" type="float"/>
              <param name="Z" type="float"/>
            </accessor>
          </technique_common>
        </source>
        <source id="Krychle_118-mesh-normals">
          <float_array id="Krychle_118-mesh-normals-array" count="18">-1 0 0 0 1 0 1 0 0 0 -1 0 0 0 -1 0 0 1</float_array>
          <technique_common>
            <accessor source="#Krychle_118-mesh-normals-array" count="6" stride="3">
              <param name="X" type="float"/>
              <param name="Y" type="float"/>
              <param name="Z" type="float"/>
            </accessor>
          </technique_common>
        </source>
        <source id="Krychle_118-mesh-map-0">
          <float_array id="Krychle_118-mesh-map-0-array" count="72">0.625 0 0.375 0.25 0.375 0 0.625 0.25 0.375 0.5 0.375 0.25 0.625 0.5 0.375 0.75 0.375 0.5 0.625 0.75 0.375 1 0.375 0.75 0.375 0.5 0.125 0.75 0.125 0.5 0.875 0.5 0.625 0.75 0.625 0.5 0.625 0 0.625 0.25 0.375 0.25 0.625 0.25 0.625 0.5 0.375 0.5 0.625 0.5 0.625 0.75 0.375 0.75 0.625 0.75 0.625 1 0.375 1 0.375 0.5 0.375 0.75 0.125 0.75 0.875 0.5 0.875 0.75 0.625 0.75</float_array>
          <technique_common>
            <accessor source="#Krychle_118-mesh-map-0-array" count="36" stride="2">
              <param name="S" type="float"/>
              <param name="T" type="float"/>
            </accessor>
          </technique_common>
        </source>
        <vertices id="Krychle_118-mesh-vertices">
          <input semantic="POSITION" source="#Krychle_118-mesh-positions"/>
        </vertices>
        <triangles count="12">
          <input semantic="VERTEX" source="#Krychle_118-mesh-vertices" offset="0"/>
          <input semantic="NORMAL" source="#Krychle_118-mesh-normals" offset="1"/>
          <input semantic="TEXCOORD" source="#Krychle_118-mesh-map-0" offset="2" set="0"/>
          <p>1 0 0 2 0 1 0 0 2 3 1 3 6 1 4 2 1 5 7 2 6 4 2 7 6 2 8 5 3 9 0 3 10 4 3 11 6 4 12 0 4 13 2 4 14 3 5 15 5 5 16 7 5 17 1 0 18 3 0 19 2 0 20 3 1 21 7 1 22 6 1 23 7 2 24 5 2 25 4 2 26 5 3 27 1 3 28 0 3 29 6 4 30 4 4 31 0 4 32 3 5 33 1 5 34 5 5 35</p>
        </triangles>
      </mesh>
    </geometry>
    <geometry id="Krychle_119-mesh" name="Krychle.119">
      <mesh>
        <source id="Krychle_119-mesh-positions">
          <float_array id="Krychle_119-mesh-positions-array" count="24">-1 -1 -1 -1 -1 1 -1 1 -1 -1 1 1 1 -1 -1 1 -1 1 1 1 -1 1 1 1</float_array>
          <technique_common>
            <accessor source="#Krychle_119-mesh-positions-array" count="8" stride="3">
              <param name="X" type="float"/>
              <param name="Y" type="float"/>
              <param name="Z" type="float"/>
            </accessor>
          </technique_common>
        </source>
        <source id="Krychle_119-mesh-normals">
          <float_array id="Krychle_119-mesh-normals-array" count="18">-1 0 0 0 1 0 1 0 0 0 -1 0 0 0 -1 0 0 1</float_array>
          <technique_common>
            <accessor source="#Krychle_119-mesh-normals-array" count="6" stride="3">
              <param name="X" type="float"/>
              <param name="Y" type="float"/>
              <param name="Z" type="float"/>
            </accessor>
          </technique_common>
        </source>
        <source id="Krychle_119-mesh-map-0">
          <float_array id="Krychle_119-mesh-map-0-array" count="72">0.625 0 0.375 0.25 0.375 0 0.625 0.25 0.375 0.5 0.375 0.25 0.625 0.5 0.375 0.75 0.375 0.5 0.625 0.75 0.375 1 0.375 0.75 0.375 0.5 0.125 0.75 0.125 0.5 0.875 0.5 0.625 0.75 0.625 0.5 0.625 0 0.625 0.25 0.375 0.25 0.625 0.25 0.625 0.5 0.375 0.5 0.625 0.5 0.625 0.75 0.375 0.75 0.625 0.75 0.625 1 0.375 1 0.375 0.5 0.375 0.75 0.125 0.75 0.875 0.5 0.875 0.75 0.625 0.75</float_array>
          <technique_common>
            <accessor source="#Krychle_119-mesh-map-0-array" count="36" stride="2">
              <param name="S" type="float"/>
              <param name="T" type="float"/>
            </accessor>
          </technique_common>
        </source>
        <vertices id="Krychle_119-mesh-vertices">
          <input semantic="POSITION" source="#Krychle_119-mesh-positions"/>
        </vertices>
        <triangles count="12">
          <input semantic="VERTEX" source="#Krychle_119-mesh-vertices" offset="0"/>
          <input semantic="NORMAL" source="#Krychle_119-mesh-normals" offset="1"/>
          <input semantic="TEXCOORD" source="#Krychle_119-mesh-map-0" offset="2" set="0"/>
          <p>1 0 0 2 0 1 0 0 2 3 1 3 6 1 4 2 1 5 7 2 6 4 2 7 6 2 8 5 3 9 0 3 10 4 3 11 6 4 12 0 4 13 2 4 14 3 5 15 5 5 16 7 5 17 1 0 18 3 0 19 2 0 20 3 1 21 7 1 22 6 1 23 7 2 24 5 2 25 4 2 26 5 3 27 1 3 28 0 3 29 6 4 30 4 4 31 0 4 32 3 5 33 1 5 34 5 5 35</p>
        </triangles>
      </mesh>
    </geometry>
    <geometry id="Krychle_120-mesh" name="Krychle.120">
      <mesh>
        <source id="Krychle_120-mesh-positions">
          <float_array id="Krychle_120-mesh-positions-array" count="24">-1 -1 -1 -1 -1 1 -1 1 -1 -1 1 1 1 -1 -1 1 -1 1 1 1 -1 1 1 1</float_array>
          <technique_common>
            <accessor source="#Krychle_120-mesh-positions-array" count="8" stride="3">
              <param name="X" type="float"/>
              <param name="Y" type="float"/>
              <param name="Z" type="float"/>
            </accessor>
          </technique_common>
        </source>
        <source id="Krychle_120-mesh-normals">
          <float_array id="Krychle_120-mesh-normals-array" count="18">-1 0 0 0 1 0 1 0 0 0 -1 0 0 0 -1 0 0 1</float_array>
          <technique_common>
            <accessor source="#Krychle_120-mesh-normals-array" count="6" stride="3">
              <param name="X" type="float"/>
              <param name="Y" type="float"/>
              <param name="Z" type="float"/>
            </accessor>
          </technique_common>
        </source>
        <source id="Krychle_120-mesh-map-0">
          <float_array id="Krychle_120-mesh-map-0-array" count="72">0.625 0 0.375 0.25 0.375 0 0.625 0.25 0.375 0.5 0.375 0.25 0.625 0.5 0.375 0.75 0.375 0.5 0.625 0.75 0.375 1 0.375 0.75 0.375 0.5 0.125 0.75 0.125 0.5 0.875 0.5 0.625 0.75 0.625 0.5 0.625 0 0.625 0.25 0.375 0.25 0.625 0.25 0.625 0.5 0.375 0.5 0.625 0.5 0.625 0.75 0.375 0.75 0.625 0.75 0.625 1 0.375 1 0.375 0.5 0.375 0.75 0.125 0.75 0.875 0.5 0.875 0.75 0.625 0.75</float_array>
          <technique_common>
            <accessor source="#Krychle_120-mesh-map-0-array" count="36" stride="2">
              <param name="S" type="float"/>
              <param name="T" type="float"/>
            </accessor>
          </technique_common>
        </source>
        <vertices id="Krychle_120-mesh-vertices">
          <input semantic="POSITION" source="#Krychle_120-mesh-positions"/>
        </vertices>
        <triangles count="12">
          <input semantic="VERTEX" source="#Krychle_120-mesh-vertices" offset="0"/>
          <input semantic="NORMAL" source="#Krychle_120-mesh-normals" offset="1"/>
          <input semantic="TEXCOORD" source="#Krychle_120-mesh-map-0" offset="2" set="0"/>
          <p>1 0 0 2 0 1 0 0 2 3 1 3 6 1 4 2 1 5 7 2 6 4 2 7 6 2 8 5 3 9 0 3 10 4 3 11 6 4 12 0 4 13 2 4 14 3 5 15 5 5 16 7 5 17 1 0 18 3 0 19 2 0 20 3 1 21 7 1 22 6 1 23 7 2 24 5 2 25 4 2 26 5 3 27 1 3 28 0 3 29 6 4 30 4 4 31 0 4 32 3 5 33 1 5 34 5 5 35</p>
        </triangles>
      </mesh>
    </geometry>
    <geometry id="Krychle_121-mesh" name="Krychle.121">
      <mesh>
        <source id="Krychle_121-mesh-positions">
          <float_array id="Krychle_121-mesh-positions-array" count="24">-1 -1 -1 -1 -1 1 -1 1 -1 -1 1 1 1 -1 -1 1 -1 1 1 1 -1 1 1 1</float_array>
          <technique_common>
            <accessor source="#Krychle_121-mesh-positions-array" count="8" stride="3">
              <param name="X" type="float"/>
              <param name="Y" type="float"/>
              <param name="Z" type="float"/>
            </accessor>
          </technique_common>
        </source>
        <source id="Krychle_121-mesh-normals">
          <float_array id="Krychle_121-mesh-normals-array" count="18">-1 0 0 0 1 0 1 0 0 0 -1 0 0 0 -1 0 0 1</float_array>
          <technique_common>
            <accessor source="#Krychle_121-mesh-normals-array" count="6" stride="3">
              <param name="X" type="float"/>
              <param name="Y" type="float"/>
              <param name="Z" type="float"/>
            </accessor>
          </technique_common>
        </source>
        <source id="Krychle_121-mesh-map-0">
          <float_array id="Krychle_121-mesh-map-0-array" count="72">0.625 0 0.375 0.25 0.375 0 0.625 0.25 0.375 0.5 0.375 0.25 0.625 0.5 0.375 0.75 0.375 0.5 0.625 0.75 0.375 1 0.375 0.75 0.375 0.5 0.125 0.75 0.125 0.5 0.875 0.5 0.625 0.75 0.625 0.5 0.625 0 0.625 0.25 0.375 0.25 0.625 0.25 0.625 0.5 0.375 0.5 0.625 0.5 0.625 0.75 0.375 0.75 0.625 0.75 0.625 1 0.375 1 0.375 0.5 0.375 0.75 0.125 0.75 0.875 0.5 0.875 0.75 0.625 0.75</float_array>
          <technique_common>
            <accessor source="#Krychle_121-mesh-map-0-array" count="36" stride="2">
              <param name="S" type="float"/>
              <param name="T" type="float"/>
            </accessor>
          </technique_common>
        </source>
        <vertices id="Krychle_121-mesh-vertices">
          <input semantic="POSITION" source="#Krychle_121-mesh-positions"/>
        </vertices>
        <triangles count="12">
          <input semantic="VERTEX" source="#Krychle_121-mesh-vertices" offset="0"/>
          <input semantic="NORMAL" source="#Krychle_121-mesh-normals" offset="1"/>
          <input semantic="TEXCOORD" source="#Krychle_121-mesh-map-0" offset="2" set="0"/>
          <p>1 0 0 2 0 1 0 0 2 3 1 3 6 1 4 2 1 5 7 2 6 4 2 7 6 2 8 5 3 9 0 3 10 4 3 11 6 4 12 0 4 13 2 4 14 3 5 15 5 5 16 7 5 17 1 0 18 3 0 19 2 0 20 3 1 21 7 1 22 6 1 23 7 2 24 5 2 25 4 2 26 5 3 27 1 3 28 0 3 29 6 4 30 4 4 31 0 4 32 3 5 33 1 5 34 5 5 35</p>
        </triangles>
      </mesh>
    </geometry>
    <geometry id="Krychle_047-mesh" name="Krychle.047">
      <mesh>
        <source id="Krychle_047-mesh-positions">
          <float_array id="Krychle_047-mesh-positions-array" count="24">-1 -1 -1 -1 -1 1 -1 1 -1 -1 1 1 1 -1 -1 1 -1 1 1 1 -1 1 1 1</float_array>
          <technique_common>
            <accessor source="#Krychle_047-mesh-positions-array" count="8" stride="3">
              <param name="X" type="float"/>
              <param name="Y" type="float"/>
              <param name="Z" type="float"/>
            </accessor>
          </technique_common>
        </source>
        <source id="Krychle_047-mesh-normals">
          <float_array id="Krychle_047-mesh-normals-array" count="18">-1 0 0 0 1 0 1 0 0 0 -1 0 0 0 -1 0 0 1</float_array>
          <technique_common>
            <accessor source="#Krychle_047-mesh-normals-array" count="6" stride="3">
              <param name="X" type="float"/>
              <param name="Y" type="float"/>
              <param name="Z" type="float"/>
            </accessor>
          </technique_common>
        </source>
        <source id="Krychle_047-mesh-map-0">
          <float_array id="Krychle_047-mesh-map-0-array" count="72">0.625 0 0.375 0.25 0.375 0 0.625 0.25 0.375 0.5 0.375 0.25 0.625 0.5 0.375 0.75 0.375 0.5 0.625 0.75 0.375 1 0.375 0.75 0.375 0.5 0.125 0.75 0.125 0.5 0.875 0.5 0.625 0.75 0.625 0.5 0.625 0 0.625 0.25 0.375 0.25 0.625 0.25 0.625 0.5 0.375 0.5 0.625 0.5 0.625 0.75 0.375 0.75 0.625 0.75 0.625 1 0.375 1 0.375 0.5 0.375 0.75 0.125 0.75 0.875 0.5 0.875 0.75 0.625 0.75</float_array>
          <technique_common>
            <accessor source="#Krychle_047-mesh-map-0-array" count="36" stride="2">
              <param name="S" type="float"/>
              <param name="T" type="float"/>
            </accessor>
          </technique_common>
        </source>
        <vertices id="Krychle_047-mesh-vertices">
          <input semantic="POSITION" source="#Krychle_047-mesh-positions"/>
        </vertices>
        <triangles count="12">
          <input semantic="VERTEX" source="#Krychle_047-mesh-vertices" offset="0"/>
          <input semantic="NORMAL" source="#Krychle_047-mesh-normals" offset="1"/>
          <input semantic="TEXCOORD" source="#Krychle_047-mesh-map-0" offset="2" set="0"/>
          <p>1 0 0 2 0 1 0 0 2 3 1 3 6 1 4 2 1 5 7 2 6 4 2 7 6 2 8 5 3 9 0 3 10 4 3 11 6 4 12 0 4 13 2 4 14 3 5 15 5 5 16 7 5 17 1 0 18 3 0 19 2 0 20 3 1 21 7 1 22 6 1 23 7 2 24 5 2 25 4 2 26 5 3 27 1 3 28 0 3 29 6 4 30 4 4 31 0 4 32 3 5 33 1 5 34 5 5 35</p>
        </triangles>
      </mesh>
    </geometry>
    <geometry id="Krychle_046-mesh" name="Krychle.046">
      <mesh>
        <source id="Krychle_046-mesh-positions">
          <float_array id="Krychle_046-mesh-positions-array" count="24">-1 -1 -1 -1 -1 1 -1 1 -1 -1 1 1 1 -1 -1 1 -1 1 1 1 -1 1 1 1</float_array>
          <technique_common>
            <accessor source="#Krychle_046-mesh-positions-array" count="8" stride="3">
              <param name="X" type="float"/>
              <param name="Y" type="float"/>
              <param name="Z" type="float"/>
            </accessor>
          </technique_common>
        </source>
        <source id="Krychle_046-mesh-normals">
          <float_array id="Krychle_046-mesh-normals-array" count="18">-1 0 0 0 1 0 1 0 0 0 -1 0 0 0 -1 0 0 1</float_array>
          <technique_common>
            <accessor source="#Krychle_046-mesh-normals-array" count="6" stride="3">
              <param name="X" type="float"/>
              <param name="Y" type="float"/>
              <param name="Z" type="float"/>
            </accessor>
          </technique_common>
        </source>
        <source id="Krychle_046-mesh-map-0">
          <float_array id="Krychle_046-mesh-map-0-array" count="72">0.625 0 0.375 0.25 0.375 0 0.625 0.25 0.375 0.5 0.375 0.25 0.625 0.5 0.375 0.75 0.375 0.5 0.625 0.75 0.375 1 0.375 0.75 0.375 0.5 0.125 0.75 0.125 0.5 0.875 0.5 0.625 0.75 0.625 0.5 0.625 0 0.625 0.25 0.375 0.25 0.625 0.25 0.625 0.5 0.375 0.5 0.625 0.5 0.625 0.75 0.375 0.75 0.625 0.75 0.625 1 0.375 1 0.375 0.5 0.375 0.75 0.125 0.75 0.875 0.5 0.875 0.75 0.625 0.75</float_array>
          <technique_common>
            <accessor source="#Krychle_046-mesh-map-0-array" count="36" stride="2">
              <param name="S" type="float"/>
              <param name="T" type="float"/>
            </accessor>
          </technique_common>
        </source>
        <vertices id="Krychle_046-mesh-vertices">
          <input semantic="POSITION" source="#Krychle_046-mesh-positions"/>
        </vertices>
        <triangles count="12">
          <input semantic="VERTEX" source="#Krychle_046-mesh-vertices" offset="0"/>
          <input semantic="NORMAL" source="#Krychle_046-mesh-normals" offset="1"/>
          <input semantic="TEXCOORD" source="#Krychle_046-mesh-map-0" offset="2" set="0"/>
          <p>1 0 0 2 0 1 0 0 2 3 1 3 6 1 4 2 1 5 7 2 6 4 2 7 6 2 8 5 3 9 0 3 10 4 3 11 6 4 12 0 4 13 2 4 14 3 5 15 5 5 16 7 5 17 1 0 18 3 0 19 2 0 20 3 1 21 7 1 22 6 1 23 7 2 24 5 2 25 4 2 26 5 3 27 1 3 28 0 3 29 6 4 30 4 4 31 0 4 32 3 5 33 1 5 34 5 5 35</p>
        </triangles>
      </mesh>
    </geometry>
    <geometry id="Krychle_045-mesh" name="Krychle.045">
      <mesh>
        <source id="Krychle_045-mesh-positions">
          <float_array id="Krychle_045-mesh-positions-array" count="24">-1 -1 -1 -1 -1 1 -1 1 -1 -1 1 1 1 -1 -1 1 -1 1 1 1 -1 1 1 1</float_array>
          <technique_common>
            <accessor source="#Krychle_045-mesh-positions-array" count="8" stride="3">
              <param name="X" type="float"/>
              <param name="Y" type="float"/>
              <param name="Z" type="float"/>
            </accessor>
          </technique_common>
        </source>
        <source id="Krychle_045-mesh-normals">
          <float_array id="Krychle_045-mesh-normals-array" count="18">-1 0 0 0 1 0 1 0 0 0 -1 0 0 0 -1 0 0 1</float_array>
          <technique_common>
            <accessor source="#Krychle_045-mesh-normals-array" count="6" stride="3">
              <param name="X" type="float"/>
              <param name="Y" type="float"/>
              <param name="Z" type="float"/>
            </accessor>
          </technique_common>
        </source>
        <source id="Krychle_045-mesh-map-0">
          <float_array id="Krychle_045-mesh-map-0-array" count="72">0.625 0 0.375 0.25 0.375 0 0.625 0.25 0.375 0.5 0.375 0.25 0.625 0.5 0.375 0.75 0.375 0.5 0.625 0.75 0.375 1 0.375 0.75 0.375 0.5 0.125 0.75 0.125 0.5 0.875 0.5 0.625 0.75 0.625 0.5 0.625 0 0.625 0.25 0.375 0.25 0.625 0.25 0.625 0.5 0.375 0.5 0.625 0.5 0.625 0.75 0.375 0.75 0.625 0.75 0.625 1 0.375 1 0.375 0.5 0.375 0.75 0.125 0.75 0.875 0.5 0.875 0.75 0.625 0.75</float_array>
          <technique_common>
            <accessor source="#Krychle_045-mesh-map-0-array" count="36" stride="2">
              <param name="S" type="float"/>
              <param name="T" type="float"/>
            </accessor>
          </technique_common>
        </source>
        <vertices id="Krychle_045-mesh-vertices">
          <input semantic="POSITION" source="#Krychle_045-mesh-positions"/>
        </vertices>
        <triangles count="12">
          <input semantic="VERTEX" source="#Krychle_045-mesh-vertices" offset="0"/>
          <input semantic="NORMAL" source="#Krychle_045-mesh-normals" offset="1"/>
          <input semantic="TEXCOORD" source="#Krychle_045-mesh-map-0" offset="2" set="0"/>
          <p>1 0 0 2 0 1 0 0 2 3 1 3 6 1 4 2 1 5 7 2 6 4 2 7 6 2 8 5 3 9 0 3 10 4 3 11 6 4 12 0 4 13 2 4 14 3 5 15 5 5 16 7 5 17 1 0 18 3 0 19 2 0 20 3 1 21 7 1 22 6 1 23 7 2 24 5 2 25 4 2 26 5 3 27 1 3 28 0 3 29 6 4 30 4 4 31 0 4 32 3 5 33 1 5 34 5 5 35</p>
        </triangles>
      </mesh>
    </geometry>
    <geometry id="Krychle_044-mesh" name="Krychle.044">
      <mesh>
        <source id="Krychle_044-mesh-positions">
          <float_array id="Krychle_044-mesh-positions-array" count="24">-1 -1 -1 -1 -1 1 -1 1 -1 -1 1 1 1 -1 -1 1 -1 1 1 1 -1 1 1 1</float_array>
          <technique_common>
            <accessor source="#Krychle_044-mesh-positions-array" count="8" stride="3">
              <param name="X" type="float"/>
              <param name="Y" type="float"/>
              <param name="Z" type="float"/>
            </accessor>
          </technique_common>
        </source>
        <source id="Krychle_044-mesh-normals">
          <float_array id="Krychle_044-mesh-normals-array" count="18">-1 0 0 0 1 0 1 0 0 0 -1 0 0 0 -1 0 0 1</float_array>
          <technique_common>
            <accessor source="#Krychle_044-mesh-normals-array" count="6" stride="3">
              <param name="X" type="float"/>
              <param name="Y" type="float"/>
              <param name="Z" type="float"/>
            </accessor>
          </technique_common>
        </source>
        <source id="Krychle_044-mesh-map-0">
          <float_array id="Krychle_044-mesh-map-0-array" count="72">0.625 0 0.375 0.25 0.375 0 0.625 0.25 0.375 0.5 0.375 0.25 0.625 0.5 0.375 0.75 0.375 0.5 0.625 0.75 0.375 1 0.375 0.75 0.375 0.5 0.125 0.75 0.125 0.5 0.875 0.5 0.625 0.75 0.625 0.5 0.625 0 0.625 0.25 0.375 0.25 0.625 0.25 0.625 0.5 0.375 0.5 0.625 0.5 0.625 0.75 0.375 0.75 0.625 0.75 0.625 1 0.375 1 0.375 0.5 0.375 0.75 0.125 0.75 0.875 0.5 0.875 0.75 0.625 0.75</float_array>
          <technique_common>
            <accessor source="#Krychle_044-mesh-map-0-array" count="36" stride="2">
              <param name="S" type="float"/>
              <param name="T" type="float"/>
            </accessor>
          </technique_common>
        </source>
        <vertices id="Krychle_044-mesh-vertices">
          <input semantic="POSITION" source="#Krychle_044-mesh-positions"/>
        </vertices>
        <triangles count="12">
          <input semantic="VERTEX" source="#Krychle_044-mesh-vertices" offset="0"/>
          <input semantic="NORMAL" source="#Krychle_044-mesh-normals" offset="1"/>
          <input semantic="TEXCOORD" source="#Krychle_044-mesh-map-0" offset="2" set="0"/>
          <p>1 0 0 2 0 1 0 0 2 3 1 3 6 1 4 2 1 5 7 2 6 4 2 7 6 2 8 5 3 9 0 3 10 4 3 11 6 4 12 0 4 13 2 4 14 3 5 15 5 5 16 7 5 17 1 0 18 3 0 19 2 0 20 3 1 21 7 1 22 6 1 23 7 2 24 5 2 25 4 2 26 5 3 27 1 3 28 0 3 29 6 4 30 4 4 31 0 4 32 3 5 33 1 5 34 5 5 35</p>
        </triangles>
      </mesh>
    </geometry>
    <geometry id="Krychle_043-mesh" name="Krychle.043">
      <mesh>
        <source id="Krychle_043-mesh-positions">
          <float_array id="Krychle_043-mesh-positions-array" count="24">-1 -1 -1 -1 -1 1 -1 1 -1 -1 1 1 1 -1 -1 1 -1 1 1 1 -1 1 1 1</float_array>
          <technique_common>
            <accessor source="#Krychle_043-mesh-positions-array" count="8" stride="3">
              <param name="X" type="float"/>
              <param name="Y" type="float"/>
              <param name="Z" type="float"/>
            </accessor>
          </technique_common>
        </source>
        <source id="Krychle_043-mesh-normals">
          <float_array id="Krychle_043-mesh-normals-array" count="18">-1 0 0 0 1 0 1 0 0 0 -1 0 0 0 -1 0 0 1</float_array>
          <technique_common>
            <accessor source="#Krychle_043-mesh-normals-array" count="6" stride="3">
              <param name="X" type="float"/>
              <param name="Y" type="float"/>
              <param name="Z" type="float"/>
            </accessor>
          </technique_common>
        </source>
        <source id="Krychle_043-mesh-map-0">
          <float_array id="Krychle_043-mesh-map-0-array" count="72">0.625 0 0.375 0.25 0.375 0 0.625 0.25 0.375 0.5 0.375 0.25 0.625 0.5 0.375 0.75 0.375 0.5 0.625 0.75 0.375 1 0.375 0.75 0.375 0.5 0.125 0.75 0.125 0.5 0.875 0.5 0.625 0.75 0.625 0.5 0.625 0 0.625 0.25 0.375 0.25 0.625 0.25 0.625 0.5 0.375 0.5 0.625 0.5 0.625 0.75 0.375 0.75 0.625 0.75 0.625 1 0.375 1 0.375 0.5 0.375 0.75 0.125 0.75 0.875 0.5 0.875 0.75 0.625 0.75</float_array>
          <technique_common>
            <accessor source="#Krychle_043-mesh-map-0-array" count="36" stride="2">
              <param name="S" type="float"/>
              <param name="T" type="float"/>
            </accessor>
          </technique_common>
        </source>
        <vertices id="Krychle_043-mesh-vertices">
          <input semantic="POSITION" source="#Krychle_043-mesh-positions"/>
        </vertices>
        <triangles count="12">
          <input semantic="VERTEX" source="#Krychle_043-mesh-vertices" offset="0"/>
          <input semantic="NORMAL" source="#Krychle_043-mesh-normals" offset="1"/>
          <input semantic="TEXCOORD" source="#Krychle_043-mesh-map-0" offset="2" set="0"/>
          <p>1 0 0 2 0 1 0 0 2 3 1 3 6 1 4 2 1 5 7 2 6 4 2 7 6 2 8 5 3 9 0 3 10 4 3 11 6 4 12 0 4 13 2 4 14 3 5 15 5 5 16 7 5 17 1 0 18 3 0 19 2 0 20 3 1 21 7 1 22 6 1 23 7 2 24 5 2 25 4 2 26 5 3 27 1 3 28 0 3 29 6 4 30 4 4 31 0 4 32 3 5 33 1 5 34 5 5 35</p>
        </triangles>
      </mesh>
    </geometry>
    <geometry id="Krychle_042-mesh" name="Krychle.042">
      <mesh>
        <source id="Krychle_042-mesh-positions">
          <float_array id="Krychle_042-mesh-positions-array" count="24">-1 -1 -1 -1 -1 1 -1 1 -1 -1 1 1 1 -1 -1 1 -1 1 1 1 -1 1 1 1</float_array>
          <technique_common>
            <accessor source="#Krychle_042-mesh-positions-array" count="8" stride="3">
              <param name="X" type="float"/>
              <param name="Y" type="float"/>
              <param name="Z" type="float"/>
            </accessor>
          </technique_common>
        </source>
        <source id="Krychle_042-mesh-normals">
          <float_array id="Krychle_042-mesh-normals-array" count="18">-1 0 0 0 1 0 1 0 0 0 -1 0 0 0 -1 0 0 1</float_array>
          <technique_common>
            <accessor source="#Krychle_042-mesh-normals-array" count="6" stride="3">
              <param name="X" type="float"/>
              <param name="Y" type="float"/>
              <param name="Z" type="float"/>
            </accessor>
          </technique_common>
        </source>
        <source id="Krychle_042-mesh-map-0">
          <float_array id="Krychle_042-mesh-map-0-array" count="72">0.625 0 0.375 0.25 0.375 0 0.625 0.25 0.375 0.5 0.375 0.25 0.625 0.5 0.375 0.75 0.375 0.5 0.625 0.75 0.375 1 0.375 0.75 0.375 0.5 0.125 0.75 0.125 0.5 0.875 0.5 0.625 0.75 0.625 0.5 0.625 0 0.625 0.25 0.375 0.25 0.625 0.25 0.625 0.5 0.375 0.5 0.625 0.5 0.625 0.75 0.375 0.75 0.625 0.75 0.625 1 0.375 1 0.375 0.5 0.375 0.75 0.125 0.75 0.875 0.5 0.875 0.75 0.625 0.75</float_array>
          <technique_common>
            <accessor source="#Krychle_042-mesh-map-0-array" count="36" stride="2">
              <param name="S" type="float"/>
              <param name="T" type="float"/>
            </accessor>
          </technique_common>
        </source>
        <vertices id="Krychle_042-mesh-vertices">
          <input semantic="POSITION" source="#Krychle_042-mesh-positions"/>
        </vertices>
        <triangles count="12">
          <input semantic="VERTEX" source="#Krychle_042-mesh-vertices" offset="0"/>
          <input semantic="NORMAL" source="#Krychle_042-mesh-normals" offset="1"/>
          <input semantic="TEXCOORD" source="#Krychle_042-mesh-map-0" offset="2" set="0"/>
          <p>1 0 0 2 0 1 0 0 2 3 1 3 6 1 4 2 1 5 7 2 6 4 2 7 6 2 8 5 3 9 0 3 10 4 3 11 6 4 12 0 4 13 2 4 14 3 5 15 5 5 16 7 5 17 1 0 18 3 0 19 2 0 20 3 1 21 7 1 22 6 1 23 7 2 24 5 2 25 4 2 26 5 3 27 1 3 28 0 3 29 6 4 30 4 4 31 0 4 32 3 5 33 1 5 34 5 5 35</p>
        </triangles>
      </mesh>
    </geometry>
    <geometry id="Krychle_041-mesh" name="Krychle.041">
      <mesh>
        <source id="Krychle_041-mesh-positions">
          <float_array id="Krychle_041-mesh-positions-array" count="24">-1 -1 -1 -1 -1 1 -1 1 -1 -1 1 1 1 -1 -1 1 -1 1 1 1 -1 1 1 1</float_array>
          <technique_common>
            <accessor source="#Krychle_041-mesh-positions-array" count="8" stride="3">
              <param name="X" type="float"/>
              <param name="Y" type="float"/>
              <param name="Z" type="float"/>
            </accessor>
          </technique_common>
        </source>
        <source id="Krychle_041-mesh-normals">
          <float_array id="Krychle_041-mesh-normals-array" count="18">-1 0 0 0 1 0 1 0 0 0 -1 0 0 0 -1 0 0 1</float_array>
          <technique_common>
            <accessor source="#Krychle_041-mesh-normals-array" count="6" stride="3">
              <param name="X" type="float"/>
              <param name="Y" type="float"/>
              <param name="Z" type="float"/>
            </accessor>
          </technique_common>
        </source>
        <source id="Krychle_041-mesh-map-0">
          <float_array id="Krychle_041-mesh-map-0-array" count="72">0.625 0 0.375 0.25 0.375 0 0.625 0.25 0.375 0.5 0.375 0.25 0.625 0.5 0.375 0.75 0.375 0.5 0.625 0.75 0.375 1 0.375 0.75 0.375 0.5 0.125 0.75 0.125 0.5 0.875 0.5 0.625 0.75 0.625 0.5 0.625 0 0.625 0.25 0.375 0.25 0.625 0.25 0.625 0.5 0.375 0.5 0.625 0.5 0.625 0.75 0.375 0.75 0.625 0.75 0.625 1 0.375 1 0.375 0.5 0.375 0.75 0.125 0.75 0.875 0.5 0.875 0.75 0.625 0.75</float_array>
          <technique_common>
            <accessor source="#Krychle_041-mesh-map-0-array" count="36" stride="2">
              <param name="S" type="float"/>
              <param name="T" type="float"/>
            </accessor>
          </technique_common>
        </source>
        <vertices id="Krychle_041-mesh-vertices">
          <input semantic="POSITION" source="#Krychle_041-mesh-positions"/>
        </vertices>
        <triangles count="12">
          <input semantic="VERTEX" source="#Krychle_041-mesh-vertices" offset="0"/>
          <input semantic="NORMAL" source="#Krychle_041-mesh-normals" offset="1"/>
          <input semantic="TEXCOORD" source="#Krychle_041-mesh-map-0" offset="2" set="0"/>
          <p>1 0 0 2 0 1 0 0 2 3 1 3 6 1 4 2 1 5 7 2 6 4 2 7 6 2 8 5 3 9 0 3 10 4 3 11 6 4 12 0 4 13 2 4 14 3 5 15 5 5 16 7 5 17 1 0 18 3 0 19 2 0 20 3 1 21 7 1 22 6 1 23 7 2 24 5 2 25 4 2 26 5 3 27 1 3 28 0 3 29 6 4 30 4 4 31 0 4 32 3 5 33 1 5 34 5 5 35</p>
        </triangles>
      </mesh>
    </geometry>
    <geometry id="Krychle_040-mesh" name="Krychle.040">
      <mesh>
        <source id="Krychle_040-mesh-positions">
          <float_array id="Krychle_040-mesh-positions-array" count="24">-1 -1 -1 -1 -1 1 -1 1 -1 -1 1 1 1 -1 -1 1 -1 1 1 1 -1 1 1 1</float_array>
          <technique_common>
            <accessor source="#Krychle_040-mesh-positions-array" count="8" stride="3">
              <param name="X" type="float"/>
              <param name="Y" type="float"/>
              <param name="Z" type="float"/>
            </accessor>
          </technique_common>
        </source>
        <source id="Krychle_040-mesh-normals">
          <float_array id="Krychle_040-mesh-normals-array" count="18">-1 0 0 0 1 0 1 0 0 0 -1 0 0 0 -1 0 0 1</float_array>
          <technique_common>
            <accessor source="#Krychle_040-mesh-normals-array" count="6" stride="3">
              <param name="X" type="float"/>
              <param name="Y" type="float"/>
              <param name="Z" type="float"/>
            </accessor>
          </technique_common>
        </source>
        <source id="Krychle_040-mesh-map-0">
          <float_array id="Krychle_040-mesh-map-0-array" count="72">0.625 0 0.375 0.25 0.375 0 0.625 0.25 0.375 0.5 0.375 0.25 0.625 0.5 0.375 0.75 0.375 0.5 0.625 0.75 0.375 1 0.375 0.75 0.375 0.5 0.125 0.75 0.125 0.5 0.875 0.5 0.625 0.75 0.625 0.5 0.625 0 0.625 0.25 0.375 0.25 0.625 0.25 0.625 0.5 0.375 0.5 0.625 0.5 0.625 0.75 0.375 0.75 0.625 0.75 0.625 1 0.375 1 0.375 0.5 0.375 0.75 0.125 0.75 0.875 0.5 0.875 0.75 0.625 0.75</float_array>
          <technique_common>
            <accessor source="#Krychle_040-mesh-map-0-array" count="36" stride="2">
              <param name="S" type="float"/>
              <param name="T" type="float"/>
            </accessor>
          </technique_common>
        </source>
        <vertices id="Krychle_040-mesh-vertices">
          <input semantic="POSITION" source="#Krychle_040-mesh-positions"/>
        </vertices>
        <triangles count="12">
          <input semantic="VERTEX" source="#Krychle_040-mesh-vertices" offset="0"/>
          <input semantic="NORMAL" source="#Krychle_040-mesh-normals" offset="1"/>
          <input semantic="TEXCOORD" source="#Krychle_040-mesh-map-0" offset="2" set="0"/>
          <p>1 0 0 2 0 1 0 0 2 3 1 3 6 1 4 2 1 5 7 2 6 4 2 7 6 2 8 5 3 9 0 3 10 4 3 11 6 4 12 0 4 13 2 4 14 3 5 15 5 5 16 7 5 17 1 0 18 3 0 19 2 0 20 3 1 21 7 1 22 6 1 23 7 2 24 5 2 25 4 2 26 5 3 27 1 3 28 0 3 29 6 4 30 4 4 31 0 4 32 3 5 33 1 5 34 5 5 35</p>
        </triangles>
      </mesh>
    </geometry>
    <geometry id="Krychle_039-mesh" name="Krychle.039">
      <mesh>
        <source id="Krychle_039-mesh-positions">
          <float_array id="Krychle_039-mesh-positions-array" count="24">-1 -1 -1 -1 -1 1 -1 1 -1 -1 1 1 1 -1 -1 1 -1 1 1 1 -1 1 1 1</float_array>
          <technique_common>
            <accessor source="#Krychle_039-mesh-positions-array" count="8" stride="3">
              <param name="X" type="float"/>
              <param name="Y" type="float"/>
              <param name="Z" type="float"/>
            </accessor>
          </technique_common>
        </source>
        <source id="Krychle_039-mesh-normals">
          <float_array id="Krychle_039-mesh-normals-array" count="18">-1 0 0 0 1 0 1 0 0 0 -1 0 0 0 -1 0 0 1</float_array>
          <technique_common>
            <accessor source="#Krychle_039-mesh-normals-array" count="6" stride="3">
              <param name="X" type="float"/>
              <param name="Y" type="float"/>
              <param name="Z" type="float"/>
            </accessor>
          </technique_common>
        </source>
        <source id="Krychle_039-mesh-map-0">
          <float_array id="Krychle_039-mesh-map-0-array" count="72">0.625 0 0.375 0.25 0.375 0 0.625 0.25 0.375 0.5 0.375 0.25 0.625 0.5 0.375 0.75 0.375 0.5 0.625 0.75 0.375 1 0.375 0.75 0.375 0.5 0.125 0.75 0.125 0.5 0.875 0.5 0.625 0.75 0.625 0.5 0.625 0 0.625 0.25 0.375 0.25 0.625 0.25 0.625 0.5 0.375 0.5 0.625 0.5 0.625 0.75 0.375 0.75 0.625 0.75 0.625 1 0.375 1 0.375 0.5 0.375 0.75 0.125 0.75 0.875 0.5 0.875 0.75 0.625 0.75</float_array>
          <technique_common>
            <accessor source="#Krychle_039-mesh-map-0-array" count="36" stride="2">
              <param name="S" type="float"/>
              <param name="T" type="float"/>
            </accessor>
          </technique_common>
        </source>
        <vertices id="Krychle_039-mesh-vertices">
          <input semantic="POSITION" source="#Krychle_039-mesh-positions"/>
        </vertices>
        <triangles count="12">
          <input semantic="VERTEX" source="#Krychle_039-mesh-vertices" offset="0"/>
          <input semantic="NORMAL" source="#Krychle_039-mesh-normals" offset="1"/>
          <input semantic="TEXCOORD" source="#Krychle_039-mesh-map-0" offset="2" set="0"/>
          <p>1 0 0 2 0 1 0 0 2 3 1 3 6 1 4 2 1 5 7 2 6 4 2 7 6 2 8 5 3 9 0 3 10 4 3 11 6 4 12 0 4 13 2 4 14 3 5 15 5 5 16 7 5 17 1 0 18 3 0 19 2 0 20 3 1 21 7 1 22 6 1 23 7 2 24 5 2 25 4 2 26 5 3 27 1 3 28 0 3 29 6 4 30 4 4 31 0 4 32 3 5 33 1 5 34 5 5 35</p>
        </triangles>
      </mesh>
    </geometry>
    <geometry id="Krychle_038-mesh" name="Krychle.038">
      <mesh>
        <source id="Krychle_038-mesh-positions">
          <float_array id="Krychle_038-mesh-positions-array" count="24">-1 -1 -1 -1 -1 1 -1 1 -1 -1 1 1 1 -1 -1 1 -1 1 1 1 -1 1 1 1</float_array>
          <technique_common>
            <accessor source="#Krychle_038-mesh-positions-array" count="8" stride="3">
              <param name="X" type="float"/>
              <param name="Y" type="float"/>
              <param name="Z" type="float"/>
            </accessor>
          </technique_common>
        </source>
        <source id="Krychle_038-mesh-normals">
          <float_array id="Krychle_038-mesh-normals-array" count="18">-1 0 0 0 1 0 1 0 0 0 -1 0 0 0 -1 0 0 1</float_array>
          <technique_common>
            <accessor source="#Krychle_038-mesh-normals-array" count="6" stride="3">
              <param name="X" type="float"/>
              <param name="Y" type="float"/>
              <param name="Z" type="float"/>
            </accessor>
          </technique_common>
        </source>
        <source id="Krychle_038-mesh-map-0">
          <float_array id="Krychle_038-mesh-map-0-array" count="72">0.625 0 0.375 0.25 0.375 0 0.625 0.25 0.375 0.5 0.375 0.25 0.625 0.5 0.375 0.75 0.375 0.5 0.625 0.75 0.375 1 0.375 0.75 0.375 0.5 0.125 0.75 0.125 0.5 0.875 0.5 0.625 0.75 0.625 0.5 0.625 0 0.625 0.25 0.375 0.25 0.625 0.25 0.625 0.5 0.375 0.5 0.625 0.5 0.625 0.75 0.375 0.75 0.625 0.75 0.625 1 0.375 1 0.375 0.5 0.375 0.75 0.125 0.75 0.875 0.5 0.875 0.75 0.625 0.75</float_array>
          <technique_common>
            <accessor source="#Krychle_038-mesh-map-0-array" count="36" stride="2">
              <param name="S" type="float"/>
              <param name="T" type="float"/>
            </accessor>
          </technique_common>
        </source>
        <vertices id="Krychle_038-mesh-vertices">
          <input semantic="POSITION" source="#Krychle_038-mesh-positions"/>
        </vertices>
        <triangles count="12">
          <input semantic="VERTEX" source="#Krychle_038-mesh-vertices" offset="0"/>
          <input semantic="NORMAL" source="#Krychle_038-mesh-normals" offset="1"/>
          <input semantic="TEXCOORD" source="#Krychle_038-mesh-map-0" offset="2" set="0"/>
          <p>1 0 0 2 0 1 0 0 2 3 1 3 6 1 4 2 1 5 7 2 6 4 2 7 6 2 8 5 3 9 0 3 10 4 3 11 6 4 12 0 4 13 2 4 14 3 5 15 5 5 16 7 5 17 1 0 18 3 0 19 2 0 20 3 1 21 7 1 22 6 1 23 7 2 24 5 2 25 4 2 26 5 3 27 1 3 28 0 3 29 6 4 30 4 4 31 0 4 32 3 5 33 1 5 34 5 5 35</p>
        </triangles>
      </mesh>
    </geometry>
    <geometry id="Krychle_037-mesh" name="Krychle.037">
      <mesh>
        <source id="Krychle_037-mesh-positions">
          <float_array id="Krychle_037-mesh-positions-array" count="24">-1 -1 -1 -1 -1 1 -1 1 -1 -1 1 1 1 -1 -1 1 -1 1 1 1 -1 1 1 1</float_array>
          <technique_common>
            <accessor source="#Krychle_037-mesh-positions-array" count="8" stride="3">
              <param name="X" type="float"/>
              <param name="Y" type="float"/>
              <param name="Z" type="float"/>
            </accessor>
          </technique_common>
        </source>
        <source id="Krychle_037-mesh-normals">
          <float_array id="Krychle_037-mesh-normals-array" count="18">-1 0 0 0 1 0 1 0 0 0 -1 0 0 0 -1 0 0 1</float_array>
          <technique_common>
            <accessor source="#Krychle_037-mesh-normals-array" count="6" stride="3">
              <param name="X" type="float"/>
              <param name="Y" type="float"/>
              <param name="Z" type="float"/>
            </accessor>
          </technique_common>
        </source>
        <source id="Krychle_037-mesh-map-0">
          <float_array id="Krychle_037-mesh-map-0-array" count="72">0.625 0 0.375 0.25 0.375 0 0.625 0.25 0.375 0.5 0.375 0.25 0.625 0.5 0.375 0.75 0.375 0.5 0.625 0.75 0.375 1 0.375 0.75 0.375 0.5 0.125 0.75 0.125 0.5 0.875 0.5 0.625 0.75 0.625 0.5 0.625 0 0.625 0.25 0.375 0.25 0.625 0.25 0.625 0.5 0.375 0.5 0.625 0.5 0.625 0.75 0.375 0.75 0.625 0.75 0.625 1 0.375 1 0.375 0.5 0.375 0.75 0.125 0.75 0.875 0.5 0.875 0.75 0.625 0.75</float_array>
          <technique_common>
            <accessor source="#Krychle_037-mesh-map-0-array" count="36" stride="2">
              <param name="S" type="float"/>
              <param name="T" type="float"/>
            </accessor>
          </technique_common>
        </source>
        <vertices id="Krychle_037-mesh-vertices">
          <input semantic="POSITION" source="#Krychle_037-mesh-positions"/>
        </vertices>
        <triangles count="12">
          <input semantic="VERTEX" source="#Krychle_037-mesh-vertices" offset="0"/>
          <input semantic="NORMAL" source="#Krychle_037-mesh-normals" offset="1"/>
          <input semantic="TEXCOORD" source="#Krychle_037-mesh-map-0" offset="2" set="0"/>
          <p>1 0 0 2 0 1 0 0 2 3 1 3 6 1 4 2 1 5 7 2 6 4 2 7 6 2 8 5 3 9 0 3 10 4 3 11 6 4 12 0 4 13 2 4 14 3 5 15 5 5 16 7 5 17 1 0 18 3 0 19 2 0 20 3 1 21 7 1 22 6 1 23 7 2 24 5 2 25 4 2 26 5 3 27 1 3 28 0 3 29 6 4 30 4 4 31 0 4 32 3 5 33 1 5 34 5 5 35</p>
        </triangles>
      </mesh>
    </geometry>
    <geometry id="Krychle_036-mesh" name="Krychle.036">
      <mesh>
        <source id="Krychle_036-mesh-positions">
          <float_array id="Krychle_036-mesh-positions-array" count="24">-1 -1 -1 -1 -1 1 -1 1 -1 -1 1 1 1 -1 -1 1 -1 1 1 1 -1 1 1 1</float_array>
          <technique_common>
            <accessor source="#Krychle_036-mesh-positions-array" count="8" stride="3">
              <param name="X" type="float"/>
              <param name="Y" type="float"/>
              <param name="Z" type="float"/>
            </accessor>
          </technique_common>
        </source>
        <source id="Krychle_036-mesh-normals">
          <float_array id="Krychle_036-mesh-normals-array" count="18">-1 0 0 0 1 0 1 0 0 0 -1 0 0 0 -1 0 0 1</float_array>
          <technique_common>
            <accessor source="#Krychle_036-mesh-normals-array" count="6" stride="3">
              <param name="X" type="float"/>
              <param name="Y" type="float"/>
              <param name="Z" type="float"/>
            </accessor>
          </technique_common>
        </source>
        <source id="Krychle_036-mesh-map-0">
          <float_array id="Krychle_036-mesh-map-0-array" count="72">0.625 0 0.375 0.25 0.375 0 0.625 0.25 0.375 0.5 0.375 0.25 0.625 0.5 0.375 0.75 0.375 0.5 0.625 0.75 0.375 1 0.375 0.75 0.375 0.5 0.125 0.75 0.125 0.5 0.875 0.5 0.625 0.75 0.625 0.5 0.625 0 0.625 0.25 0.375 0.25 0.625 0.25 0.625 0.5 0.375 0.5 0.625 0.5 0.625 0.75 0.375 0.75 0.625 0.75 0.625 1 0.375 1 0.375 0.5 0.375 0.75 0.125 0.75 0.875 0.5 0.875 0.75 0.625 0.75</float_array>
          <technique_common>
            <accessor source="#Krychle_036-mesh-map-0-array" count="36" stride="2">
              <param name="S" type="float"/>
              <param name="T" type="float"/>
            </accessor>
          </technique_common>
        </source>
        <vertices id="Krychle_036-mesh-vertices">
          <input semantic="POSITION" source="#Krychle_036-mesh-positions"/>
        </vertices>
        <triangles count="12">
          <input semantic="VERTEX" source="#Krychle_036-mesh-vertices" offset="0"/>
          <input semantic="NORMAL" source="#Krychle_036-mesh-normals" offset="1"/>
          <input semantic="TEXCOORD" source="#Krychle_036-mesh-map-0" offset="2" set="0"/>
          <p>1 0 0 2 0 1 0 0 2 3 1 3 6 1 4 2 1 5 7 2 6 4 2 7 6 2 8 5 3 9 0 3 10 4 3 11 6 4 12 0 4 13 2 4 14 3 5 15 5 5 16 7 5 17 1 0 18 3 0 19 2 0 20 3 1 21 7 1 22 6 1 23 7 2 24 5 2 25 4 2 26 5 3 27 1 3 28 0 3 29 6 4 30 4 4 31 0 4 32 3 5 33 1 5 34 5 5 35</p>
        </triangles>
      </mesh>
    </geometry>
    <geometry id="Krychle_035-mesh" name="Krychle.035">
      <mesh>
        <source id="Krychle_035-mesh-positions">
          <float_array id="Krychle_035-mesh-positions-array" count="24">-1 -1 -1 -1 -1 1 -1 1 -1 -1 1 1 1 -1 -1 1 -1 1 1 1 -1 1 1 1</float_array>
          <technique_common>
            <accessor source="#Krychle_035-mesh-positions-array" count="8" stride="3">
              <param name="X" type="float"/>
              <param name="Y" type="float"/>
              <param name="Z" type="float"/>
            </accessor>
          </technique_common>
        </source>
        <source id="Krychle_035-mesh-normals">
          <float_array id="Krychle_035-mesh-normals-array" count="18">-1 0 0 0 1 0 1 0 0 0 -1 0 0 0 -1 0 0 1</float_array>
          <technique_common>
            <accessor source="#Krychle_035-mesh-normals-array" count="6" stride="3">
              <param name="X" type="float"/>
              <param name="Y" type="float"/>
              <param name="Z" type="float"/>
            </accessor>
          </technique_common>
        </source>
        <source id="Krychle_035-mesh-map-0">
          <float_array id="Krychle_035-mesh-map-0-array" count="72">0.625 0 0.375 0.25 0.375 0 0.625 0.25 0.375 0.5 0.375 0.25 0.625 0.5 0.375 0.75 0.375 0.5 0.625 0.75 0.375 1 0.375 0.75 0.375 0.5 0.125 0.75 0.125 0.5 0.875 0.5 0.625 0.75 0.625 0.5 0.625 0 0.625 0.25 0.375 0.25 0.625 0.25 0.625 0.5 0.375 0.5 0.625 0.5 0.625 0.75 0.375 0.75 0.625 0.75 0.625 1 0.375 1 0.375 0.5 0.375 0.75 0.125 0.75 0.875 0.5 0.875 0.75 0.625 0.75</float_array>
          <technique_common>
            <accessor source="#Krychle_035-mesh-map-0-array" count="36" stride="2">
              <param name="S" type="float"/>
              <param name="T" type="float"/>
            </accessor>
          </technique_common>
        </source>
        <vertices id="Krychle_035-mesh-vertices">
          <input semantic="POSITION" source="#Krychle_035-mesh-positions"/>
        </vertices>
        <triangles count="12">
          <input semantic="VERTEX" source="#Krychle_035-mesh-vertices" offset="0"/>
          <input semantic="NORMAL" source="#Krychle_035-mesh-normals" offset="1"/>
          <input semantic="TEXCOORD" source="#Krychle_035-mesh-map-0" offset="2" set="0"/>
          <p>1 0 0 2 0 1 0 0 2 3 1 3 6 1 4 2 1 5 7 2 6 4 2 7 6 2 8 5 3 9 0 3 10 4 3 11 6 4 12 0 4 13 2 4 14 3 5 15 5 5 16 7 5 17 1 0 18 3 0 19 2 0 20 3 1 21 7 1 22 6 1 23 7 2 24 5 2 25 4 2 26 5 3 27 1 3 28 0 3 29 6 4 30 4 4 31 0 4 32 3 5 33 1 5 34 5 5 35</p>
        </triangles>
      </mesh>
    </geometry>
    <geometry id="Krychle_034-mesh" name="Krychle.034">
      <mesh>
        <source id="Krychle_034-mesh-positions">
          <float_array id="Krychle_034-mesh-positions-array" count="24">-1 -1 -1 -1 -1 1 -1 1 -1 -1 1 1 1 -1 -1 1 -1 1 1 1 -1 1 1 1</float_array>
          <technique_common>
            <accessor source="#Krychle_034-mesh-positions-array" count="8" stride="3">
              <param name="X" type="float"/>
              <param name="Y" type="float"/>
              <param name="Z" type="float"/>
            </accessor>
          </technique_common>
        </source>
        <source id="Krychle_034-mesh-normals">
          <float_array id="Krychle_034-mesh-normals-array" count="18">-1 0 0 0 1 0 1 0 0 0 -1 0 0 0 -1 0 0 1</float_array>
          <technique_common>
            <accessor source="#Krychle_034-mesh-normals-array" count="6" stride="3">
              <param name="X" type="float"/>
              <param name="Y" type="float"/>
              <param name="Z" type="float"/>
            </accessor>
          </technique_common>
        </source>
        <source id="Krychle_034-mesh-map-0">
          <float_array id="Krychle_034-mesh-map-0-array" count="72">0.625 0 0.375 0.25 0.375 0 0.625 0.25 0.375 0.5 0.375 0.25 0.625 0.5 0.375 0.75 0.375 0.5 0.625 0.75 0.375 1 0.375 0.75 0.375 0.5 0.125 0.75 0.125 0.5 0.875 0.5 0.625 0.75 0.625 0.5 0.625 0 0.625 0.25 0.375 0.25 0.625 0.25 0.625 0.5 0.375 0.5 0.625 0.5 0.625 0.75 0.375 0.75 0.625 0.75 0.625 1 0.375 1 0.375 0.5 0.375 0.75 0.125 0.75 0.875 0.5 0.875 0.75 0.625 0.75</float_array>
          <technique_common>
            <accessor source="#Krychle_034-mesh-map-0-array" count="36" stride="2">
              <param name="S" type="float"/>
              <param name="T" type="float"/>
            </accessor>
          </technique_common>
        </source>
        <vertices id="Krychle_034-mesh-vertices">
          <input semantic="POSITION" source="#Krychle_034-mesh-positions"/>
        </vertices>
        <triangles count="12">
          <input semantic="VERTEX" source="#Krychle_034-mesh-vertices" offset="0"/>
          <input semantic="NORMAL" source="#Krychle_034-mesh-normals" offset="1"/>
          <input semantic="TEXCOORD" source="#Krychle_034-mesh-map-0" offset="2" set="0"/>
          <p>1 0 0 2 0 1 0 0 2 3 1 3 6 1 4 2 1 5 7 2 6 4 2 7 6 2 8 5 3 9 0 3 10 4 3 11 6 4 12 0 4 13 2 4 14 3 5 15 5 5 16 7 5 17 1 0 18 3 0 19 2 0 20 3 1 21 7 1 22 6 1 23 7 2 24 5 2 25 4 2 26 5 3 27 1 3 28 0 3 29 6 4 30 4 4 31 0 4 32 3 5 33 1 5 34 5 5 35</p>
        </triangles>
      </mesh>
    </geometry>
    <geometry id="Krychle_033-mesh" name="Krychle.033">
      <mesh>
        <source id="Krychle_033-mesh-positions">
          <float_array id="Krychle_033-mesh-positions-array" count="24">-1 -1 -1 -1 -1 1 -1 1 -1 -1 1 1 1 -1 -1 1 -1 1 1 1 -1 1 1 1</float_array>
          <technique_common>
            <accessor source="#Krychle_033-mesh-positions-array" count="8" stride="3">
              <param name="X" type="float"/>
              <param name="Y" type="float"/>
              <param name="Z" type="float"/>
            </accessor>
          </technique_common>
        </source>
        <source id="Krychle_033-mesh-normals">
          <float_array id="Krychle_033-mesh-normals-array" count="18">-1 0 0 0 1 0 1 0 0 0 -1 0 0 0 -1 0 0 1</float_array>
          <technique_common>
            <accessor source="#Krychle_033-mesh-normals-array" count="6" stride="3">
              <param name="X" type="float"/>
              <param name="Y" type="float"/>
              <param name="Z" type="float"/>
            </accessor>
          </technique_common>
        </source>
        <source id="Krychle_033-mesh-map-0">
          <float_array id="Krychle_033-mesh-map-0-array" count="72">0.625 0 0.375 0.25 0.375 0 0.625 0.25 0.375 0.5 0.375 0.25 0.625 0.5 0.375 0.75 0.375 0.5 0.625 0.75 0.375 1 0.375 0.75 0.375 0.5 0.125 0.75 0.125 0.5 0.875 0.5 0.625 0.75 0.625 0.5 0.625 0 0.625 0.25 0.375 0.25 0.625 0.25 0.625 0.5 0.375 0.5 0.625 0.5 0.625 0.75 0.375 0.75 0.625 0.75 0.625 1 0.375 1 0.375 0.5 0.375 0.75 0.125 0.75 0.875 0.5 0.875 0.75 0.625 0.75</float_array>
          <technique_common>
            <accessor source="#Krychle_033-mesh-map-0-array" count="36" stride="2">
              <param name="S" type="float"/>
              <param name="T" type="float"/>
            </accessor>
          </technique_common>
        </source>
        <vertices id="Krychle_033-mesh-vertices">
          <input semantic="POSITION" source="#Krychle_033-mesh-positions"/>
        </vertices>
        <triangles count="12">
          <input semantic="VERTEX" source="#Krychle_033-mesh-vertices" offset="0"/>
          <input semantic="NORMAL" source="#Krychle_033-mesh-normals" offset="1"/>
          <input semantic="TEXCOORD" source="#Krychle_033-mesh-map-0" offset="2" set="0"/>
          <p>1 0 0 2 0 1 0 0 2 3 1 3 6 1 4 2 1 5 7 2 6 4 2 7 6 2 8 5 3 9 0 3 10 4 3 11 6 4 12 0 4 13 2 4 14 3 5 15 5 5 16 7 5 17 1 0 18 3 0 19 2 0 20 3 1 21 7 1 22 6 1 23 7 2 24 5 2 25 4 2 26 5 3 27 1 3 28 0 3 29 6 4 30 4 4 31 0 4 32 3 5 33 1 5 34 5 5 35</p>
        </triangles>
      </mesh>
    </geometry>
    <geometry id="Krychle_032-mesh" name="Krychle.032">
      <mesh>
        <source id="Krychle_032-mesh-positions">
          <float_array id="Krychle_032-mesh-positions-array" count="24">-1 -1 -1 -1 -1 1 -1 1 -1 -1 1 1 1 -1 -1 1 -1 1 1 1 -1 1 1 1</float_array>
          <technique_common>
            <accessor source="#Krychle_032-mesh-positions-array" count="8" stride="3">
              <param name="X" type="float"/>
              <param name="Y" type="float"/>
              <param name="Z" type="float"/>
            </accessor>
          </technique_common>
        </source>
        <source id="Krychle_032-mesh-normals">
          <float_array id="Krychle_032-mesh-normals-array" count="18">-1 0 0 0 1 0 1 0 0 0 -1 0 0 0 -1 0 0 1</float_array>
          <technique_common>
            <accessor source="#Krychle_032-mesh-normals-array" count="6" stride="3">
              <param name="X" type="float"/>
              <param name="Y" type="float"/>
              <param name="Z" type="float"/>
            </accessor>
          </technique_common>
        </source>
        <source id="Krychle_032-mesh-map-0">
          <float_array id="Krychle_032-mesh-map-0-array" count="72">0.625 0 0.375 0.25 0.375 0 0.625 0.25 0.375 0.5 0.375 0.25 0.625 0.5 0.375 0.75 0.375 0.5 0.625 0.75 0.375 1 0.375 0.75 0.375 0.5 0.125 0.75 0.125 0.5 0.875 0.5 0.625 0.75 0.625 0.5 0.625 0 0.625 0.25 0.375 0.25 0.625 0.25 0.625 0.5 0.375 0.5 0.625 0.5 0.625 0.75 0.375 0.75 0.625 0.75 0.625 1 0.375 1 0.375 0.5 0.375 0.75 0.125 0.75 0.875 0.5 0.875 0.75 0.625 0.75</float_array>
          <technique_common>
            <accessor source="#Krychle_032-mesh-map-0-array" count="36" stride="2">
              <param name="S" type="float"/>
              <param name="T" type="float"/>
            </accessor>
          </technique_common>
        </source>
        <vertices id="Krychle_032-mesh-vertices">
          <input semantic="POSITION" source="#Krychle_032-mesh-positions"/>
        </vertices>
        <triangles count="12">
          <input semantic="VERTEX" source="#Krychle_032-mesh-vertices" offset="0"/>
          <input semantic="NORMAL" source="#Krychle_032-mesh-normals" offset="1"/>
          <input semantic="TEXCOORD" source="#Krychle_032-mesh-map-0" offset="2" set="0"/>
          <p>1 0 0 2 0 1 0 0 2 3 1 3 6 1 4 2 1 5 7 2 6 4 2 7 6 2 8 5 3 9 0 3 10 4 3 11 6 4 12 0 4 13 2 4 14 3 5 15 5 5 16 7 5 17 1 0 18 3 0 19 2 0 20 3 1 21 7 1 22 6 1 23 7 2 24 5 2 25 4 2 26 5 3 27 1 3 28 0 3 29 6 4 30 4 4 31 0 4 32 3 5 33 1 5 34 5 5 35</p>
        </triangles>
      </mesh>
    </geometry>
    <geometry id="Krychle_031-mesh" name="Krychle.031">
      <mesh>
        <source id="Krychle_031-mesh-positions">
          <float_array id="Krychle_031-mesh-positions-array" count="24">-1 -1 -1 -1 -1 1 -1 1 -1 -1 1 1 1 -1 -1 1 -1 1 1 1 -1 1 1 1</float_array>
          <technique_common>
            <accessor source="#Krychle_031-mesh-positions-array" count="8" stride="3">
              <param name="X" type="float"/>
              <param name="Y" type="float"/>
              <param name="Z" type="float"/>
            </accessor>
          </technique_common>
        </source>
        <source id="Krychle_031-mesh-normals">
          <float_array id="Krychle_031-mesh-normals-array" count="18">-1 0 0 0 1 0 1 0 0 0 -1 0 0 0 -1 0 0 1</float_array>
          <technique_common>
            <accessor source="#Krychle_031-mesh-normals-array" count="6" stride="3">
              <param name="X" type="float"/>
              <param name="Y" type="float"/>
              <param name="Z" type="float"/>
            </accessor>
          </technique_common>
        </source>
        <source id="Krychle_031-mesh-map-0">
          <float_array id="Krychle_031-mesh-map-0-array" count="72">0.625 0 0.375 0.25 0.375 0 0.625 0.25 0.375 0.5 0.375 0.25 0.625 0.5 0.375 0.75 0.375 0.5 0.625 0.75 0.375 1 0.375 0.75 0.375 0.5 0.125 0.75 0.125 0.5 0.875 0.5 0.625 0.75 0.625 0.5 0.625 0 0.625 0.25 0.375 0.25 0.625 0.25 0.625 0.5 0.375 0.5 0.625 0.5 0.625 0.75 0.375 0.75 0.625 0.75 0.625 1 0.375 1 0.375 0.5 0.375 0.75 0.125 0.75 0.875 0.5 0.875 0.75 0.625 0.75</float_array>
          <technique_common>
            <accessor source="#Krychle_031-mesh-map-0-array" count="36" stride="2">
              <param name="S" type="float"/>
              <param name="T" type="float"/>
            </accessor>
          </technique_common>
        </source>
        <vertices id="Krychle_031-mesh-vertices">
          <input semantic="POSITION" source="#Krychle_031-mesh-positions"/>
        </vertices>
        <triangles count="12">
          <input semantic="VERTEX" source="#Krychle_031-mesh-vertices" offset="0"/>
          <input semantic="NORMAL" source="#Krychle_031-mesh-normals" offset="1"/>
          <input semantic="TEXCOORD" source="#Krychle_031-mesh-map-0" offset="2" set="0"/>
          <p>1 0 0 2 0 1 0 0 2 3 1 3 6 1 4 2 1 5 7 2 6 4 2 7 6 2 8 5 3 9 0 3 10 4 3 11 6 4 12 0 4 13 2 4 14 3 5 15 5 5 16 7 5 17 1 0 18 3 0 19 2 0 20 3 1 21 7 1 22 6 1 23 7 2 24 5 2 25 4 2 26 5 3 27 1 3 28 0 3 29 6 4 30 4 4 31 0 4 32 3 5 33 1 5 34 5 5 35</p>
        </triangles>
      </mesh>
    </geometry>
    <geometry id="Krychle_030-mesh" name="Krychle.030">
      <mesh>
        <source id="Krychle_030-mesh-positions">
          <float_array id="Krychle_030-mesh-positions-array" count="24">-1 -1 -1 -1 -1 1 -1 1 -1 -1 1 1 1 -1 -1 1 -1 1 1 1 -1 1 1 1</float_array>
          <technique_common>
            <accessor source="#Krychle_030-mesh-positions-array" count="8" stride="3">
              <param name="X" type="float"/>
              <param name="Y" type="float"/>
              <param name="Z" type="float"/>
            </accessor>
          </technique_common>
        </source>
        <source id="Krychle_030-mesh-normals">
          <float_array id="Krychle_030-mesh-normals-array" count="18">-1 0 0 0 1 0 1 0 0 0 -1 0 0 0 -1 0 0 1</float_array>
          <technique_common>
            <accessor source="#Krychle_030-mesh-normals-array" count="6" stride="3">
              <param name="X" type="float"/>
              <param name="Y" type="float"/>
              <param name="Z" type="float"/>
            </accessor>
          </technique_common>
        </source>
        <source id="Krychle_030-mesh-map-0">
          <float_array id="Krychle_030-mesh-map-0-array" count="72">0.625 0 0.375 0.25 0.375 0 0.625 0.25 0.375 0.5 0.375 0.25 0.625 0.5 0.375 0.75 0.375 0.5 0.625 0.75 0.375 1 0.375 0.75 0.375 0.5 0.125 0.75 0.125 0.5 0.875 0.5 0.625 0.75 0.625 0.5 0.625 0 0.625 0.25 0.375 0.25 0.625 0.25 0.625 0.5 0.375 0.5 0.625 0.5 0.625 0.75 0.375 0.75 0.625 0.75 0.625 1 0.375 1 0.375 0.5 0.375 0.75 0.125 0.75 0.875 0.5 0.875 0.75 0.625 0.75</float_array>
          <technique_common>
            <accessor source="#Krychle_030-mesh-map-0-array" count="36" stride="2">
              <param name="S" type="float"/>
              <param name="T" type="float"/>
            </accessor>
          </technique_common>
        </source>
        <vertices id="Krychle_030-mesh-vertices">
          <input semantic="POSITION" source="#Krychle_030-mesh-positions"/>
        </vertices>
        <triangles count="12">
          <input semantic="VERTEX" source="#Krychle_030-mesh-vertices" offset="0"/>
          <input semantic="NORMAL" source="#Krychle_030-mesh-normals" offset="1"/>
          <input semantic="TEXCOORD" source="#Krychle_030-mesh-map-0" offset="2" set="0"/>
          <p>1 0 0 2 0 1 0 0 2 3 1 3 6 1 4 2 1 5 7 2 6 4 2 7 6 2 8 5 3 9 0 3 10 4 3 11 6 4 12 0 4 13 2 4 14 3 5 15 5 5 16 7 5 17 1 0 18 3 0 19 2 0 20 3 1 21 7 1 22 6 1 23 7 2 24 5 2 25 4 2 26 5 3 27 1 3 28 0 3 29 6 4 30 4 4 31 0 4 32 3 5 33 1 5 34 5 5 35</p>
        </triangles>
      </mesh>
    </geometry>
    <geometry id="Krychle_029-mesh" name="Krychle.029">
      <mesh>
        <source id="Krychle_029-mesh-positions">
          <float_array id="Krychle_029-mesh-positions-array" count="24">-1 -1 -1 -1 -1 1 -1 1 -1 -1 1 1 1 -1 -1 1 -1 1 1 1 -1 1 1 1</float_array>
          <technique_common>
            <accessor source="#Krychle_029-mesh-positions-array" count="8" stride="3">
              <param name="X" type="float"/>
              <param name="Y" type="float"/>
              <param name="Z" type="float"/>
            </accessor>
          </technique_common>
        </source>
        <source id="Krychle_029-mesh-normals">
          <float_array id="Krychle_029-mesh-normals-array" count="18">-1 0 0 0 1 0 1 0 0 0 -1 0 0 0 -1 0 0 1</float_array>
          <technique_common>
            <accessor source="#Krychle_029-mesh-normals-array" count="6" stride="3">
              <param name="X" type="float"/>
              <param name="Y" type="float"/>
              <param name="Z" type="float"/>
            </accessor>
          </technique_common>
        </source>
        <source id="Krychle_029-mesh-map-0">
          <float_array id="Krychle_029-mesh-map-0-array" count="72">0.625 0 0.375 0.25 0.375 0 0.625 0.25 0.375 0.5 0.375 0.25 0.625 0.5 0.375 0.75 0.375 0.5 0.625 0.75 0.375 1 0.375 0.75 0.375 0.5 0.125 0.75 0.125 0.5 0.875 0.5 0.625 0.75 0.625 0.5 0.625 0 0.625 0.25 0.375 0.25 0.625 0.25 0.625 0.5 0.375 0.5 0.625 0.5 0.625 0.75 0.375 0.75 0.625 0.75 0.625 1 0.375 1 0.375 0.5 0.375 0.75 0.125 0.75 0.875 0.5 0.875 0.75 0.625 0.75</float_array>
          <technique_common>
            <accessor source="#Krychle_029-mesh-map-0-array" count="36" stride="2">
              <param name="S" type="float"/>
              <param name="T" type="float"/>
            </accessor>
          </technique_common>
        </source>
        <vertices id="Krychle_029-mesh-vertices">
          <input semantic="POSITION" source="#Krychle_029-mesh-positions"/>
        </vertices>
        <triangles count="12">
          <input semantic="VERTEX" source="#Krychle_029-mesh-vertices" offset="0"/>
          <input semantic="NORMAL" source="#Krychle_029-mesh-normals" offset="1"/>
          <input semantic="TEXCOORD" source="#Krychle_029-mesh-map-0" offset="2" set="0"/>
          <p>1 0 0 2 0 1 0 0 2 3 1 3 6 1 4 2 1 5 7 2 6 4 2 7 6 2 8 5 3 9 0 3 10 4 3 11 6 4 12 0 4 13 2 4 14 3 5 15 5 5 16 7 5 17 1 0 18 3 0 19 2 0 20 3 1 21 7 1 22 6 1 23 7 2 24 5 2 25 4 2 26 5 3 27 1 3 28 0 3 29 6 4 30 4 4 31 0 4 32 3 5 33 1 5 34 5 5 35</p>
        </triangles>
      </mesh>
    </geometry>
    <geometry id="Krychle_028-mesh" name="Krychle.028">
      <mesh>
        <source id="Krychle_028-mesh-positions">
          <float_array id="Krychle_028-mesh-positions-array" count="24">-1 -1 -1 -1 -1 1 -1 1 -1 -1 1 1 1 -1 -1 1 -1 1 1 1 -1 1 1 1</float_array>
          <technique_common>
            <accessor source="#Krychle_028-mesh-positions-array" count="8" stride="3">
              <param name="X" type="float"/>
              <param name="Y" type="float"/>
              <param name="Z" type="float"/>
            </accessor>
          </technique_common>
        </source>
        <source id="Krychle_028-mesh-normals">
          <float_array id="Krychle_028-mesh-normals-array" count="18">-1 0 0 0 1 0 1 0 0 0 -1 0 0 0 -1 0 0 1</float_array>
          <technique_common>
            <accessor source="#Krychle_028-mesh-normals-array" count="6" stride="3">
              <param name="X" type="float"/>
              <param name="Y" type="float"/>
              <param name="Z" type="float"/>
            </accessor>
          </technique_common>
        </source>
        <source id="Krychle_028-mesh-map-0">
          <float_array id="Krychle_028-mesh-map-0-array" count="72">0.625 0 0.375 0.25 0.375 0 0.625 0.25 0.375 0.5 0.375 0.25 0.625 0.5 0.375 0.75 0.375 0.5 0.625 0.75 0.375 1 0.375 0.75 0.375 0.5 0.125 0.75 0.125 0.5 0.875 0.5 0.625 0.75 0.625 0.5 0.625 0 0.625 0.25 0.375 0.25 0.625 0.25 0.625 0.5 0.375 0.5 0.625 0.5 0.625 0.75 0.375 0.75 0.625 0.75 0.625 1 0.375 1 0.375 0.5 0.375 0.75 0.125 0.75 0.875 0.5 0.875 0.75 0.625 0.75</float_array>
          <technique_common>
            <accessor source="#Krychle_028-mesh-map-0-array" count="36" stride="2">
              <param name="S" type="float"/>
              <param name="T" type="float"/>
            </accessor>
          </technique_common>
        </source>
        <vertices id="Krychle_028-mesh-vertices">
          <input semantic="POSITION" source="#Krychle_028-mesh-positions"/>
        </vertices>
        <triangles count="12">
          <input semantic="VERTEX" source="#Krychle_028-mesh-vertices" offset="0"/>
          <input semantic="NORMAL" source="#Krychle_028-mesh-normals" offset="1"/>
          <input semantic="TEXCOORD" source="#Krychle_028-mesh-map-0" offset="2" set="0"/>
          <p>1 0 0 2 0 1 0 0 2 3 1 3 6 1 4 2 1 5 7 2 6 4 2 7 6 2 8 5 3 9 0 3 10 4 3 11 6 4 12 0 4 13 2 4 14 3 5 15 5 5 16 7 5 17 1 0 18 3 0 19 2 0 20 3 1 21 7 1 22 6 1 23 7 2 24 5 2 25 4 2 26 5 3 27 1 3 28 0 3 29 6 4 30 4 4 31 0 4 32 3 5 33 1 5 34 5 5 35</p>
        </triangles>
      </mesh>
    </geometry>
    <geometry id="Krychle_084-mesh" name="Krychle.084">
      <mesh>
        <source id="Krychle_084-mesh-positions">
          <float_array id="Krychle_084-mesh-positions-array" count="24">-1 -1 -1 -1 -1 1 -1 1 -1 -1 1 1 1 -1 -1 1 -1 1 1 1 -1 1 1 1</float_array>
          <technique_common>
            <accessor source="#Krychle_084-mesh-positions-array" count="8" stride="3">
              <param name="X" type="float"/>
              <param name="Y" type="float"/>
              <param name="Z" type="float"/>
            </accessor>
          </technique_common>
        </source>
        <source id="Krychle_084-mesh-normals">
          <float_array id="Krychle_084-mesh-normals-array" count="18">-1 0 0 0 1 0 1 0 0 0 -1 0 0 0 -1 0 0 1</float_array>
          <technique_common>
            <accessor source="#Krychle_084-mesh-normals-array" count="6" stride="3">
              <param name="X" type="float"/>
              <param name="Y" type="float"/>
              <param name="Z" type="float"/>
            </accessor>
          </technique_common>
        </source>
        <source id="Krychle_084-mesh-map-0">
          <float_array id="Krychle_084-mesh-map-0-array" count="72">0.625 0 0.375 0.25 0.375 0 0.625 0.25 0.375 0.5 0.375 0.25 0.625 0.5 0.375 0.75 0.375 0.5 0.625 0.75 0.375 1 0.375 0.75 0.375 0.5 0.125 0.75 0.125 0.5 0.875 0.5 0.625 0.75 0.625 0.5 0.625 0 0.625 0.25 0.375 0.25 0.625 0.25 0.625 0.5 0.375 0.5 0.625 0.5 0.625 0.75 0.375 0.75 0.625 0.75 0.625 1 0.375 1 0.375 0.5 0.375 0.75 0.125 0.75 0.875 0.5 0.875 0.75 0.625 0.75</float_array>
          <technique_common>
            <accessor source="#Krychle_084-mesh-map-0-array" count="36" stride="2">
              <param name="S" type="float"/>
              <param name="T" type="float"/>
            </accessor>
          </technique_common>
        </source>
        <vertices id="Krychle_084-mesh-vertices">
          <input semantic="POSITION" source="#Krychle_084-mesh-positions"/>
        </vertices>
        <triangles count="12">
          <input semantic="VERTEX" source="#Krychle_084-mesh-vertices" offset="0"/>
          <input semantic="NORMAL" source="#Krychle_084-mesh-normals" offset="1"/>
          <input semantic="TEXCOORD" source="#Krychle_084-mesh-map-0" offset="2" set="0"/>
          <p>1 0 0 2 0 1 0 0 2 3 1 3 6 1 4 2 1 5 7 2 6 4 2 7 6 2 8 5 3 9 0 3 10 4 3 11 6 4 12 0 4 13 2 4 14 3 5 15 5 5 16 7 5 17 1 0 18 3 0 19 2 0 20 3 1 21 7 1 22 6 1 23 7 2 24 5 2 25 4 2 26 5 3 27 1 3 28 0 3 29 6 4 30 4 4 31 0 4 32 3 5 33 1 5 34 5 5 35</p>
        </triangles>
      </mesh>
    </geometry>
    <geometry id="Krychle_083-mesh" name="Krychle.083">
      <mesh>
        <source id="Krychle_083-mesh-positions">
          <float_array id="Krychle_083-mesh-positions-array" count="24">-1 -1 -1 -1 -1 1 -1 1 -1 -1 1 1 1 -1 -1 1 -1 1 1 1 -1 1 1 1</float_array>
          <technique_common>
            <accessor source="#Krychle_083-mesh-positions-array" count="8" stride="3">
              <param name="X" type="float"/>
              <param name="Y" type="float"/>
              <param name="Z" type="float"/>
            </accessor>
          </technique_common>
        </source>
        <source id="Krychle_083-mesh-normals">
          <float_array id="Krychle_083-mesh-normals-array" count="18">-1 0 0 0 1 0 1 0 0 0 -1 0 0 0 -1 0 0 1</float_array>
          <technique_common>
            <accessor source="#Krychle_083-mesh-normals-array" count="6" stride="3">
              <param name="X" type="float"/>
              <param name="Y" type="float"/>
              <param name="Z" type="float"/>
            </accessor>
          </technique_common>
        </source>
        <source id="Krychle_083-mesh-map-0">
          <float_array id="Krychle_083-mesh-map-0-array" count="72">0.625 0 0.375 0.25 0.375 0 0.625 0.25 0.375 0.5 0.375 0.25 0.625 0.5 0.375 0.75 0.375 0.5 0.625 0.75 0.375 1 0.375 0.75 0.375 0.5 0.125 0.75 0.125 0.5 0.875 0.5 0.625 0.75 0.625 0.5 0.625 0 0.625 0.25 0.375 0.25 0.625 0.25 0.625 0.5 0.375 0.5 0.625 0.5 0.625 0.75 0.375 0.75 0.625 0.75 0.625 1 0.375 1 0.375 0.5 0.375 0.75 0.125 0.75 0.875 0.5 0.875 0.75 0.625 0.75</float_array>
          <technique_common>
            <accessor source="#Krychle_083-mesh-map-0-array" count="36" stride="2">
              <param name="S" type="float"/>
              <param name="T" type="float"/>
            </accessor>
          </technique_common>
        </source>
        <vertices id="Krychle_083-mesh-vertices">
          <input semantic="POSITION" source="#Krychle_083-mesh-positions"/>
        </vertices>
        <triangles count="12">
          <input semantic="VERTEX" source="#Krychle_083-mesh-vertices" offset="0"/>
          <input semantic="NORMAL" source="#Krychle_083-mesh-normals" offset="1"/>
          <input semantic="TEXCOORD" source="#Krychle_083-mesh-map-0" offset="2" set="0"/>
          <p>1 0 0 2 0 1 0 0 2 3 1 3 6 1 4 2 1 5 7 2 6 4 2 7 6 2 8 5 3 9 0 3 10 4 3 11 6 4 12 0 4 13 2 4 14 3 5 15 5 5 16 7 5 17 1 0 18 3 0 19 2 0 20 3 1 21 7 1 22 6 1 23 7 2 24 5 2 25 4 2 26 5 3 27 1 3 28 0 3 29 6 4 30 4 4 31 0 4 32 3 5 33 1 5 34 5 5 35</p>
        </triangles>
      </mesh>
    </geometry>
    <geometry id="Krychle_082-mesh" name="Krychle.082">
      <mesh>
        <source id="Krychle_082-mesh-positions">
          <float_array id="Krychle_082-mesh-positions-array" count="24">-1 -1 -1 -1 -1 1 -1 1 -1 -1 1 1 1 -1 -1 1 -1 1 1 1 -1 1 1 1</float_array>
          <technique_common>
            <accessor source="#Krychle_082-mesh-positions-array" count="8" stride="3">
              <param name="X" type="float"/>
              <param name="Y" type="float"/>
              <param name="Z" type="float"/>
            </accessor>
          </technique_common>
        </source>
        <source id="Krychle_082-mesh-normals">
          <float_array id="Krychle_082-mesh-normals-array" count="18">-1 0 0 0 1 0 1 0 0 0 -1 0 0 0 -1 0 0 1</float_array>
          <technique_common>
            <accessor source="#Krychle_082-mesh-normals-array" count="6" stride="3">
              <param name="X" type="float"/>
              <param name="Y" type="float"/>
              <param name="Z" type="float"/>
            </accessor>
          </technique_common>
        </source>
        <source id="Krychle_082-mesh-map-0">
          <float_array id="Krychle_082-mesh-map-0-array" count="72">0.625 0 0.375 0.25 0.375 0 0.625 0.25 0.375 0.5 0.375 0.25 0.625 0.5 0.375 0.75 0.375 0.5 0.625 0.75 0.375 1 0.375 0.75 0.375 0.5 0.125 0.75 0.125 0.5 0.875 0.5 0.625 0.75 0.625 0.5 0.625 0 0.625 0.25 0.375 0.25 0.625 0.25 0.625 0.5 0.375 0.5 0.625 0.5 0.625 0.75 0.375 0.75 0.625 0.75 0.625 1 0.375 1 0.375 0.5 0.375 0.75 0.125 0.75 0.875 0.5 0.875 0.75 0.625 0.75</float_array>
          <technique_common>
            <accessor source="#Krychle_082-mesh-map-0-array" count="36" stride="2">
              <param name="S" type="float"/>
              <param name="T" type="float"/>
            </accessor>
          </technique_common>
        </source>
        <vertices id="Krychle_082-mesh-vertices">
          <input semantic="POSITION" source="#Krychle_082-mesh-positions"/>
        </vertices>
        <triangles count="12">
          <input semantic="VERTEX" source="#Krychle_082-mesh-vertices" offset="0"/>
          <input semantic="NORMAL" source="#Krychle_082-mesh-normals" offset="1"/>
          <input semantic="TEXCOORD" source="#Krychle_082-mesh-map-0" offset="2" set="0"/>
          <p>1 0 0 2 0 1 0 0 2 3 1 3 6 1 4 2 1 5 7 2 6 4 2 7 6 2 8 5 3 9 0 3 10 4 3 11 6 4 12 0 4 13 2 4 14 3 5 15 5 5 16 7 5 17 1 0 18 3 0 19 2 0 20 3 1 21 7 1 22 6 1 23 7 2 24 5 2 25 4 2 26 5 3 27 1 3 28 0 3 29 6 4 30 4 4 31 0 4 32 3 5 33 1 5 34 5 5 35</p>
        </triangles>
      </mesh>
    </geometry>
    <geometry id="Krychle_081-mesh" name="Krychle.081">
      <mesh>
        <source id="Krychle_081-mesh-positions">
          <float_array id="Krychle_081-mesh-positions-array" count="24">-1 -1 -1 -1 -1 1 -1 1 -1 -1 1 1 1 -1 -1 1 -1 1 1 1 -1 1 1 1</float_array>
          <technique_common>
            <accessor source="#Krychle_081-mesh-positions-array" count="8" stride="3">
              <param name="X" type="float"/>
              <param name="Y" type="float"/>
              <param name="Z" type="float"/>
            </accessor>
          </technique_common>
        </source>
        <source id="Krychle_081-mesh-normals">
          <float_array id="Krychle_081-mesh-normals-array" count="18">-1 0 0 0 1 0 1 0 0 0 -1 0 0 0 -1 0 0 1</float_array>
          <technique_common>
            <accessor source="#Krychle_081-mesh-normals-array" count="6" stride="3">
              <param name="X" type="float"/>
              <param name="Y" type="float"/>
              <param name="Z" type="float"/>
            </accessor>
          </technique_common>
        </source>
        <source id="Krychle_081-mesh-map-0">
          <float_array id="Krychle_081-mesh-map-0-array" count="72">0.625 0 0.375 0.25 0.375 0 0.625 0.25 0.375 0.5 0.375 0.25 0.625 0.5 0.375 0.75 0.375 0.5 0.625 0.75 0.375 1 0.375 0.75 0.375 0.5 0.125 0.75 0.125 0.5 0.875 0.5 0.625 0.75 0.625 0.5 0.625 0 0.625 0.25 0.375 0.25 0.625 0.25 0.625 0.5 0.375 0.5 0.625 0.5 0.625 0.75 0.375 0.75 0.625 0.75 0.625 1 0.375 1 0.375 0.5 0.375 0.75 0.125 0.75 0.875 0.5 0.875 0.75 0.625 0.75</float_array>
          <technique_common>
            <accessor source="#Krychle_081-mesh-map-0-array" count="36" stride="2">
              <param name="S" type="float"/>
              <param name="T" type="float"/>
            </accessor>
          </technique_common>
        </source>
        <vertices id="Krychle_081-mesh-vertices">
          <input semantic="POSITION" source="#Krychle_081-mesh-positions"/>
        </vertices>
        <triangles count="12">
          <input semantic="VERTEX" source="#Krychle_081-mesh-vertices" offset="0"/>
          <input semantic="NORMAL" source="#Krychle_081-mesh-normals" offset="1"/>
          <input semantic="TEXCOORD" source="#Krychle_081-mesh-map-0" offset="2" set="0"/>
          <p>1 0 0 2 0 1 0 0 2 3 1 3 6 1 4 2 1 5 7 2 6 4 2 7 6 2 8 5 3 9 0 3 10 4 3 11 6 4 12 0 4 13 2 4 14 3 5 15 5 5 16 7 5 17 1 0 18 3 0 19 2 0 20 3 1 21 7 1 22 6 1 23 7 2 24 5 2 25 4 2 26 5 3 27 1 3 28 0 3 29 6 4 30 4 4 31 0 4 32 3 5 33 1 5 34 5 5 35</p>
        </triangles>
      </mesh>
    </geometry>
    <geometry id="Krychle_080-mesh" name="Krychle.080">
      <mesh>
        <source id="Krychle_080-mesh-positions">
          <float_array id="Krychle_080-mesh-positions-array" count="24">-1 -1 -1 -1 -1 1 -1 1 -1 -1 1 1 1 -1 -1 1 -1 1 1 1 -1 1 1 1</float_array>
          <technique_common>
            <accessor source="#Krychle_080-mesh-positions-array" count="8" stride="3">
              <param name="X" type="float"/>
              <param name="Y" type="float"/>
              <param name="Z" type="float"/>
            </accessor>
          </technique_common>
        </source>
        <source id="Krychle_080-mesh-normals">
          <float_array id="Krychle_080-mesh-normals-array" count="18">-1 0 0 0 1 0 1 0 0 0 -1 0 0 0 -1 0 0 1</float_array>
          <technique_common>
            <accessor source="#Krychle_080-mesh-normals-array" count="6" stride="3">
              <param name="X" type="float"/>
              <param name="Y" type="float"/>
              <param name="Z" type="float"/>
            </accessor>
          </technique_common>
        </source>
        <source id="Krychle_080-mesh-map-0">
          <float_array id="Krychle_080-mesh-map-0-array" count="72">0.625 0 0.375 0.25 0.375 0 0.625 0.25 0.375 0.5 0.375 0.25 0.625 0.5 0.375 0.75 0.375 0.5 0.625 0.75 0.375 1 0.375 0.75 0.375 0.5 0.125 0.75 0.125 0.5 0.875 0.5 0.625 0.75 0.625 0.5 0.625 0 0.625 0.25 0.375 0.25 0.625 0.25 0.625 0.5 0.375 0.5 0.625 0.5 0.625 0.75 0.375 0.75 0.625 0.75 0.625 1 0.375 1 0.375 0.5 0.375 0.75 0.125 0.75 0.875 0.5 0.875 0.75 0.625 0.75</float_array>
          <technique_common>
            <accessor source="#Krychle_080-mesh-map-0-array" count="36" stride="2">
              <param name="S" type="float"/>
              <param name="T" type="float"/>
            </accessor>
          </technique_common>
        </source>
        <vertices id="Krychle_080-mesh-vertices">
          <input semantic="POSITION" source="#Krychle_080-mesh-positions"/>
        </vertices>
        <triangles count="12">
          <input semantic="VERTEX" source="#Krychle_080-mesh-vertices" offset="0"/>
          <input semantic="NORMAL" source="#Krychle_080-mesh-normals" offset="1"/>
          <input semantic="TEXCOORD" source="#Krychle_080-mesh-map-0" offset="2" set="0"/>
          <p>1 0 0 2 0 1 0 0 2 3 1 3 6 1 4 2 1 5 7 2 6 4 2 7 6 2 8 5 3 9 0 3 10 4 3 11 6 4 12 0 4 13 2 4 14 3 5 15 5 5 16 7 5 17 1 0 18 3 0 19 2 0 20 3 1 21 7 1 22 6 1 23 7 2 24 5 2 25 4 2 26 5 3 27 1 3 28 0 3 29 6 4 30 4 4 31 0 4 32 3 5 33 1 5 34 5 5 35</p>
        </triangles>
      </mesh>
    </geometry>
    <geometry id="Krychle_079-mesh" name="Krychle.079">
      <mesh>
        <source id="Krychle_079-mesh-positions">
          <float_array id="Krychle_079-mesh-positions-array" count="24">-1 -1 -1 -1 -1 1 -1 1 -1 -1 1 1 1 -1 -1 1 -1 1 1 1 -1 1 1 1</float_array>
          <technique_common>
            <accessor source="#Krychle_079-mesh-positions-array" count="8" stride="3">
              <param name="X" type="float"/>
              <param name="Y" type="float"/>
              <param name="Z" type="float"/>
            </accessor>
          </technique_common>
        </source>
        <source id="Krychle_079-mesh-normals">
          <float_array id="Krychle_079-mesh-normals-array" count="18">-1 0 0 0 1 0 1 0 0 0 -1 0 0 0 -1 0 0 1</float_array>
          <technique_common>
            <accessor source="#Krychle_079-mesh-normals-array" count="6" stride="3">
              <param name="X" type="float"/>
              <param name="Y" type="float"/>
              <param name="Z" type="float"/>
            </accessor>
          </technique_common>
        </source>
        <source id="Krychle_079-mesh-map-0">
          <float_array id="Krychle_079-mesh-map-0-array" count="72">0.625 0 0.375 0.25 0.375 0 0.625 0.25 0.375 0.5 0.375 0.25 0.625 0.5 0.375 0.75 0.375 0.5 0.625 0.75 0.375 1 0.375 0.75 0.375 0.5 0.125 0.75 0.125 0.5 0.875 0.5 0.625 0.75 0.625 0.5 0.625 0 0.625 0.25 0.375 0.25 0.625 0.25 0.625 0.5 0.375 0.5 0.625 0.5 0.625 0.75 0.375 0.75 0.625 0.75 0.625 1 0.375 1 0.375 0.5 0.375 0.75 0.125 0.75 0.875 0.5 0.875 0.75 0.625 0.75</float_array>
          <technique_common>
            <accessor source="#Krychle_079-mesh-map-0-array" count="36" stride="2">
              <param name="S" type="float"/>
              <param name="T" type="float"/>
            </accessor>
          </technique_common>
        </source>
        <vertices id="Krychle_079-mesh-vertices">
          <input semantic="POSITION" source="#Krychle_079-mesh-positions"/>
        </vertices>
        <triangles count="12">
          <input semantic="VERTEX" source="#Krychle_079-mesh-vertices" offset="0"/>
          <input semantic="NORMAL" source="#Krychle_079-mesh-normals" offset="1"/>
          <input semantic="TEXCOORD" source="#Krychle_079-mesh-map-0" offset="2" set="0"/>
          <p>1 0 0 2 0 1 0 0 2 3 1 3 6 1 4 2 1 5 7 2 6 4 2 7 6 2 8 5 3 9 0 3 10 4 3 11 6 4 12 0 4 13 2 4 14 3 5 15 5 5 16 7 5 17 1 0 18 3 0 19 2 0 20 3 1 21 7 1 22 6 1 23 7 2 24 5 2 25 4 2 26 5 3 27 1 3 28 0 3 29 6 4 30 4 4 31 0 4 32 3 5 33 1 5 34 5 5 35</p>
        </triangles>
      </mesh>
    </geometry>
    <geometry id="Krychle_078-mesh" name="Krychle.078">
      <mesh>
        <source id="Krychle_078-mesh-positions">
          <float_array id="Krychle_078-mesh-positions-array" count="24">-1 -1 -1 -1 -1 1 -1 1 -1 -1 1 1 1 -1 -1 1 -1 1 1 1 -1 1 1 1</float_array>
          <technique_common>
            <accessor source="#Krychle_078-mesh-positions-array" count="8" stride="3">
              <param name="X" type="float"/>
              <param name="Y" type="float"/>
              <param name="Z" type="float"/>
            </accessor>
          </technique_common>
        </source>
        <source id="Krychle_078-mesh-normals">
          <float_array id="Krychle_078-mesh-normals-array" count="18">-1 0 0 0 1 0 1 0 0 0 -1 0 0 0 -1 0 0 1</float_array>
          <technique_common>
            <accessor source="#Krychle_078-mesh-normals-array" count="6" stride="3">
              <param name="X" type="float"/>
              <param name="Y" type="float"/>
              <param name="Z" type="float"/>
            </accessor>
          </technique_common>
        </source>
        <source id="Krychle_078-mesh-map-0">
          <float_array id="Krychle_078-mesh-map-0-array" count="72">0.625 0 0.375 0.25 0.375 0 0.625 0.25 0.375 0.5 0.375 0.25 0.625 0.5 0.375 0.75 0.375 0.5 0.625 0.75 0.375 1 0.375 0.75 0.375 0.5 0.125 0.75 0.125 0.5 0.875 0.5 0.625 0.75 0.625 0.5 0.625 0 0.625 0.25 0.375 0.25 0.625 0.25 0.625 0.5 0.375 0.5 0.625 0.5 0.625 0.75 0.375 0.75 0.625 0.75 0.625 1 0.375 1 0.375 0.5 0.375 0.75 0.125 0.75 0.875 0.5 0.875 0.75 0.625 0.75</float_array>
          <technique_common>
            <accessor source="#Krychle_078-mesh-map-0-array" count="36" stride="2">
              <param name="S" type="float"/>
              <param name="T" type="float"/>
            </accessor>
          </technique_common>
        </source>
        <vertices id="Krychle_078-mesh-vertices">
          <input semantic="POSITION" source="#Krychle_078-mesh-positions"/>
        </vertices>
        <triangles count="12">
          <input semantic="VERTEX" source="#Krychle_078-mesh-vertices" offset="0"/>
          <input semantic="NORMAL" source="#Krychle_078-mesh-normals" offset="1"/>
          <input semantic="TEXCOORD" source="#Krychle_078-mesh-map-0" offset="2" set="0"/>
          <p>1 0 0 2 0 1 0 0 2 3 1 3 6 1 4 2 1 5 7 2 6 4 2 7 6 2 8 5 3 9 0 3 10 4 3 11 6 4 12 0 4 13 2 4 14 3 5 15 5 5 16 7 5 17 1 0 18 3 0 19 2 0 20 3 1 21 7 1 22 6 1 23 7 2 24 5 2 25 4 2 26 5 3 27 1 3 28 0 3 29 6 4 30 4 4 31 0 4 32 3 5 33 1 5 34 5 5 35</p>
        </triangles>
      </mesh>
    </geometry>
    <geometry id="Krychle_077-mesh" name="Krychle.077">
      <mesh>
        <source id="Krychle_077-mesh-positions">
          <float_array id="Krychle_077-mesh-positions-array" count="24">-1 -1 -1 -1 -1 1 -1 1 -1 -1 1 1 1 -1 -1 1 -1 1 1 1 -1 1 1 1</float_array>
          <technique_common>
            <accessor source="#Krychle_077-mesh-positions-array" count="8" stride="3">
              <param name="X" type="float"/>
              <param name="Y" type="float"/>
              <param name="Z" type="float"/>
            </accessor>
          </technique_common>
        </source>
        <source id="Krychle_077-mesh-normals">
          <float_array id="Krychle_077-mesh-normals-array" count="18">-1 0 0 0 1 0 1 0 0 0 -1 0 0 0 -1 0 0 1</float_array>
          <technique_common>
            <accessor source="#Krychle_077-mesh-normals-array" count="6" stride="3">
              <param name="X" type="float"/>
              <param name="Y" type="float"/>
              <param name="Z" type="float"/>
            </accessor>
          </technique_common>
        </source>
        <source id="Krychle_077-mesh-map-0">
          <float_array id="Krychle_077-mesh-map-0-array" count="72">0.625 0 0.375 0.25 0.375 0 0.625 0.25 0.375 0.5 0.375 0.25 0.625 0.5 0.375 0.75 0.375 0.5 0.625 0.75 0.375 1 0.375 0.75 0.375 0.5 0.125 0.75 0.125 0.5 0.875 0.5 0.625 0.75 0.625 0.5 0.625 0 0.625 0.25 0.375 0.25 0.625 0.25 0.625 0.5 0.375 0.5 0.625 0.5 0.625 0.75 0.375 0.75 0.625 0.75 0.625 1 0.375 1 0.375 0.5 0.375 0.75 0.125 0.75 0.875 0.5 0.875 0.75 0.625 0.75</float_array>
          <technique_common>
            <accessor source="#Krychle_077-mesh-map-0-array" count="36" stride="2">
              <param name="S" type="float"/>
              <param name="T" type="float"/>
            </accessor>
          </technique_common>
        </source>
        <vertices id="Krychle_077-mesh-vertices">
          <input semantic="POSITION" source="#Krychle_077-mesh-positions"/>
        </vertices>
        <triangles count="12">
          <input semantic="VERTEX" source="#Krychle_077-mesh-vertices" offset="0"/>
          <input semantic="NORMAL" source="#Krychle_077-mesh-normals" offset="1"/>
          <input semantic="TEXCOORD" source="#Krychle_077-mesh-map-0" offset="2" set="0"/>
          <p>1 0 0 2 0 1 0 0 2 3 1 3 6 1 4 2 1 5 7 2 6 4 2 7 6 2 8 5 3 9 0 3 10 4 3 11 6 4 12 0 4 13 2 4 14 3 5 15 5 5 16 7 5 17 1 0 18 3 0 19 2 0 20 3 1 21 7 1 22 6 1 23 7 2 24 5 2 25 4 2 26 5 3 27 1 3 28 0 3 29 6 4 30 4 4 31 0 4 32 3 5 33 1 5 34 5 5 35</p>
        </triangles>
      </mesh>
    </geometry>
    <geometry id="Krychle_076-mesh" name="Krychle.076">
      <mesh>
        <source id="Krychle_076-mesh-positions">
          <float_array id="Krychle_076-mesh-positions-array" count="24">-1 -1 -1 -1 -1 1 -1 1 -1 -1 1 1 1 -1 -1 1 -1 1 1 1 -1 1 1 1</float_array>
          <technique_common>
            <accessor source="#Krychle_076-mesh-positions-array" count="8" stride="3">
              <param name="X" type="float"/>
              <param name="Y" type="float"/>
              <param name="Z" type="float"/>
            </accessor>
          </technique_common>
        </source>
        <source id="Krychle_076-mesh-normals">
          <float_array id="Krychle_076-mesh-normals-array" count="18">-1 0 0 0 1 0 1 0 0 0 -1 0 0 0 -1 0 0 1</float_array>
          <technique_common>
            <accessor source="#Krychle_076-mesh-normals-array" count="6" stride="3">
              <param name="X" type="float"/>
              <param name="Y" type="float"/>
              <param name="Z" type="float"/>
            </accessor>
          </technique_common>
        </source>
        <source id="Krychle_076-mesh-map-0">
          <float_array id="Krychle_076-mesh-map-0-array" count="72">0.625 0 0.375 0.25 0.375 0 0.625 0.25 0.375 0.5 0.375 0.25 0.625 0.5 0.375 0.75 0.375 0.5 0.625 0.75 0.375 1 0.375 0.75 0.375 0.5 0.125 0.75 0.125 0.5 0.875 0.5 0.625 0.75 0.625 0.5 0.625 0 0.625 0.25 0.375 0.25 0.625 0.25 0.625 0.5 0.375 0.5 0.625 0.5 0.625 0.75 0.375 0.75 0.625 0.75 0.625 1 0.375 1 0.375 0.5 0.375 0.75 0.125 0.75 0.875 0.5 0.875 0.75 0.625 0.75</float_array>
          <technique_common>
            <accessor source="#Krychle_076-mesh-map-0-array" count="36" stride="2">
              <param name="S" type="float"/>
              <param name="T" type="float"/>
            </accessor>
          </technique_common>
        </source>
        <vertices id="Krychle_076-mesh-vertices">
          <input semantic="POSITION" source="#Krychle_076-mesh-positions"/>
        </vertices>
        <triangles count="12">
          <input semantic="VERTEX" source="#Krychle_076-mesh-vertices" offset="0"/>
          <input semantic="NORMAL" source="#Krychle_076-mesh-normals" offset="1"/>
          <input semantic="TEXCOORD" source="#Krychle_076-mesh-map-0" offset="2" set="0"/>
          <p>1 0 0 2 0 1 0 0 2 3 1 3 6 1 4 2 1 5 7 2 6 4 2 7 6 2 8 5 3 9 0 3 10 4 3 11 6 4 12 0 4 13 2 4 14 3 5 15 5 5 16 7 5 17 1 0 18 3 0 19 2 0 20 3 1 21 7 1 22 6 1 23 7 2 24 5 2 25 4 2 26 5 3 27 1 3 28 0 3 29 6 4 30 4 4 31 0 4 32 3 5 33 1 5 34 5 5 35</p>
        </triangles>
      </mesh>
    </geometry>
    <geometry id="Krychle_075-mesh" name="Krychle.075">
      <mesh>
        <source id="Krychle_075-mesh-positions">
          <float_array id="Krychle_075-mesh-positions-array" count="24">-1 -1 -1 -1 -1 1 -1 1 -1 -1 1 1 1 -1 -1 1 -1 1 1 1 -1 1 1 1</float_array>
          <technique_common>
            <accessor source="#Krychle_075-mesh-positions-array" count="8" stride="3">
              <param name="X" type="float"/>
              <param name="Y" type="float"/>
              <param name="Z" type="float"/>
            </accessor>
          </technique_common>
        </source>
        <source id="Krychle_075-mesh-normals">
          <float_array id="Krychle_075-mesh-normals-array" count="18">-1 0 0 0 1 0 1 0 0 0 -1 0 0 0 -1 0 0 1</float_array>
          <technique_common>
            <accessor source="#Krychle_075-mesh-normals-array" count="6" stride="3">
              <param name="X" type="float"/>
              <param name="Y" type="float"/>
              <param name="Z" type="float"/>
            </accessor>
          </technique_common>
        </source>
        <source id="Krychle_075-mesh-map-0">
          <float_array id="Krychle_075-mesh-map-0-array" count="72">0.625 0 0.375 0.25 0.375 0 0.625 0.25 0.375 0.5 0.375 0.25 0.625 0.5 0.375 0.75 0.375 0.5 0.625 0.75 0.375 1 0.375 0.75 0.375 0.5 0.125 0.75 0.125 0.5 0.875 0.5 0.625 0.75 0.625 0.5 0.625 0 0.625 0.25 0.375 0.25 0.625 0.25 0.625 0.5 0.375 0.5 0.625 0.5 0.625 0.75 0.375 0.75 0.625 0.75 0.625 1 0.375 1 0.375 0.5 0.375 0.75 0.125 0.75 0.875 0.5 0.875 0.75 0.625 0.75</float_array>
          <technique_common>
            <accessor source="#Krychle_075-mesh-map-0-array" count="36" stride="2">
              <param name="S" type="float"/>
              <param name="T" type="float"/>
            </accessor>
          </technique_common>
        </source>
        <vertices id="Krychle_075-mesh-vertices">
          <input semantic="POSITION" source="#Krychle_075-mesh-positions"/>
        </vertices>
        <triangles count="12">
          <input semantic="VERTEX" source="#Krychle_075-mesh-vertices" offset="0"/>
          <input semantic="NORMAL" source="#Krychle_075-mesh-normals" offset="1"/>
          <input semantic="TEXCOORD" source="#Krychle_075-mesh-map-0" offset="2" set="0"/>
          <p>1 0 0 2 0 1 0 0 2 3 1 3 6 1 4 2 1 5 7 2 6 4 2 7 6 2 8 5 3 9 0 3 10 4 3 11 6 4 12 0 4 13 2 4 14 3 5 15 5 5 16 7 5 17 1 0 18 3 0 19 2 0 20 3 1 21 7 1 22 6 1 23 7 2 24 5 2 25 4 2 26 5 3 27 1 3 28 0 3 29 6 4 30 4 4 31 0 4 32 3 5 33 1 5 34 5 5 35</p>
        </triangles>
      </mesh>
    </geometry>
    <geometry id="Krychle_074-mesh" name="Krychle.074">
      <mesh>
        <source id="Krychle_074-mesh-positions">
          <float_array id="Krychle_074-mesh-positions-array" count="24">-1 -1 -1 -1 -1 1 -1 1 -1 -1 1 1 1 -1 -1 1 -1 1 1 1 -1 1 1 1</float_array>
          <technique_common>
            <accessor source="#Krychle_074-mesh-positions-array" count="8" stride="3">
              <param name="X" type="float"/>
              <param name="Y" type="float"/>
              <param name="Z" type="float"/>
            </accessor>
          </technique_common>
        </source>
        <source id="Krychle_074-mesh-normals">
          <float_array id="Krychle_074-mesh-normals-array" count="18">-1 0 0 0 1 0 1 0 0 0 -1 0 0 0 -1 0 0 1</float_array>
          <technique_common>
            <accessor source="#Krychle_074-mesh-normals-array" count="6" stride="3">
              <param name="X" type="float"/>
              <param name="Y" type="float"/>
              <param name="Z" type="float"/>
            </accessor>
          </technique_common>
        </source>
        <source id="Krychle_074-mesh-map-0">
          <float_array id="Krychle_074-mesh-map-0-array" count="72">0.625 0 0.375 0.25 0.375 0 0.625 0.25 0.375 0.5 0.375 0.25 0.625 0.5 0.375 0.75 0.375 0.5 0.625 0.75 0.375 1 0.375 0.75 0.375 0.5 0.125 0.75 0.125 0.5 0.875 0.5 0.625 0.75 0.625 0.5 0.625 0 0.625 0.25 0.375 0.25 0.625 0.25 0.625 0.5 0.375 0.5 0.625 0.5 0.625 0.75 0.375 0.75 0.625 0.75 0.625 1 0.375 1 0.375 0.5 0.375 0.75 0.125 0.75 0.875 0.5 0.875 0.75 0.625 0.75</float_array>
          <technique_common>
            <accessor source="#Krychle_074-mesh-map-0-array" count="36" stride="2">
              <param name="S" type="float"/>
              <param name="T" type="float"/>
            </accessor>
          </technique_common>
        </source>
        <vertices id="Krychle_074-mesh-vertices">
          <input semantic="POSITION" source="#Krychle_074-mesh-positions"/>
        </vertices>
        <triangles count="12">
          <input semantic="VERTEX" source="#Krychle_074-mesh-vertices" offset="0"/>
          <input semantic="NORMAL" source="#Krychle_074-mesh-normals" offset="1"/>
          <input semantic="TEXCOORD" source="#Krychle_074-mesh-map-0" offset="2" set="0"/>
          <p>1 0 0 2 0 1 0 0 2 3 1 3 6 1 4 2 1 5 7 2 6 4 2 7 6 2 8 5 3 9 0 3 10 4 3 11 6 4 12 0 4 13 2 4 14 3 5 15 5 5 16 7 5 17 1 0 18 3 0 19 2 0 20 3 1 21 7 1 22 6 1 23 7 2 24 5 2 25 4 2 26 5 3 27 1 3 28 0 3 29 6 4 30 4 4 31 0 4 32 3 5 33 1 5 34 5 5 35</p>
        </triangles>
      </mesh>
    </geometry>
    <geometry id="Krychle_073-mesh" name="Krychle.073">
      <mesh>
        <source id="Krychle_073-mesh-positions">
          <float_array id="Krychle_073-mesh-positions-array" count="24">-1 -1 -1 -1 -1 1 -1 1 -1 -1 1 1 1 -1 -1 1 -1 1 1 1 -1 1 1 1</float_array>
          <technique_common>
            <accessor source="#Krychle_073-mesh-positions-array" count="8" stride="3">
              <param name="X" type="float"/>
              <param name="Y" type="float"/>
              <param name="Z" type="float"/>
            </accessor>
          </technique_common>
        </source>
        <source id="Krychle_073-mesh-normals">
          <float_array id="Krychle_073-mesh-normals-array" count="18">-1 0 0 0 1 0 1 0 0 0 -1 0 0 0 -1 0 0 1</float_array>
          <technique_common>
            <accessor source="#Krychle_073-mesh-normals-array" count="6" stride="3">
              <param name="X" type="float"/>
              <param name="Y" type="float"/>
              <param name="Z" type="float"/>
            </accessor>
          </technique_common>
        </source>
        <source id="Krychle_073-mesh-map-0">
          <float_array id="Krychle_073-mesh-map-0-array" count="72">0.625 0 0.375 0.25 0.375 0 0.625 0.25 0.375 0.5 0.375 0.25 0.625 0.5 0.375 0.75 0.375 0.5 0.625 0.75 0.375 1 0.375 0.75 0.375 0.5 0.125 0.75 0.125 0.5 0.875 0.5 0.625 0.75 0.625 0.5 0.625 0 0.625 0.25 0.375 0.25 0.625 0.25 0.625 0.5 0.375 0.5 0.625 0.5 0.625 0.75 0.375 0.75 0.625 0.75 0.625 1 0.375 1 0.375 0.5 0.375 0.75 0.125 0.75 0.875 0.5 0.875 0.75 0.625 0.75</float_array>
          <technique_common>
            <accessor source="#Krychle_073-mesh-map-0-array" count="36" stride="2">
              <param name="S" type="float"/>
              <param name="T" type="float"/>
            </accessor>
          </technique_common>
        </source>
        <vertices id="Krychle_073-mesh-vertices">
          <input semantic="POSITION" source="#Krychle_073-mesh-positions"/>
        </vertices>
        <triangles count="12">
          <input semantic="VERTEX" source="#Krychle_073-mesh-vertices" offset="0"/>
          <input semantic="NORMAL" source="#Krychle_073-mesh-normals" offset="1"/>
          <input semantic="TEXCOORD" source="#Krychle_073-mesh-map-0" offset="2" set="0"/>
          <p>1 0 0 2 0 1 0 0 2 3 1 3 6 1 4 2 1 5 7 2 6 4 2 7 6 2 8 5 3 9 0 3 10 4 3 11 6 4 12 0 4 13 2 4 14 3 5 15 5 5 16 7 5 17 1 0 18 3 0 19 2 0 20 3 1 21 7 1 22 6 1 23 7 2 24 5 2 25 4 2 26 5 3 27 1 3 28 0 3 29 6 4 30 4 4 31 0 4 32 3 5 33 1 5 34 5 5 35</p>
        </triangles>
      </mesh>
    </geometry>
    <geometry id="Krychle_072-mesh" name="Krychle.072">
      <mesh>
        <source id="Krychle_072-mesh-positions">
          <float_array id="Krychle_072-mesh-positions-array" count="24">-1 -1 -1 -1 -1 1 -1 1 -1 -1 1 1 1 -1 -1 1 -1 1 1 1 -1 1 1 1</float_array>
          <technique_common>
            <accessor source="#Krychle_072-mesh-positions-array" count="8" stride="3">
              <param name="X" type="float"/>
              <param name="Y" type="float"/>
              <param name="Z" type="float"/>
            </accessor>
          </technique_common>
        </source>
        <source id="Krychle_072-mesh-normals">
          <float_array id="Krychle_072-mesh-normals-array" count="18">-1 0 0 0 1 0 1 0 0 0 -1 0 0 0 -1 0 0 1</float_array>
          <technique_common>
            <accessor source="#Krychle_072-mesh-normals-array" count="6" stride="3">
              <param name="X" type="float"/>
              <param name="Y" type="float"/>
              <param name="Z" type="float"/>
            </accessor>
          </technique_common>
        </source>
        <source id="Krychle_072-mesh-map-0">
          <float_array id="Krychle_072-mesh-map-0-array" count="72">0.625 0 0.375 0.25 0.375 0 0.625 0.25 0.375 0.5 0.375 0.25 0.625 0.5 0.375 0.75 0.375 0.5 0.625 0.75 0.375 1 0.375 0.75 0.375 0.5 0.125 0.75 0.125 0.5 0.875 0.5 0.625 0.75 0.625 0.5 0.625 0 0.625 0.25 0.375 0.25 0.625 0.25 0.625 0.5 0.375 0.5 0.625 0.5 0.625 0.75 0.375 0.75 0.625 0.75 0.625 1 0.375 1 0.375 0.5 0.375 0.75 0.125 0.75 0.875 0.5 0.875 0.75 0.625 0.75</float_array>
          <technique_common>
            <accessor source="#Krychle_072-mesh-map-0-array" count="36" stride="2">
              <param name="S" type="float"/>
              <param name="T" type="float"/>
            </accessor>
          </technique_common>
        </source>
        <vertices id="Krychle_072-mesh-vertices">
          <input semantic="POSITION" source="#Krychle_072-mesh-positions"/>
        </vertices>
        <triangles count="12">
          <input semantic="VERTEX" source="#Krychle_072-mesh-vertices" offset="0"/>
          <input semantic="NORMAL" source="#Krychle_072-mesh-normals" offset="1"/>
          <input semantic="TEXCOORD" source="#Krychle_072-mesh-map-0" offset="2" set="0"/>
          <p>1 0 0 2 0 1 0 0 2 3 1 3 6 1 4 2 1 5 7 2 6 4 2 7 6 2 8 5 3 9 0 3 10 4 3 11 6 4 12 0 4 13 2 4 14 3 5 15 5 5 16 7 5 17 1 0 18 3 0 19 2 0 20 3 1 21 7 1 22 6 1 23 7 2 24 5 2 25 4 2 26 5 3 27 1 3 28 0 3 29 6 4 30 4 4 31 0 4 32 3 5 33 1 5 34 5 5 35</p>
        </triangles>
      </mesh>
    </geometry>
    <geometry id="Krychle_071-mesh" name="Krychle.071">
      <mesh>
        <source id="Krychle_071-mesh-positions">
          <float_array id="Krychle_071-mesh-positions-array" count="24">-1 -1 -1 -1 -1 1 -1 1 -1 -1 1 1 1 -1 -1 1 -1 1 1 1 -1 1 1 1</float_array>
          <technique_common>
            <accessor source="#Krychle_071-mesh-positions-array" count="8" stride="3">
              <param name="X" type="float"/>
              <param name="Y" type="float"/>
              <param name="Z" type="float"/>
            </accessor>
          </technique_common>
        </source>
        <source id="Krychle_071-mesh-normals">
          <float_array id="Krychle_071-mesh-normals-array" count="18">-1 0 0 0 1 0 1 0 0 0 -1 0 0 0 -1 0 0 1</float_array>
          <technique_common>
            <accessor source="#Krychle_071-mesh-normals-array" count="6" stride="3">
              <param name="X" type="float"/>
              <param name="Y" type="float"/>
              <param name="Z" type="float"/>
            </accessor>
          </technique_common>
        </source>
        <source id="Krychle_071-mesh-map-0">
          <float_array id="Krychle_071-mesh-map-0-array" count="72">0.625 0 0.375 0.25 0.375 0 0.625 0.25 0.375 0.5 0.375 0.25 0.625 0.5 0.375 0.75 0.375 0.5 0.625 0.75 0.375 1 0.375 0.75 0.375 0.5 0.125 0.75 0.125 0.5 0.875 0.5 0.625 0.75 0.625 0.5 0.625 0 0.625 0.25 0.375 0.25 0.625 0.25 0.625 0.5 0.375 0.5 0.625 0.5 0.625 0.75 0.375 0.75 0.625 0.75 0.625 1 0.375 1 0.375 0.5 0.375 0.75 0.125 0.75 0.875 0.5 0.875 0.75 0.625 0.75</float_array>
          <technique_common>
            <accessor source="#Krychle_071-mesh-map-0-array" count="36" stride="2">
              <param name="S" type="float"/>
              <param name="T" type="float"/>
            </accessor>
          </technique_common>
        </source>
        <vertices id="Krychle_071-mesh-vertices">
          <input semantic="POSITION" source="#Krychle_071-mesh-positions"/>
        </vertices>
        <triangles count="12">
          <input semantic="VERTEX" source="#Krychle_071-mesh-vertices" offset="0"/>
          <input semantic="NORMAL" source="#Krychle_071-mesh-normals" offset="1"/>
          <input semantic="TEXCOORD" source="#Krychle_071-mesh-map-0" offset="2" set="0"/>
          <p>1 0 0 2 0 1 0 0 2 3 1 3 6 1 4 2 1 5 7 2 6 4 2 7 6 2 8 5 3 9 0 3 10 4 3 11 6 4 12 0 4 13 2 4 14 3 5 15 5 5 16 7 5 17 1 0 18 3 0 19 2 0 20 3 1 21 7 1 22 6 1 23 7 2 24 5 2 25 4 2 26 5 3 27 1 3 28 0 3 29 6 4 30 4 4 31 0 4 32 3 5 33 1 5 34 5 5 35</p>
        </triangles>
      </mesh>
    </geometry>
    <geometry id="Krychle_070-mesh" name="Krychle.070">
      <mesh>
        <source id="Krychle_070-mesh-positions">
          <float_array id="Krychle_070-mesh-positions-array" count="24">-1 -1 -1 -1 -1 1 -1 1 -1 -1 1 1 1 -1 -1 1 -1 1 1 1 -1 1 1 1</float_array>
          <technique_common>
            <accessor source="#Krychle_070-mesh-positions-array" count="8" stride="3">
              <param name="X" type="float"/>
              <param name="Y" type="float"/>
              <param name="Z" type="float"/>
            </accessor>
          </technique_common>
        </source>
        <source id="Krychle_070-mesh-normals">
          <float_array id="Krychle_070-mesh-normals-array" count="18">-1 0 0 0 1 0 1 0 0 0 -1 0 0 0 -1 0 0 1</float_array>
          <technique_common>
            <accessor source="#Krychle_070-mesh-normals-array" count="6" stride="3">
              <param name="X" type="float"/>
              <param name="Y" type="float"/>
              <param name="Z" type="float"/>
            </accessor>
          </technique_common>
        </source>
        <source id="Krychle_070-mesh-map-0">
          <float_array id="Krychle_070-mesh-map-0-array" count="72">0.625 0 0.375 0.25 0.375 0 0.625 0.25 0.375 0.5 0.375 0.25 0.625 0.5 0.375 0.75 0.375 0.5 0.625 0.75 0.375 1 0.375 0.75 0.375 0.5 0.125 0.75 0.125 0.5 0.875 0.5 0.625 0.75 0.625 0.5 0.625 0 0.625 0.25 0.375 0.25 0.625 0.25 0.625 0.5 0.375 0.5 0.625 0.5 0.625 0.75 0.375 0.75 0.625 0.75 0.625 1 0.375 1 0.375 0.5 0.375 0.75 0.125 0.75 0.875 0.5 0.875 0.75 0.625 0.75</float_array>
          <technique_common>
            <accessor source="#Krychle_070-mesh-map-0-array" count="36" stride="2">
              <param name="S" type="float"/>
              <param name="T" type="float"/>
            </accessor>
          </technique_common>
        </source>
        <vertices id="Krychle_070-mesh-vertices">
          <input semantic="POSITION" source="#Krychle_070-mesh-positions"/>
        </vertices>
        <triangles count="12">
          <input semantic="VERTEX" source="#Krychle_070-mesh-vertices" offset="0"/>
          <input semantic="NORMAL" source="#Krychle_070-mesh-normals" offset="1"/>
          <input semantic="TEXCOORD" source="#Krychle_070-mesh-map-0" offset="2" set="0"/>
          <p>1 0 0 2 0 1 0 0 2 3 1 3 6 1 4 2 1 5 7 2 6 4 2 7 6 2 8 5 3 9 0 3 10 4 3 11 6 4 12 0 4 13 2 4 14 3 5 15 5 5 16 7 5 17 1 0 18 3 0 19 2 0 20 3 1 21 7 1 22 6 1 23 7 2 24 5 2 25 4 2 26 5 3 27 1 3 28 0 3 29 6 4 30 4 4 31 0 4 32 3 5 33 1 5 34 5 5 35</p>
        </triangles>
      </mesh>
    </geometry>
    <geometry id="Krychle_069-mesh" name="Krychle.069">
      <mesh>
        <source id="Krychle_069-mesh-positions">
          <float_array id="Krychle_069-mesh-positions-array" count="24">-1 -1 -1 -1 -1 1 -1 1 -1 -1 1 1 1 -1 -1 1 -1 1 1 1 -1 1 1 1</float_array>
          <technique_common>
            <accessor source="#Krychle_069-mesh-positions-array" count="8" stride="3">
              <param name="X" type="float"/>
              <param name="Y" type="float"/>
              <param name="Z" type="float"/>
            </accessor>
          </technique_common>
        </source>
        <source id="Krychle_069-mesh-normals">
          <float_array id="Krychle_069-mesh-normals-array" count="18">-1 0 0 0 1 0 1 0 0 0 -1 0 0 0 -1 0 0 1</float_array>
          <technique_common>
            <accessor source="#Krychle_069-mesh-normals-array" count="6" stride="3">
              <param name="X" type="float"/>
              <param name="Y" type="float"/>
              <param name="Z" type="float"/>
            </accessor>
          </technique_common>
        </source>
        <source id="Krychle_069-mesh-map-0">
          <float_array id="Krychle_069-mesh-map-0-array" count="72">0.625 0 0.375 0.25 0.375 0 0.625 0.25 0.375 0.5 0.375 0.25 0.625 0.5 0.375 0.75 0.375 0.5 0.625 0.75 0.375 1 0.375 0.75 0.375 0.5 0.125 0.75 0.125 0.5 0.875 0.5 0.625 0.75 0.625 0.5 0.625 0 0.625 0.25 0.375 0.25 0.625 0.25 0.625 0.5 0.375 0.5 0.625 0.5 0.625 0.75 0.375 0.75 0.625 0.75 0.625 1 0.375 1 0.375 0.5 0.375 0.75 0.125 0.75 0.875 0.5 0.875 0.75 0.625 0.75</float_array>
          <technique_common>
            <accessor source="#Krychle_069-mesh-map-0-array" count="36" stride="2">
              <param name="S" type="float"/>
              <param name="T" type="float"/>
            </accessor>
          </technique_common>
        </source>
        <vertices id="Krychle_069-mesh-vertices">
          <input semantic="POSITION" source="#Krychle_069-mesh-positions"/>
        </vertices>
        <triangles count="12">
          <input semantic="VERTEX" source="#Krychle_069-mesh-vertices" offset="0"/>
          <input semantic="NORMAL" source="#Krychle_069-mesh-normals" offset="1"/>
          <input semantic="TEXCOORD" source="#Krychle_069-mesh-map-0" offset="2" set="0"/>
          <p>1 0 0 2 0 1 0 0 2 3 1 3 6 1 4 2 1 5 7 2 6 4 2 7 6 2 8 5 3 9 0 3 10 4 3 11 6 4 12 0 4 13 2 4 14 3 5 15 5 5 16 7 5 17 1 0 18 3 0 19 2 0 20 3 1 21 7 1 22 6 1 23 7 2 24 5 2 25 4 2 26 5 3 27 1 3 28 0 3 29 6 4 30 4 4 31 0 4 32 3 5 33 1 5 34 5 5 35</p>
        </triangles>
      </mesh>
    </geometry>
    <geometry id="Krychle_068-mesh" name="Krychle.068">
      <mesh>
        <source id="Krychle_068-mesh-positions">
          <float_array id="Krychle_068-mesh-positions-array" count="24">-1 -1 -1 -1 -1 1 -1 1 -1 -1 1 1 1 -1 -1 1 -1 1 1 1 -1 1 1 1</float_array>
          <technique_common>
            <accessor source="#Krychle_068-mesh-positions-array" count="8" stride="3">
              <param name="X" type="float"/>
              <param name="Y" type="float"/>
              <param name="Z" type="float"/>
            </accessor>
          </technique_common>
        </source>
        <source id="Krychle_068-mesh-normals">
          <float_array id="Krychle_068-mesh-normals-array" count="18">-1 0 0 0 1 0 1 0 0 0 -1 0 0 0 -1 0 0 1</float_array>
          <technique_common>
            <accessor source="#Krychle_068-mesh-normals-array" count="6" stride="3">
              <param name="X" type="float"/>
              <param name="Y" type="float"/>
              <param name="Z" type="float"/>
            </accessor>
          </technique_common>
        </source>
        <source id="Krychle_068-mesh-map-0">
          <float_array id="Krychle_068-mesh-map-0-array" count="72">0.625 0 0.375 0.25 0.375 0 0.625 0.25 0.375 0.5 0.375 0.25 0.625 0.5 0.375 0.75 0.375 0.5 0.625 0.75 0.375 1 0.375 0.75 0.375 0.5 0.125 0.75 0.125 0.5 0.875 0.5 0.625 0.75 0.625 0.5 0.625 0 0.625 0.25 0.375 0.25 0.625 0.25 0.625 0.5 0.375 0.5 0.625 0.5 0.625 0.75 0.375 0.75 0.625 0.75 0.625 1 0.375 1 0.375 0.5 0.375 0.75 0.125 0.75 0.875 0.5 0.875 0.75 0.625 0.75</float_array>
          <technique_common>
            <accessor source="#Krychle_068-mesh-map-0-array" count="36" stride="2">
              <param name="S" type="float"/>
              <param name="T" type="float"/>
            </accessor>
          </technique_common>
        </source>
        <vertices id="Krychle_068-mesh-vertices">
          <input semantic="POSITION" source="#Krychle_068-mesh-positions"/>
        </vertices>
        <triangles count="12">
          <input semantic="VERTEX" source="#Krychle_068-mesh-vertices" offset="0"/>
          <input semantic="NORMAL" source="#Krychle_068-mesh-normals" offset="1"/>
          <input semantic="TEXCOORD" source="#Krychle_068-mesh-map-0" offset="2" set="0"/>
          <p>1 0 0 2 0 1 0 0 2 3 1 3 6 1 4 2 1 5 7 2 6 4 2 7 6 2 8 5 3 9 0 3 10 4 3 11 6 4 12 0 4 13 2 4 14 3 5 15 5 5 16 7 5 17 1 0 18 3 0 19 2 0 20 3 1 21 7 1 22 6 1 23 7 2 24 5 2 25 4 2 26 5 3 27 1 3 28 0 3 29 6 4 30 4 4 31 0 4 32 3 5 33 1 5 34 5 5 35</p>
        </triangles>
      </mesh>
    </geometry>
    <geometry id="Krychle_067-mesh" name="Krychle.067">
      <mesh>
        <source id="Krychle_067-mesh-positions">
          <float_array id="Krychle_067-mesh-positions-array" count="24">-1 -1 -1 -1 -1 1 -1 1 -1 -1 1 1 1 -1 -1 1 -1 1 1 1 -1 1 1 1</float_array>
          <technique_common>
            <accessor source="#Krychle_067-mesh-positions-array" count="8" stride="3">
              <param name="X" type="float"/>
              <param name="Y" type="float"/>
              <param name="Z" type="float"/>
            </accessor>
          </technique_common>
        </source>
        <source id="Krychle_067-mesh-normals">
          <float_array id="Krychle_067-mesh-normals-array" count="18">-1 0 0 0 1 0 1 0 0 0 -1 0 0 0 -1 0 0 1</float_array>
          <technique_common>
            <accessor source="#Krychle_067-mesh-normals-array" count="6" stride="3">
              <param name="X" type="float"/>
              <param name="Y" type="float"/>
              <param name="Z" type="float"/>
            </accessor>
          </technique_common>
        </source>
        <source id="Krychle_067-mesh-map-0">
          <float_array id="Krychle_067-mesh-map-0-array" count="72">0.625 0 0.375 0.25 0.375 0 0.625 0.25 0.375 0.5 0.375 0.25 0.625 0.5 0.375 0.75 0.375 0.5 0.625 0.75 0.375 1 0.375 0.75 0.375 0.5 0.125 0.75 0.125 0.5 0.875 0.5 0.625 0.75 0.625 0.5 0.625 0 0.625 0.25 0.375 0.25 0.625 0.25 0.625 0.5 0.375 0.5 0.625 0.5 0.625 0.75 0.375 0.75 0.625 0.75 0.625 1 0.375 1 0.375 0.5 0.375 0.75 0.125 0.75 0.875 0.5 0.875 0.75 0.625 0.75</float_array>
          <technique_common>
            <accessor source="#Krychle_067-mesh-map-0-array" count="36" stride="2">
              <param name="S" type="float"/>
              <param name="T" type="float"/>
            </accessor>
          </technique_common>
        </source>
        <vertices id="Krychle_067-mesh-vertices">
          <input semantic="POSITION" source="#Krychle_067-mesh-positions"/>
        </vertices>
        <triangles count="12">
          <input semantic="VERTEX" source="#Krychle_067-mesh-vertices" offset="0"/>
          <input semantic="NORMAL" source="#Krychle_067-mesh-normals" offset="1"/>
          <input semantic="TEXCOORD" source="#Krychle_067-mesh-map-0" offset="2" set="0"/>
          <p>1 0 0 2 0 1 0 0 2 3 1 3 6 1 4 2 1 5 7 2 6 4 2 7 6 2 8 5 3 9 0 3 10 4 3 11 6 4 12 0 4 13 2 4 14 3 5 15 5 5 16 7 5 17 1 0 18 3 0 19 2 0 20 3 1 21 7 1 22 6 1 23 7 2 24 5 2 25 4 2 26 5 3 27 1 3 28 0 3 29 6 4 30 4 4 31 0 4 32 3 5 33 1 5 34 5 5 35</p>
        </triangles>
      </mesh>
    </geometry>
    <geometry id="Krychle_066-mesh" name="Krychle.066">
      <mesh>
        <source id="Krychle_066-mesh-positions">
          <float_array id="Krychle_066-mesh-positions-array" count="24">-1 -1 -1 -1 -1 1 -1 1 -1 -1 1 1 1 -1 -1 1 -1 1 1 1 -1 1 1 1</float_array>
          <technique_common>
            <accessor source="#Krychle_066-mesh-positions-array" count="8" stride="3">
              <param name="X" type="float"/>
              <param name="Y" type="float"/>
              <param name="Z" type="float"/>
            </accessor>
          </technique_common>
        </source>
        <source id="Krychle_066-mesh-normals">
          <float_array id="Krychle_066-mesh-normals-array" count="18">-1 0 0 0 1 0 1 0 0 0 -1 0 0 0 -1 0 0 1</float_array>
          <technique_common>
            <accessor source="#Krychle_066-mesh-normals-array" count="6" stride="3">
              <param name="X" type="float"/>
              <param name="Y" type="float"/>
              <param name="Z" type="float"/>
            </accessor>
          </technique_common>
        </source>
        <source id="Krychle_066-mesh-map-0">
          <float_array id="Krychle_066-mesh-map-0-array" count="72">0.625 0 0.375 0.25 0.375 0 0.625 0.25 0.375 0.5 0.375 0.25 0.625 0.5 0.375 0.75 0.375 0.5 0.625 0.75 0.375 1 0.375 0.75 0.375 0.5 0.125 0.75 0.125 0.5 0.875 0.5 0.625 0.75 0.625 0.5 0.625 0 0.625 0.25 0.375 0.25 0.625 0.25 0.625 0.5 0.375 0.5 0.625 0.5 0.625 0.75 0.375 0.75 0.625 0.75 0.625 1 0.375 1 0.375 0.5 0.375 0.75 0.125 0.75 0.875 0.5 0.875 0.75 0.625 0.75</float_array>
          <technique_common>
            <accessor source="#Krychle_066-mesh-map-0-array" count="36" stride="2">
              <param name="S" type="float"/>
              <param name="T" type="float"/>
            </accessor>
          </technique_common>
        </source>
        <vertices id="Krychle_066-mesh-vertices">
          <input semantic="POSITION" source="#Krychle_066-mesh-positions"/>
        </vertices>
        <triangles count="12">
          <input semantic="VERTEX" source="#Krychle_066-mesh-vertices" offset="0"/>
          <input semantic="NORMAL" source="#Krychle_066-mesh-normals" offset="1"/>
          <input semantic="TEXCOORD" source="#Krychle_066-mesh-map-0" offset="2" set="0"/>
          <p>1 0 0 2 0 1 0 0 2 3 1 3 6 1 4 2 1 5 7 2 6 4 2 7 6 2 8 5 3 9 0 3 10 4 3 11 6 4 12 0 4 13 2 4 14 3 5 15 5 5 16 7 5 17 1 0 18 3 0 19 2 0 20 3 1 21 7 1 22 6 1 23 7 2 24 5 2 25 4 2 26 5 3 27 1 3 28 0 3 29 6 4 30 4 4 31 0 4 32 3 5 33 1 5 34 5 5 35</p>
        </triangles>
      </mesh>
    </geometry>
    <geometry id="Krychle_065-mesh" name="Krychle.065">
      <mesh>
        <source id="Krychle_065-mesh-positions">
          <float_array id="Krychle_065-mesh-positions-array" count="24">-1 -1 -1 -1 -1 1 -1 1 -1 -1 1 1 1 -1 -1 1 -1 1 1 1 -1 1 1 1</float_array>
          <technique_common>
            <accessor source="#Krychle_065-mesh-positions-array" count="8" stride="3">
              <param name="X" type="float"/>
              <param name="Y" type="float"/>
              <param name="Z" type="float"/>
            </accessor>
          </technique_common>
        </source>
        <source id="Krychle_065-mesh-normals">
          <float_array id="Krychle_065-mesh-normals-array" count="18">-1 0 0 0 1 0 1 0 0 0 -1 0 0 0 -1 0 0 1</float_array>
          <technique_common>
            <accessor source="#Krychle_065-mesh-normals-array" count="6" stride="3">
              <param name="X" type="float"/>
              <param name="Y" type="float"/>
              <param name="Z" type="float"/>
            </accessor>
          </technique_common>
        </source>
        <source id="Krychle_065-mesh-map-0">
          <float_array id="Krychle_065-mesh-map-0-array" count="72">0.625 0 0.375 0.25 0.375 0 0.625 0.25 0.375 0.5 0.375 0.25 0.625 0.5 0.375 0.75 0.375 0.5 0.625 0.75 0.375 1 0.375 0.75 0.375 0.5 0.125 0.75 0.125 0.5 0.875 0.5 0.625 0.75 0.625 0.5 0.625 0 0.625 0.25 0.375 0.25 0.625 0.25 0.625 0.5 0.375 0.5 0.625 0.5 0.625 0.75 0.375 0.75 0.625 0.75 0.625 1 0.375 1 0.375 0.5 0.375 0.75 0.125 0.75 0.875 0.5 0.875 0.75 0.625 0.75</float_array>
          <technique_common>
            <accessor source="#Krychle_065-mesh-map-0-array" count="36" stride="2">
              <param name="S" type="float"/>
              <param name="T" type="float"/>
            </accessor>
          </technique_common>
        </source>
        <vertices id="Krychle_065-mesh-vertices">
          <input semantic="POSITION" source="#Krychle_065-mesh-positions"/>
        </vertices>
        <triangles count="12">
          <input semantic="VERTEX" source="#Krychle_065-mesh-vertices" offset="0"/>
          <input semantic="NORMAL" source="#Krychle_065-mesh-normals" offset="1"/>
          <input semantic="TEXCOORD" source="#Krychle_065-mesh-map-0" offset="2" set="0"/>
          <p>1 0 0 2 0 1 0 0 2 3 1 3 6 1 4 2 1 5 7 2 6 4 2 7 6 2 8 5 3 9 0 3 10 4 3 11 6 4 12 0 4 13 2 4 14 3 5 15 5 5 16 7 5 17 1 0 18 3 0 19 2 0 20 3 1 21 7 1 22 6 1 23 7 2 24 5 2 25 4 2 26 5 3 27 1 3 28 0 3 29 6 4 30 4 4 31 0 4 32 3 5 33 1 5 34 5 5 35</p>
        </triangles>
      </mesh>
    </geometry>
    <geometry id="Krychle_027-mesh" name="Krychle.027">
      <mesh>
        <source id="Krychle_027-mesh-positions">
          <float_array id="Krychle_027-mesh-positions-array" count="24">-1 -1 -1 -1 -1 1 -1 1 -1 -1 1 1 1 -1 -1 1 -1 1 1 1 -1 1 1 1</float_array>
          <technique_common>
            <accessor source="#Krychle_027-mesh-positions-array" count="8" stride="3">
              <param name="X" type="float"/>
              <param name="Y" type="float"/>
              <param name="Z" type="float"/>
            </accessor>
          </technique_common>
        </source>
        <source id="Krychle_027-mesh-normals">
          <float_array id="Krychle_027-mesh-normals-array" count="18">-1 0 0 0 1 0 1 0 0 0 -1 0 0 0 -1 0 0 1</float_array>
          <technique_common>
            <accessor source="#Krychle_027-mesh-normals-array" count="6" stride="3">
              <param name="X" type="float"/>
              <param name="Y" type="float"/>
              <param name="Z" type="float"/>
            </accessor>
          </technique_common>
        </source>
        <source id="Krychle_027-mesh-map-0">
          <float_array id="Krychle_027-mesh-map-0-array" count="72">0.625 0 0.375 0.25 0.375 0 0.625 0.25 0.375 0.5 0.375 0.25 0.625 0.5 0.375 0.75 0.375 0.5 0.625 0.75 0.375 1 0.375 0.75 0.375 0.5 0.125 0.75 0.125 0.5 0.875 0.5 0.625 0.75 0.625 0.5 0.625 0 0.625 0.25 0.375 0.25 0.625 0.25 0.625 0.5 0.375 0.5 0.625 0.5 0.625 0.75 0.375 0.75 0.625 0.75 0.625 1 0.375 1 0.375 0.5 0.375 0.75 0.125 0.75 0.875 0.5 0.875 0.75 0.625 0.75</float_array>
          <technique_common>
            <accessor source="#Krychle_027-mesh-map-0-array" count="36" stride="2">
              <param name="S" type="float"/>
              <param name="T" type="float"/>
            </accessor>
          </technique_common>
        </source>
        <vertices id="Krychle_027-mesh-vertices">
          <input semantic="POSITION" source="#Krychle_027-mesh-positions"/>
        </vertices>
        <triangles count="12">
          <input semantic="VERTEX" source="#Krychle_027-mesh-vertices" offset="0"/>
          <input semantic="NORMAL" source="#Krychle_027-mesh-normals" offset="1"/>
          <input semantic="TEXCOORD" source="#Krychle_027-mesh-map-0" offset="2" set="0"/>
          <p>1 0 0 2 0 1 0 0 2 3 1 3 6 1 4 2 1 5 7 2 6 4 2 7 6 2 8 5 3 9 0 3 10 4 3 11 6 4 12 0 4 13 2 4 14 3 5 15 5 5 16 7 5 17 1 0 18 3 0 19 2 0 20 3 1 21 7 1 22 6 1 23 7 2 24 5 2 25 4 2 26 5 3 27 1 3 28 0 3 29 6 4 30 4 4 31 0 4 32 3 5 33 1 5 34 5 5 35</p>
        </triangles>
      </mesh>
    </geometry>
    <geometry id="Krychle_026-mesh" name="Krychle.026">
      <mesh>
        <source id="Krychle_026-mesh-positions">
          <float_array id="Krychle_026-mesh-positions-array" count="24">-1 -1 -1 -1 -1 1 -1 1 -1 -1 1 1 1 -1 -1 1 -1 1 1 1 -1 1 1 1</float_array>
          <technique_common>
            <accessor source="#Krychle_026-mesh-positions-array" count="8" stride="3">
              <param name="X" type="float"/>
              <param name="Y" type="float"/>
              <param name="Z" type="float"/>
            </accessor>
          </technique_common>
        </source>
        <source id="Krychle_026-mesh-normals">
          <float_array id="Krychle_026-mesh-normals-array" count="18">-1 0 0 0 1 0 1 0 0 0 -1 0 0 0 -1 0 0 1</float_array>
          <technique_common>
            <accessor source="#Krychle_026-mesh-normals-array" count="6" stride="3">
              <param name="X" type="float"/>
              <param name="Y" type="float"/>
              <param name="Z" type="float"/>
            </accessor>
          </technique_common>
        </source>
        <source id="Krychle_026-mesh-map-0">
          <float_array id="Krychle_026-mesh-map-0-array" count="72">0.625 0 0.375 0.25 0.375 0 0.625 0.25 0.375 0.5 0.375 0.25 0.625 0.5 0.375 0.75 0.375 0.5 0.625 0.75 0.375 1 0.375 0.75 0.375 0.5 0.125 0.75 0.125 0.5 0.875 0.5 0.625 0.75 0.625 0.5 0.625 0 0.625 0.25 0.375 0.25 0.625 0.25 0.625 0.5 0.375 0.5 0.625 0.5 0.625 0.75 0.375 0.75 0.625 0.75 0.625 1 0.375 1 0.375 0.5 0.375 0.75 0.125 0.75 0.875 0.5 0.875 0.75 0.625 0.75</float_array>
          <technique_common>
            <accessor source="#Krychle_026-mesh-map-0-array" count="36" stride="2">
              <param name="S" type="float"/>
              <param name="T" type="float"/>
            </accessor>
          </technique_common>
        </source>
        <vertices id="Krychle_026-mesh-vertices">
          <input semantic="POSITION" source="#Krychle_026-mesh-positions"/>
        </vertices>
        <triangles count="12">
          <input semantic="VERTEX" source="#Krychle_026-mesh-vertices" offset="0"/>
          <input semantic="NORMAL" source="#Krychle_026-mesh-normals" offset="1"/>
          <input semantic="TEXCOORD" source="#Krychle_026-mesh-map-0" offset="2" set="0"/>
          <p>1 0 0 2 0 1 0 0 2 3 1 3 6 1 4 2 1 5 7 2 6 4 2 7 6 2 8 5 3 9 0 3 10 4 3 11 6 4 12 0 4 13 2 4 14 3 5 15 5 5 16 7 5 17 1 0 18 3 0 19 2 0 20 3 1 21 7 1 22 6 1 23 7 2 24 5 2 25 4 2 26 5 3 27 1 3 28 0 3 29 6 4 30 4 4 31 0 4 32 3 5 33 1 5 34 5 5 35</p>
        </triangles>
      </mesh>
    </geometry>
    <geometry id="Krychle_025-mesh" name="Krychle.025">
      <mesh>
        <source id="Krychle_025-mesh-positions">
          <float_array id="Krychle_025-mesh-positions-array" count="24">-1 -1 -1 -1 -1 1 -1 1 -1 -1 1 1 1 -1 -1 1 -1 1 1 1 -1 1 1 1</float_array>
          <technique_common>
            <accessor source="#Krychle_025-mesh-positions-array" count="8" stride="3">
              <param name="X" type="float"/>
              <param name="Y" type="float"/>
              <param name="Z" type="float"/>
            </accessor>
          </technique_common>
        </source>
        <source id="Krychle_025-mesh-normals">
          <float_array id="Krychle_025-mesh-normals-array" count="18">-1 0 0 0 1 0 1 0 0 0 -1 0 0 0 -1 0 0 1</float_array>
          <technique_common>
            <accessor source="#Krychle_025-mesh-normals-array" count="6" stride="3">
              <param name="X" type="float"/>
              <param name="Y" type="float"/>
              <param name="Z" type="float"/>
            </accessor>
          </technique_common>
        </source>
        <source id="Krychle_025-mesh-map-0">
          <float_array id="Krychle_025-mesh-map-0-array" count="72">0.625 0 0.375 0.25 0.375 0 0.625 0.25 0.375 0.5 0.375 0.25 0.625 0.5 0.375 0.75 0.375 0.5 0.625 0.75 0.375 1 0.375 0.75 0.375 0.5 0.125 0.75 0.125 0.5 0.875 0.5 0.625 0.75 0.625 0.5 0.625 0 0.625 0.25 0.375 0.25 0.625 0.25 0.625 0.5 0.375 0.5 0.625 0.5 0.625 0.75 0.375 0.75 0.625 0.75 0.625 1 0.375 1 0.375 0.5 0.375 0.75 0.125 0.75 0.875 0.5 0.875 0.75 0.625 0.75</float_array>
          <technique_common>
            <accessor source="#Krychle_025-mesh-map-0-array" count="36" stride="2">
              <param name="S" type="float"/>
              <param name="T" type="float"/>
            </accessor>
          </technique_common>
        </source>
        <vertices id="Krychle_025-mesh-vertices">
          <input semantic="POSITION" source="#Krychle_025-mesh-positions"/>
        </vertices>
        <triangles count="12">
          <input semantic="VERTEX" source="#Krychle_025-mesh-vertices" offset="0"/>
          <input semantic="NORMAL" source="#Krychle_025-mesh-normals" offset="1"/>
          <input semantic="TEXCOORD" source="#Krychle_025-mesh-map-0" offset="2" set="0"/>
          <p>1 0 0 2 0 1 0 0 2 3 1 3 6 1 4 2 1 5 7 2 6 4 2 7 6 2 8 5 3 9 0 3 10 4 3 11 6 4 12 0 4 13 2 4 14 3 5 15 5 5 16 7 5 17 1 0 18 3 0 19 2 0 20 3 1 21 7 1 22 6 1 23 7 2 24 5 2 25 4 2 26 5 3 27 1 3 28 0 3 29 6 4 30 4 4 31 0 4 32 3 5 33 1 5 34 5 5 35</p>
        </triangles>
      </mesh>
    </geometry>
    <geometry id="Krychle_024-mesh" name="Krychle.024">
      <mesh>
        <source id="Krychle_024-mesh-positions">
          <float_array id="Krychle_024-mesh-positions-array" count="24">-1 -1 -1 -1 -1 1 -1 1 -1 -1 1 1 1 -1 -1 1 -1 1 1 1 -1 1 1 1</float_array>
          <technique_common>
            <accessor source="#Krychle_024-mesh-positions-array" count="8" stride="3">
              <param name="X" type="float"/>
              <param name="Y" type="float"/>
              <param name="Z" type="float"/>
            </accessor>
          </technique_common>
        </source>
        <source id="Krychle_024-mesh-normals">
          <float_array id="Krychle_024-mesh-normals-array" count="18">-1 0 0 0 1 0 1 0 0 0 -1 0 0 0 -1 0 0 1</float_array>
          <technique_common>
            <accessor source="#Krychle_024-mesh-normals-array" count="6" stride="3">
              <param name="X" type="float"/>
              <param name="Y" type="float"/>
              <param name="Z" type="float"/>
            </accessor>
          </technique_common>
        </source>
        <source id="Krychle_024-mesh-map-0">
          <float_array id="Krychle_024-mesh-map-0-array" count="72">0.625 0 0.375 0.25 0.375 0 0.625 0.25 0.375 0.5 0.375 0.25 0.625 0.5 0.375 0.75 0.375 0.5 0.625 0.75 0.375 1 0.375 0.75 0.375 0.5 0.125 0.75 0.125 0.5 0.875 0.5 0.625 0.75 0.625 0.5 0.625 0 0.625 0.25 0.375 0.25 0.625 0.25 0.625 0.5 0.375 0.5 0.625 0.5 0.625 0.75 0.375 0.75 0.625 0.75 0.625 1 0.375 1 0.375 0.5 0.375 0.75 0.125 0.75 0.875 0.5 0.875 0.75 0.625 0.75</float_array>
          <technique_common>
            <accessor source="#Krychle_024-mesh-map-0-array" count="36" stride="2">
              <param name="S" type="float"/>
              <param name="T" type="float"/>
            </accessor>
          </technique_common>
        </source>
        <vertices id="Krychle_024-mesh-vertices">
          <input semantic="POSITION" source="#Krychle_024-mesh-positions"/>
        </vertices>
        <triangles count="12">
          <input semantic="VERTEX" source="#Krychle_024-mesh-vertices" offset="0"/>
          <input semantic="NORMAL" source="#Krychle_024-mesh-normals" offset="1"/>
          <input semantic="TEXCOORD" source="#Krychle_024-mesh-map-0" offset="2" set="0"/>
          <p>1 0 0 2 0 1 0 0 2 3 1 3 6 1 4 2 1 5 7 2 6 4 2 7 6 2 8 5 3 9 0 3 10 4 3 11 6 4 12 0 4 13 2 4 14 3 5 15 5 5 16 7 5 17 1 0 18 3 0 19 2 0 20 3 1 21 7 1 22 6 1 23 7 2 24 5 2 25 4 2 26 5 3 27 1 3 28 0 3 29 6 4 30 4 4 31 0 4 32 3 5 33 1 5 34 5 5 35</p>
        </triangles>
      </mesh>
    </geometry>
    <geometry id="Krychle_023-mesh" name="Krychle.023">
      <mesh>
        <source id="Krychle_023-mesh-positions">
          <float_array id="Krychle_023-mesh-positions-array" count="24">-1 -1 -1 -1 -1 1 -1 1 -1 -1 1 1 1 -1 -1 1 -1 1 1 1 -1 1 1 1</float_array>
          <technique_common>
            <accessor source="#Krychle_023-mesh-positions-array" count="8" stride="3">
              <param name="X" type="float"/>
              <param name="Y" type="float"/>
              <param name="Z" type="float"/>
            </accessor>
          </technique_common>
        </source>
        <source id="Krychle_023-mesh-normals">
          <float_array id="Krychle_023-mesh-normals-array" count="18">-1 0 0 0 1 0 1 0 0 0 -1 0 0 0 -1 0 0 1</float_array>
          <technique_common>
            <accessor source="#Krychle_023-mesh-normals-array" count="6" stride="3">
              <param name="X" type="float"/>
              <param name="Y" type="float"/>
              <param name="Z" type="float"/>
            </accessor>
          </technique_common>
        </source>
        <source id="Krychle_023-mesh-map-0">
          <float_array id="Krychle_023-mesh-map-0-array" count="72">0.625 0 0.375 0.25 0.375 0 0.625 0.25 0.375 0.5 0.375 0.25 0.625 0.5 0.375 0.75 0.375 0.5 0.625 0.75 0.375 1 0.375 0.75 0.375 0.5 0.125 0.75 0.125 0.5 0.875 0.5 0.625 0.75 0.625 0.5 0.625 0 0.625 0.25 0.375 0.25 0.625 0.25 0.625 0.5 0.375 0.5 0.625 0.5 0.625 0.75 0.375 0.75 0.625 0.75 0.625 1 0.375 1 0.375 0.5 0.375 0.75 0.125 0.75 0.875 0.5 0.875 0.75 0.625 0.75</float_array>
          <technique_common>
            <accessor source="#Krychle_023-mesh-map-0-array" count="36" stride="2">
              <param name="S" type="float"/>
              <param name="T" type="float"/>
            </accessor>
          </technique_common>
        </source>
        <vertices id="Krychle_023-mesh-vertices">
          <input semantic="POSITION" source="#Krychle_023-mesh-positions"/>
        </vertices>
        <triangles count="12">
          <input semantic="VERTEX" source="#Krychle_023-mesh-vertices" offset="0"/>
          <input semantic="NORMAL" source="#Krychle_023-mesh-normals" offset="1"/>
          <input semantic="TEXCOORD" source="#Krychle_023-mesh-map-0" offset="2" set="0"/>
          <p>1 0 0 2 0 1 0 0 2 3 1 3 6 1 4 2 1 5 7 2 6 4 2 7 6 2 8 5 3 9 0 3 10 4 3 11 6 4 12 0 4 13 2 4 14 3 5 15 5 5 16 7 5 17 1 0 18 3 0 19 2 0 20 3 1 21 7 1 22 6 1 23 7 2 24 5 2 25 4 2 26 5 3 27 1 3 28 0 3 29 6 4 30 4 4 31 0 4 32 3 5 33 1 5 34 5 5 35</p>
        </triangles>
      </mesh>
    </geometry>
    <geometry id="Krychle_022-mesh" name="Krychle.022">
      <mesh>
        <source id="Krychle_022-mesh-positions">
          <float_array id="Krychle_022-mesh-positions-array" count="24">-1 -1 -1 -1 -1 1 -1 1 -1 -1 1 1 1 -1 -1 1 -1 1 1 1 -1 1 1 1</float_array>
          <technique_common>
            <accessor source="#Krychle_022-mesh-positions-array" count="8" stride="3">
              <param name="X" type="float"/>
              <param name="Y" type="float"/>
              <param name="Z" type="float"/>
            </accessor>
          </technique_common>
        </source>
        <source id="Krychle_022-mesh-normals">
          <float_array id="Krychle_022-mesh-normals-array" count="18">-1 0 0 0 1 0 1 0 0 0 -1 0 0 0 -1 0 0 1</float_array>
          <technique_common>
            <accessor source="#Krychle_022-mesh-normals-array" count="6" stride="3">
              <param name="X" type="float"/>
              <param name="Y" type="float"/>
              <param name="Z" type="float"/>
            </accessor>
          </technique_common>
        </source>
        <source id="Krychle_022-mesh-map-0">
          <float_array id="Krychle_022-mesh-map-0-array" count="72">0.625 0 0.375 0.25 0.375 0 0.625 0.25 0.375 0.5 0.375 0.25 0.625 0.5 0.375 0.75 0.375 0.5 0.625 0.75 0.375 1 0.375 0.75 0.375 0.5 0.125 0.75 0.125 0.5 0.875 0.5 0.625 0.75 0.625 0.5 0.625 0 0.625 0.25 0.375 0.25 0.625 0.25 0.625 0.5 0.375 0.5 0.625 0.5 0.625 0.75 0.375 0.75 0.625 0.75 0.625 1 0.375 1 0.375 0.5 0.375 0.75 0.125 0.75 0.875 0.5 0.875 0.75 0.625 0.75</float_array>
          <technique_common>
            <accessor source="#Krychle_022-mesh-map-0-array" count="36" stride="2">
              <param name="S" type="float"/>
              <param name="T" type="float"/>
            </accessor>
          </technique_common>
        </source>
        <vertices id="Krychle_022-mesh-vertices">
          <input semantic="POSITION" source="#Krychle_022-mesh-positions"/>
        </vertices>
        <triangles count="12">
          <input semantic="VERTEX" source="#Krychle_022-mesh-vertices" offset="0"/>
          <input semantic="NORMAL" source="#Krychle_022-mesh-normals" offset="1"/>
          <input semantic="TEXCOORD" source="#Krychle_022-mesh-map-0" offset="2" set="0"/>
          <p>1 0 0 2 0 1 0 0 2 3 1 3 6 1 4 2 1 5 7 2 6 4 2 7 6 2 8 5 3 9 0 3 10 4 3 11 6 4 12 0 4 13 2 4 14 3 5 15 5 5 16 7 5 17 1 0 18 3 0 19 2 0 20 3 1 21 7 1 22 6 1 23 7 2 24 5 2 25 4 2 26 5 3 27 1 3 28 0 3 29 6 4 30 4 4 31 0 4 32 3 5 33 1 5 34 5 5 35</p>
        </triangles>
      </mesh>
    </geometry>
    <geometry id="Krychle_021-mesh" name="Krychle.021">
      <mesh>
        <source id="Krychle_021-mesh-positions">
          <float_array id="Krychle_021-mesh-positions-array" count="24">-1 -1 -1 -1 -1 1 -1 1 -1 -1 1 1 1 -1 -1 1 -1 1 1 1 -1 1 1 1</float_array>
          <technique_common>
            <accessor source="#Krychle_021-mesh-positions-array" count="8" stride="3">
              <param name="X" type="float"/>
              <param name="Y" type="float"/>
              <param name="Z" type="float"/>
            </accessor>
          </technique_common>
        </source>
        <source id="Krychle_021-mesh-normals">
          <float_array id="Krychle_021-mesh-normals-array" count="18">-1 0 0 0 1 0 1 0 0 0 -1 0 0 0 -1 0 0 1</float_array>
          <technique_common>
            <accessor source="#Krychle_021-mesh-normals-array" count="6" stride="3">
              <param name="X" type="float"/>
              <param name="Y" type="float"/>
              <param name="Z" type="float"/>
            </accessor>
          </technique_common>
        </source>
        <source id="Krychle_021-mesh-map-0">
          <float_array id="Krychle_021-mesh-map-0-array" count="72">0.625 0 0.375 0.25 0.375 0 0.625 0.25 0.375 0.5 0.375 0.25 0.625 0.5 0.375 0.75 0.375 0.5 0.625 0.75 0.375 1 0.375 0.75 0.375 0.5 0.125 0.75 0.125 0.5 0.875 0.5 0.625 0.75 0.625 0.5 0.625 0 0.625 0.25 0.375 0.25 0.625 0.25 0.625 0.5 0.375 0.5 0.625 0.5 0.625 0.75 0.375 0.75 0.625 0.75 0.625 1 0.375 1 0.375 0.5 0.375 0.75 0.125 0.75 0.875 0.5 0.875 0.75 0.625 0.75</float_array>
          <technique_common>
            <accessor source="#Krychle_021-mesh-map-0-array" count="36" stride="2">
              <param name="S" type="float"/>
              <param name="T" type="float"/>
            </accessor>
          </technique_common>
        </source>
        <vertices id="Krychle_021-mesh-vertices">
          <input semantic="POSITION" source="#Krychle_021-mesh-positions"/>
        </vertices>
        <triangles count="12">
          <input semantic="VERTEX" source="#Krychle_021-mesh-vertices" offset="0"/>
          <input semantic="NORMAL" source="#Krychle_021-mesh-normals" offset="1"/>
          <input semantic="TEXCOORD" source="#Krychle_021-mesh-map-0" offset="2" set="0"/>
          <p>1 0 0 2 0 1 0 0 2 3 1 3 6 1 4 2 1 5 7 2 6 4 2 7 6 2 8 5 3 9 0 3 10 4 3 11 6 4 12 0 4 13 2 4 14 3 5 15 5 5 16 7 5 17 1 0 18 3 0 19 2 0 20 3 1 21 7 1 22 6 1 23 7 2 24 5 2 25 4 2 26 5 3 27 1 3 28 0 3 29 6 4 30 4 4 31 0 4 32 3 5 33 1 5 34 5 5 35</p>
        </triangles>
      </mesh>
    </geometry>
    <geometry id="Krychle_020-mesh" name="Krychle.020">
      <mesh>
        <source id="Krychle_020-mesh-positions">
          <float_array id="Krychle_020-mesh-positions-array" count="24">-1 -1 -1 -1 -1 1 -1 1 -1 -1 1 1 1 -1 -1 1 -1 1 1 1 -1 1 1 1</float_array>
          <technique_common>
            <accessor source="#Krychle_020-mesh-positions-array" count="8" stride="3">
              <param name="X" type="float"/>
              <param name="Y" type="float"/>
              <param name="Z" type="float"/>
            </accessor>
          </technique_common>
        </source>
        <source id="Krychle_020-mesh-normals">
          <float_array id="Krychle_020-mesh-normals-array" count="18">-1 0 0 0 1 0 1 0 0 0 -1 0 0 0 -1 0 0 1</float_array>
          <technique_common>
            <accessor source="#Krychle_020-mesh-normals-array" count="6" stride="3">
              <param name="X" type="float"/>
              <param name="Y" type="float"/>
              <param name="Z" type="float"/>
            </accessor>
          </technique_common>
        </source>
        <source id="Krychle_020-mesh-map-0">
          <float_array id="Krychle_020-mesh-map-0-array" count="72">0.625 0 0.375 0.25 0.375 0 0.625 0.25 0.375 0.5 0.375 0.25 0.625 0.5 0.375 0.75 0.375 0.5 0.625 0.75 0.375 1 0.375 0.75 0.375 0.5 0.125 0.75 0.125 0.5 0.875 0.5 0.625 0.75 0.625 0.5 0.625 0 0.625 0.25 0.375 0.25 0.625 0.25 0.625 0.5 0.375 0.5 0.625 0.5 0.625 0.75 0.375 0.75 0.625 0.75 0.625 1 0.375 1 0.375 0.5 0.375 0.75 0.125 0.75 0.875 0.5 0.875 0.75 0.625 0.75</float_array>
          <technique_common>
            <accessor source="#Krychle_020-mesh-map-0-array" count="36" stride="2">
              <param name="S" type="float"/>
              <param name="T" type="float"/>
            </accessor>
          </technique_common>
        </source>
        <vertices id="Krychle_020-mesh-vertices">
          <input semantic="POSITION" source="#Krychle_020-mesh-positions"/>
        </vertices>
        <triangles count="12">
          <input semantic="VERTEX" source="#Krychle_020-mesh-vertices" offset="0"/>
          <input semantic="NORMAL" source="#Krychle_020-mesh-normals" offset="1"/>
          <input semantic="TEXCOORD" source="#Krychle_020-mesh-map-0" offset="2" set="0"/>
          <p>1 0 0 2 0 1 0 0 2 3 1 3 6 1 4 2 1 5 7 2 6 4 2 7 6 2 8 5 3 9 0 3 10 4 3 11 6 4 12 0 4 13 2 4 14 3 5 15 5 5 16 7 5 17 1 0 18 3 0 19 2 0 20 3 1 21 7 1 22 6 1 23 7 2 24 5 2 25 4 2 26 5 3 27 1 3 28 0 3 29 6 4 30 4 4 31 0 4 32 3 5 33 1 5 34 5 5 35</p>
        </triangles>
      </mesh>
    </geometry>
    <geometry id="Krychle_019-mesh" name="Krychle.019">
      <mesh>
        <source id="Krychle_019-mesh-positions">
          <float_array id="Krychle_019-mesh-positions-array" count="24">-1 -1 -1 -1 -1 1 -1 1 -1 -1 1 1 1 -1 -1 1 -1 1 1 1 -1 1 1 1</float_array>
          <technique_common>
            <accessor source="#Krychle_019-mesh-positions-array" count="8" stride="3">
              <param name="X" type="float"/>
              <param name="Y" type="float"/>
              <param name="Z" type="float"/>
            </accessor>
          </technique_common>
        </source>
        <source id="Krychle_019-mesh-normals">
          <float_array id="Krychle_019-mesh-normals-array" count="18">-1 0 0 0 1 0 1 0 0 0 -1 0 0 0 -1 0 0 1</float_array>
          <technique_common>
            <accessor source="#Krychle_019-mesh-normals-array" count="6" stride="3">
              <param name="X" type="float"/>
              <param name="Y" type="float"/>
              <param name="Z" type="float"/>
            </accessor>
          </technique_common>
        </source>
        <source id="Krychle_019-mesh-map-0">
          <float_array id="Krychle_019-mesh-map-0-array" count="72">0.625 0 0.375 0.25 0.375 0 0.625 0.25 0.375 0.5 0.375 0.25 0.625 0.5 0.375 0.75 0.375 0.5 0.625 0.75 0.375 1 0.375 0.75 0.375 0.5 0.125 0.75 0.125 0.5 0.875 0.5 0.625 0.75 0.625 0.5 0.625 0 0.625 0.25 0.375 0.25 0.625 0.25 0.625 0.5 0.375 0.5 0.625 0.5 0.625 0.75 0.375 0.75 0.625 0.75 0.625 1 0.375 1 0.375 0.5 0.375 0.75 0.125 0.75 0.875 0.5 0.875 0.75 0.625 0.75</float_array>
          <technique_common>
            <accessor source="#Krychle_019-mesh-map-0-array" count="36" stride="2">
              <param name="S" type="float"/>
              <param name="T" type="float"/>
            </accessor>
          </technique_common>
        </source>
        <vertices id="Krychle_019-mesh-vertices">
          <input semantic="POSITION" source="#Krychle_019-mesh-positions"/>
        </vertices>
        <triangles count="12">
          <input semantic="VERTEX" source="#Krychle_019-mesh-vertices" offset="0"/>
          <input semantic="NORMAL" source="#Krychle_019-mesh-normals" offset="1"/>
          <input semantic="TEXCOORD" source="#Krychle_019-mesh-map-0" offset="2" set="0"/>
          <p>1 0 0 2 0 1 0 0 2 3 1 3 6 1 4 2 1 5 7 2 6 4 2 7 6 2 8 5 3 9 0 3 10 4 3 11 6 4 12 0 4 13 2 4 14 3 5 15 5 5 16 7 5 17 1 0 18 3 0 19 2 0 20 3 1 21 7 1 22 6 1 23 7 2 24 5 2 25 4 2 26 5 3 27 1 3 28 0 3 29 6 4 30 4 4 31 0 4 32 3 5 33 1 5 34 5 5 35</p>
        </triangles>
      </mesh>
    </geometry>
    <geometry id="Krychle_018-mesh" name="Krychle.018">
      <mesh>
        <source id="Krychle_018-mesh-positions">
          <float_array id="Krychle_018-mesh-positions-array" count="24">-1 -1 -1 -1 -1 1 -1 1 -1 -1 1 1 1 -1 -1 1 -1 1 1 1 -1 1 1 1</float_array>
          <technique_common>
            <accessor source="#Krychle_018-mesh-positions-array" count="8" stride="3">
              <param name="X" type="float"/>
              <param name="Y" type="float"/>
              <param name="Z" type="float"/>
            </accessor>
          </technique_common>
        </source>
        <source id="Krychle_018-mesh-normals">
          <float_array id="Krychle_018-mesh-normals-array" count="18">-1 0 0 0 1 0 1 0 0 0 -1 0 0 0 -1 0 0 1</float_array>
          <technique_common>
            <accessor source="#Krychle_018-mesh-normals-array" count="6" stride="3">
              <param name="X" type="float"/>
              <param name="Y" type="float"/>
              <param name="Z" type="float"/>
            </accessor>
          </technique_common>
        </source>
        <source id="Krychle_018-mesh-map-0">
          <float_array id="Krychle_018-mesh-map-0-array" count="72">0.625 0 0.375 0.25 0.375 0 0.625 0.25 0.375 0.5 0.375 0.25 0.625 0.5 0.375 0.75 0.375 0.5 0.625 0.75 0.375 1 0.375 0.75 0.375 0.5 0.125 0.75 0.125 0.5 0.875 0.5 0.625 0.75 0.625 0.5 0.625 0 0.625 0.25 0.375 0.25 0.625 0.25 0.625 0.5 0.375 0.5 0.625 0.5 0.625 0.75 0.375 0.75 0.625 0.75 0.625 1 0.375 1 0.375 0.5 0.375 0.75 0.125 0.75 0.875 0.5 0.875 0.75 0.625 0.75</float_array>
          <technique_common>
            <accessor source="#Krychle_018-mesh-map-0-array" count="36" stride="2">
              <param name="S" type="float"/>
              <param name="T" type="float"/>
            </accessor>
          </technique_common>
        </source>
        <vertices id="Krychle_018-mesh-vertices">
          <input semantic="POSITION" source="#Krychle_018-mesh-positions"/>
        </vertices>
        <triangles count="12">
          <input semantic="VERTEX" source="#Krychle_018-mesh-vertices" offset="0"/>
          <input semantic="NORMAL" source="#Krychle_018-mesh-normals" offset="1"/>
          <input semantic="TEXCOORD" source="#Krychle_018-mesh-map-0" offset="2" set="0"/>
          <p>1 0 0 2 0 1 0 0 2 3 1 3 6 1 4 2 1 5 7 2 6 4 2 7 6 2 8 5 3 9 0 3 10 4 3 11 6 4 12 0 4 13 2 4 14 3 5 15 5 5 16 7 5 17 1 0 18 3 0 19 2 0 20 3 1 21 7 1 22 6 1 23 7 2 24 5 2 25 4 2 26 5 3 27 1 3 28 0 3 29 6 4 30 4 4 31 0 4 32 3 5 33 1 5 34 5 5 35</p>
        </triangles>
      </mesh>
    </geometry>
    <geometry id="Krychle_017-mesh" name="Krychle.017">
      <mesh>
        <source id="Krychle_017-mesh-positions">
          <float_array id="Krychle_017-mesh-positions-array" count="24">-1 -1 -1 -1 -1 1 -1 1 -1 -1 1 1 1 -1 -1 1 -1 1 1 1 -1 1 1 1</float_array>
          <technique_common>
            <accessor source="#Krychle_017-mesh-positions-array" count="8" stride="3">
              <param name="X" type="float"/>
              <param name="Y" type="float"/>
              <param name="Z" type="float"/>
            </accessor>
          </technique_common>
        </source>
        <source id="Krychle_017-mesh-normals">
          <float_array id="Krychle_017-mesh-normals-array" count="18">-1 0 0 0 1 0 1 0 0 0 -1 0 0 0 -1 0 0 1</float_array>
          <technique_common>
            <accessor source="#Krychle_017-mesh-normals-array" count="6" stride="3">
              <param name="X" type="float"/>
              <param name="Y" type="float"/>
              <param name="Z" type="float"/>
            </accessor>
          </technique_common>
        </source>
        <source id="Krychle_017-mesh-map-0">
          <float_array id="Krychle_017-mesh-map-0-array" count="72">0.625 0 0.375 0.25 0.375 0 0.625 0.25 0.375 0.5 0.375 0.25 0.625 0.5 0.375 0.75 0.375 0.5 0.625 0.75 0.375 1 0.375 0.75 0.375 0.5 0.125 0.75 0.125 0.5 0.875 0.5 0.625 0.75 0.625 0.5 0.625 0 0.625 0.25 0.375 0.25 0.625 0.25 0.625 0.5 0.375 0.5 0.625 0.5 0.625 0.75 0.375 0.75 0.625 0.75 0.625 1 0.375 1 0.375 0.5 0.375 0.75 0.125 0.75 0.875 0.5 0.875 0.75 0.625 0.75</float_array>
          <technique_common>
            <accessor source="#Krychle_017-mesh-map-0-array" count="36" stride="2">
              <param name="S" type="float"/>
              <param name="T" type="float"/>
            </accessor>
          </technique_common>
        </source>
        <vertices id="Krychle_017-mesh-vertices">
          <input semantic="POSITION" source="#Krychle_017-mesh-positions"/>
        </vertices>
        <triangles count="12">
          <input semantic="VERTEX" source="#Krychle_017-mesh-vertices" offset="0"/>
          <input semantic="NORMAL" source="#Krychle_017-mesh-normals" offset="1"/>
          <input semantic="TEXCOORD" source="#Krychle_017-mesh-map-0" offset="2" set="0"/>
          <p>1 0 0 2 0 1 0 0 2 3 1 3 6 1 4 2 1 5 7 2 6 4 2 7 6 2 8 5 3 9 0 3 10 4 3 11 6 4 12 0 4 13 2 4 14 3 5 15 5 5 16 7 5 17 1 0 18 3 0 19 2 0 20 3 1 21 7 1 22 6 1 23 7 2 24 5 2 25 4 2 26 5 3 27 1 3 28 0 3 29 6 4 30 4 4 31 0 4 32 3 5 33 1 5 34 5 5 35</p>
        </triangles>
      </mesh>
    </geometry>
    <geometry id="Krychle_016-mesh" name="Krychle.016">
      <mesh>
        <source id="Krychle_016-mesh-positions">
          <float_array id="Krychle_016-mesh-positions-array" count="24">-1 -1 -1 -1 -1 1 -1 1 -1 -1 1 1 1 -1 -1 1 -1 1 1 1 -1 1 1 1</float_array>
          <technique_common>
            <accessor source="#Krychle_016-mesh-positions-array" count="8" stride="3">
              <param name="X" type="float"/>
              <param name="Y" type="float"/>
              <param name="Z" type="float"/>
            </accessor>
          </technique_common>
        </source>
        <source id="Krychle_016-mesh-normals">
          <float_array id="Krychle_016-mesh-normals-array" count="18">-1 0 0 0 1 0 1 0 0 0 -1 0 0 0 -1 0 0 1</float_array>
          <technique_common>
            <accessor source="#Krychle_016-mesh-normals-array" count="6" stride="3">
              <param name="X" type="float"/>
              <param name="Y" type="float"/>
              <param name="Z" type="float"/>
            </accessor>
          </technique_common>
        </source>
        <source id="Krychle_016-mesh-map-0">
          <float_array id="Krychle_016-mesh-map-0-array" count="72">0.625 0 0.375 0.25 0.375 0 0.625 0.25 0.375 0.5 0.375 0.25 0.625 0.5 0.375 0.75 0.375 0.5 0.625 0.75 0.375 1 0.375 0.75 0.375 0.5 0.125 0.75 0.125 0.5 0.875 0.5 0.625 0.75 0.625 0.5 0.625 0 0.625 0.25 0.375 0.25 0.625 0.25 0.625 0.5 0.375 0.5 0.625 0.5 0.625 0.75 0.375 0.75 0.625 0.75 0.625 1 0.375 1 0.375 0.5 0.375 0.75 0.125 0.75 0.875 0.5 0.875 0.75 0.625 0.75</float_array>
          <technique_common>
            <accessor source="#Krychle_016-mesh-map-0-array" count="36" stride="2">
              <param name="S" type="float"/>
              <param name="T" type="float"/>
            </accessor>
          </technique_common>
        </source>
        <vertices id="Krychle_016-mesh-vertices">
          <input semantic="POSITION" source="#Krychle_016-mesh-positions"/>
        </vertices>
        <triangles count="12">
          <input semantic="VERTEX" source="#Krychle_016-mesh-vertices" offset="0"/>
          <input semantic="NORMAL" source="#Krychle_016-mesh-normals" offset="1"/>
          <input semantic="TEXCOORD" source="#Krychle_016-mesh-map-0" offset="2" set="0"/>
          <p>1 0 0 2 0 1 0 0 2 3 1 3 6 1 4 2 1 5 7 2 6 4 2 7 6 2 8 5 3 9 0 3 10 4 3 11 6 4 12 0 4 13 2 4 14 3 5 15 5 5 16 7 5 17 1 0 18 3 0 19 2 0 20 3 1 21 7 1 22 6 1 23 7 2 24 5 2 25 4 2 26 5 3 27 1 3 28 0 3 29 6 4 30 4 4 31 0 4 32 3 5 33 1 5 34 5 5 35</p>
        </triangles>
      </mesh>
    </geometry>
    <geometry id="Krychle_015-mesh" name="Krychle.015">
      <mesh>
        <source id="Krychle_015-mesh-positions">
          <float_array id="Krychle_015-mesh-positions-array" count="24">-1 -1 -1 -1 -1 1 -1 1 -1 -1 1 1 1 -1 -1 1 -1 1 1 1 -1 1 1 1</float_array>
          <technique_common>
            <accessor source="#Krychle_015-mesh-positions-array" count="8" stride="3">
              <param name="X" type="float"/>
              <param name="Y" type="float"/>
              <param name="Z" type="float"/>
            </accessor>
          </technique_common>
        </source>
        <source id="Krychle_015-mesh-normals">
          <float_array id="Krychle_015-mesh-normals-array" count="18">-1 0 0 0 1 0 1 0 0 0 -1 0 0 0 -1 0 0 1</float_array>
          <technique_common>
            <accessor source="#Krychle_015-mesh-normals-array" count="6" stride="3">
              <param name="X" type="float"/>
              <param name="Y" type="float"/>
              <param name="Z" type="float"/>
            </accessor>
          </technique_common>
        </source>
        <source id="Krychle_015-mesh-map-0">
          <float_array id="Krychle_015-mesh-map-0-array" count="72">0.625 0 0.375 0.25 0.375 0 0.625 0.25 0.375 0.5 0.375 0.25 0.625 0.5 0.375 0.75 0.375 0.5 0.625 0.75 0.375 1 0.375 0.75 0.375 0.5 0.125 0.75 0.125 0.5 0.875 0.5 0.625 0.75 0.625 0.5 0.625 0 0.625 0.25 0.375 0.25 0.625 0.25 0.625 0.5 0.375 0.5 0.625 0.5 0.625 0.75 0.375 0.75 0.625 0.75 0.625 1 0.375 1 0.375 0.5 0.375 0.75 0.125 0.75 0.875 0.5 0.875 0.75 0.625 0.75</float_array>
          <technique_common>
            <accessor source="#Krychle_015-mesh-map-0-array" count="36" stride="2">
              <param name="S" type="float"/>
              <param name="T" type="float"/>
            </accessor>
          </technique_common>
        </source>
        <vertices id="Krychle_015-mesh-vertices">
          <input semantic="POSITION" source="#Krychle_015-mesh-positions"/>
        </vertices>
        <triangles count="12">
          <input semantic="VERTEX" source="#Krychle_015-mesh-vertices" offset="0"/>
          <input semantic="NORMAL" source="#Krychle_015-mesh-normals" offset="1"/>
          <input semantic="TEXCOORD" source="#Krychle_015-mesh-map-0" offset="2" set="0"/>
          <p>1 0 0 2 0 1 0 0 2 3 1 3 6 1 4 2 1 5 7 2 6 4 2 7 6 2 8 5 3 9 0 3 10 4 3 11 6 4 12 0 4 13 2 4 14 3 5 15 5 5 16 7 5 17 1 0 18 3 0 19 2 0 20 3 1 21 7 1 22 6 1 23 7 2 24 5 2 25 4 2 26 5 3 27 1 3 28 0 3 29 6 4 30 4 4 31 0 4 32 3 5 33 1 5 34 5 5 35</p>
        </triangles>
      </mesh>
    </geometry>
    <geometry id="Krychle_014-mesh" name="Krychle.014">
      <mesh>
        <source id="Krychle_014-mesh-positions">
          <float_array id="Krychle_014-mesh-positions-array" count="24">-1 -1 -1 -1 -1 1 -1 1 -1 -1 1 1 1 -1 -1 1 -1 1 1 1 -1 1 1 1</float_array>
          <technique_common>
            <accessor source="#Krychle_014-mesh-positions-array" count="8" stride="3">
              <param name="X" type="float"/>
              <param name="Y" type="float"/>
              <param name="Z" type="float"/>
            </accessor>
          </technique_common>
        </source>
        <source id="Krychle_014-mesh-normals">
          <float_array id="Krychle_014-mesh-normals-array" count="18">-1 0 0 0 1 0 1 0 0 0 -1 0 0 0 -1 0 0 1</float_array>
          <technique_common>
            <accessor source="#Krychle_014-mesh-normals-array" count="6" stride="3">
              <param name="X" type="float"/>
              <param name="Y" type="float"/>
              <param name="Z" type="float"/>
            </accessor>
          </technique_common>
        </source>
        <source id="Krychle_014-mesh-map-0">
          <float_array id="Krychle_014-mesh-map-0-array" count="72">0.625 0 0.375 0.25 0.375 0 0.625 0.25 0.375 0.5 0.375 0.25 0.625 0.5 0.375 0.75 0.375 0.5 0.625 0.75 0.375 1 0.375 0.75 0.375 0.5 0.125 0.75 0.125 0.5 0.875 0.5 0.625 0.75 0.625 0.5 0.625 0 0.625 0.25 0.375 0.25 0.625 0.25 0.625 0.5 0.375 0.5 0.625 0.5 0.625 0.75 0.375 0.75 0.625 0.75 0.625 1 0.375 1 0.375 0.5 0.375 0.75 0.125 0.75 0.875 0.5 0.875 0.75 0.625 0.75</float_array>
          <technique_common>
            <accessor source="#Krychle_014-mesh-map-0-array" count="36" stride="2">
              <param name="S" type="float"/>
              <param name="T" type="float"/>
            </accessor>
          </technique_common>
        </source>
        <vertices id="Krychle_014-mesh-vertices">
          <input semantic="POSITION" source="#Krychle_014-mesh-positions"/>
        </vertices>
        <triangles count="12">
          <input semantic="VERTEX" source="#Krychle_014-mesh-vertices" offset="0"/>
          <input semantic="NORMAL" source="#Krychle_014-mesh-normals" offset="1"/>
          <input semantic="TEXCOORD" source="#Krychle_014-mesh-map-0" offset="2" set="0"/>
          <p>1 0 0 2 0 1 0 0 2 3 1 3 6 1 4 2 1 5 7 2 6 4 2 7 6 2 8 5 3 9 0 3 10 4 3 11 6 4 12 0 4 13 2 4 14 3 5 15 5 5 16 7 5 17 1 0 18 3 0 19 2 0 20 3 1 21 7 1 22 6 1 23 7 2 24 5 2 25 4 2 26 5 3 27 1 3 28 0 3 29 6 4 30 4 4 31 0 4 32 3 5 33 1 5 34 5 5 35</p>
        </triangles>
      </mesh>
    </geometry>
    <geometry id="Krychle_013-mesh" name="Krychle.013">
      <mesh>
        <source id="Krychle_013-mesh-positions">
          <float_array id="Krychle_013-mesh-positions-array" count="24">-1 -1 -1 -1 -1 1 -1 1 -1 -1 1 1 1 -1 -1 1 -1 1 1 1 -1 1 1 1</float_array>
          <technique_common>
            <accessor source="#Krychle_013-mesh-positions-array" count="8" stride="3">
              <param name="X" type="float"/>
              <param name="Y" type="float"/>
              <param name="Z" type="float"/>
            </accessor>
          </technique_common>
        </source>
        <source id="Krychle_013-mesh-normals">
          <float_array id="Krychle_013-mesh-normals-array" count="18">-1 0 0 0 1 0 1 0 0 0 -1 0 0 0 -1 0 0 1</float_array>
          <technique_common>
            <accessor source="#Krychle_013-mesh-normals-array" count="6" stride="3">
              <param name="X" type="float"/>
              <param name="Y" type="float"/>
              <param name="Z" type="float"/>
            </accessor>
          </technique_common>
        </source>
        <source id="Krychle_013-mesh-map-0">
          <float_array id="Krychle_013-mesh-map-0-array" count="72">0.625 0 0.375 0.25 0.375 0 0.625 0.25 0.375 0.5 0.375 0.25 0.625 0.5 0.375 0.75 0.375 0.5 0.625 0.75 0.375 1 0.375 0.75 0.375 0.5 0.125 0.75 0.125 0.5 0.875 0.5 0.625 0.75 0.625 0.5 0.625 0 0.625 0.25 0.375 0.25 0.625 0.25 0.625 0.5 0.375 0.5 0.625 0.5 0.625 0.75 0.375 0.75 0.625 0.75 0.625 1 0.375 1 0.375 0.5 0.375 0.75 0.125 0.75 0.875 0.5 0.875 0.75 0.625 0.75</float_array>
          <technique_common>
            <accessor source="#Krychle_013-mesh-map-0-array" count="36" stride="2">
              <param name="S" type="float"/>
              <param name="T" type="float"/>
            </accessor>
          </technique_common>
        </source>
        <vertices id="Krychle_013-mesh-vertices">
          <input semantic="POSITION" source="#Krychle_013-mesh-positions"/>
        </vertices>
        <triangles count="12">
          <input semantic="VERTEX" source="#Krychle_013-mesh-vertices" offset="0"/>
          <input semantic="NORMAL" source="#Krychle_013-mesh-normals" offset="1"/>
          <input semantic="TEXCOORD" source="#Krychle_013-mesh-map-0" offset="2" set="0"/>
          <p>1 0 0 2 0 1 0 0 2 3 1 3 6 1 4 2 1 5 7 2 6 4 2 7 6 2 8 5 3 9 0 3 10 4 3 11 6 4 12 0 4 13 2 4 14 3 5 15 5 5 16 7 5 17 1 0 18 3 0 19 2 0 20 3 1 21 7 1 22 6 1 23 7 2 24 5 2 25 4 2 26 5 3 27 1 3 28 0 3 29 6 4 30 4 4 31 0 4 32 3 5 33 1 5 34 5 5 35</p>
        </triangles>
      </mesh>
    </geometry>
    <geometry id="Krychle_012-mesh" name="Krychle.012">
      <mesh>
        <source id="Krychle_012-mesh-positions">
          <float_array id="Krychle_012-mesh-positions-array" count="24">-1 -1 -1 -1 -1 1 -1 1 -1 -1 1 1 1 -1 -1 1 -1 1 1 1 -1 1 1 1</float_array>
          <technique_common>
            <accessor source="#Krychle_012-mesh-positions-array" count="8" stride="3">
              <param name="X" type="float"/>
              <param name="Y" type="float"/>
              <param name="Z" type="float"/>
            </accessor>
          </technique_common>
        </source>
        <source id="Krychle_012-mesh-normals">
          <float_array id="Krychle_012-mesh-normals-array" count="18">-1 0 0 0 1 0 1 0 0 0 -1 0 0 0 -1 0 0 1</float_array>
          <technique_common>
            <accessor source="#Krychle_012-mesh-normals-array" count="6" stride="3">
              <param name="X" type="float"/>
              <param name="Y" type="float"/>
              <param name="Z" type="float"/>
            </accessor>
          </technique_common>
        </source>
        <source id="Krychle_012-mesh-map-0">
          <float_array id="Krychle_012-mesh-map-0-array" count="72">0.625 0 0.375 0.25 0.375 0 0.625 0.25 0.375 0.5 0.375 0.25 0.625 0.5 0.375 0.75 0.375 0.5 0.625 0.75 0.375 1 0.375 0.75 0.375 0.5 0.125 0.75 0.125 0.5 0.875 0.5 0.625 0.75 0.625 0.5 0.625 0 0.625 0.25 0.375 0.25 0.625 0.25 0.625 0.5 0.375 0.5 0.625 0.5 0.625 0.75 0.375 0.75 0.625 0.75 0.625 1 0.375 1 0.375 0.5 0.375 0.75 0.125 0.75 0.875 0.5 0.875 0.75 0.625 0.75</float_array>
          <technique_common>
            <accessor source="#Krychle_012-mesh-map-0-array" count="36" stride="2">
              <param name="S" type="float"/>
              <param name="T" type="float"/>
            </accessor>
          </technique_common>
        </source>
        <vertices id="Krychle_012-mesh-vertices">
          <input semantic="POSITION" source="#Krychle_012-mesh-positions"/>
        </vertices>
        <triangles count="12">
          <input semantic="VERTEX" source="#Krychle_012-mesh-vertices" offset="0"/>
          <input semantic="NORMAL" source="#Krychle_012-mesh-normals" offset="1"/>
          <input semantic="TEXCOORD" source="#Krychle_012-mesh-map-0" offset="2" set="0"/>
          <p>1 0 0 2 0 1 0 0 2 3 1 3 6 1 4 2 1 5 7 2 6 4 2 7 6 2 8 5 3 9 0 3 10 4 3 11 6 4 12 0 4 13 2 4 14 3 5 15 5 5 16 7 5 17 1 0 18 3 0 19 2 0 20 3 1 21 7 1 22 6 1 23 7 2 24 5 2 25 4 2 26 5 3 27 1 3 28 0 3 29 6 4 30 4 4 31 0 4 32 3 5 33 1 5 34 5 5 35</p>
        </triangles>
      </mesh>
    </geometry>
    <geometry id="Krychle_011-mesh" name="Krychle.011">
      <mesh>
        <source id="Krychle_011-mesh-positions">
          <float_array id="Krychle_011-mesh-positions-array" count="24">-1 -1 -1 -1 -1 1 -1 1 -1 -1 1 1 1 -1 -1 1 -1 1 1 1 -1 1 1 1</float_array>
          <technique_common>
            <accessor source="#Krychle_011-mesh-positions-array" count="8" stride="3">
              <param name="X" type="float"/>
              <param name="Y" type="float"/>
              <param name="Z" type="float"/>
            </accessor>
          </technique_common>
        </source>
        <source id="Krychle_011-mesh-normals">
          <float_array id="Krychle_011-mesh-normals-array" count="18">-1 0 0 0 1 0 1 0 0 0 -1 0 0 0 -1 0 0 1</float_array>
          <technique_common>
            <accessor source="#Krychle_011-mesh-normals-array" count="6" stride="3">
              <param name="X" type="float"/>
              <param name="Y" type="float"/>
              <param name="Z" type="float"/>
            </accessor>
          </technique_common>
        </source>
        <source id="Krychle_011-mesh-map-0">
          <float_array id="Krychle_011-mesh-map-0-array" count="72">0.625 0 0.375 0.25 0.375 0 0.625 0.25 0.375 0.5 0.375 0.25 0.625 0.5 0.375 0.75 0.375 0.5 0.625 0.75 0.375 1 0.375 0.75 0.375 0.5 0.125 0.75 0.125 0.5 0.875 0.5 0.625 0.75 0.625 0.5 0.625 0 0.625 0.25 0.375 0.25 0.625 0.25 0.625 0.5 0.375 0.5 0.625 0.5 0.625 0.75 0.375 0.75 0.625 0.75 0.625 1 0.375 1 0.375 0.5 0.375 0.75 0.125 0.75 0.875 0.5 0.875 0.75 0.625 0.75</float_array>
          <technique_common>
            <accessor source="#Krychle_011-mesh-map-0-array" count="36" stride="2">
              <param name="S" type="float"/>
              <param name="T" type="float"/>
            </accessor>
          </technique_common>
        </source>
        <vertices id="Krychle_011-mesh-vertices">
          <input semantic="POSITION" source="#Krychle_011-mesh-positions"/>
        </vertices>
        <triangles count="12">
          <input semantic="VERTEX" source="#Krychle_011-mesh-vertices" offset="0"/>
          <input semantic="NORMAL" source="#Krychle_011-mesh-normals" offset="1"/>
          <input semantic="TEXCOORD" source="#Krychle_011-mesh-map-0" offset="2" set="0"/>
          <p>1 0 0 2 0 1 0 0 2 3 1 3 6 1 4 2 1 5 7 2 6 4 2 7 6 2 8 5 3 9 0 3 10 4 3 11 6 4 12 0 4 13 2 4 14 3 5 15 5 5 16 7 5 17 1 0 18 3 0 19 2 0 20 3 1 21 7 1 22 6 1 23 7 2 24 5 2 25 4 2 26 5 3 27 1 3 28 0 3 29 6 4 30 4 4 31 0 4 32 3 5 33 1 5 34 5 5 35</p>
        </triangles>
      </mesh>
    </geometry>
    <geometry id="Krychle_010-mesh" name="Krychle.010">
      <mesh>
        <source id="Krychle_010-mesh-positions">
          <float_array id="Krychle_010-mesh-positions-array" count="24">-1 -1 -1 -1 -1 1 -1 1 -1 -1 1 1 1 -1 -1 1 -1 1 1 1 -1 1 1 1</float_array>
          <technique_common>
            <accessor source="#Krychle_010-mesh-positions-array" count="8" stride="3">
              <param name="X" type="float"/>
              <param name="Y" type="float"/>
              <param name="Z" type="float"/>
            </accessor>
          </technique_common>
        </source>
        <source id="Krychle_010-mesh-normals">
          <float_array id="Krychle_010-mesh-normals-array" count="18">-1 0 0 0 1 0 1 0 0 0 -1 0 0 0 -1 0 0 1</float_array>
          <technique_common>
            <accessor source="#Krychle_010-mesh-normals-array" count="6" stride="3">
              <param name="X" type="float"/>
              <param name="Y" type="float"/>
              <param name="Z" type="float"/>
            </accessor>
          </technique_common>
        </source>
        <source id="Krychle_010-mesh-map-0">
          <float_array id="Krychle_010-mesh-map-0-array" count="72">0.625 0 0.375 0.25 0.375 0 0.625 0.25 0.375 0.5 0.375 0.25 0.625 0.5 0.375 0.75 0.375 0.5 0.625 0.75 0.375 1 0.375 0.75 0.375 0.5 0.125 0.75 0.125 0.5 0.875 0.5 0.625 0.75 0.625 0.5 0.625 0 0.625 0.25 0.375 0.25 0.625 0.25 0.625 0.5 0.375 0.5 0.625 0.5 0.625 0.75 0.375 0.75 0.625 0.75 0.625 1 0.375 1 0.375 0.5 0.375 0.75 0.125 0.75 0.875 0.5 0.875 0.75 0.625 0.75</float_array>
          <technique_common>
            <accessor source="#Krychle_010-mesh-map-0-array" count="36" stride="2">
              <param name="S" type="float"/>
              <param name="T" type="float"/>
            </accessor>
          </technique_common>
        </source>
        <vertices id="Krychle_010-mesh-vertices">
          <input semantic="POSITION" source="#Krychle_010-mesh-positions"/>
        </vertices>
        <triangles count="12">
          <input semantic="VERTEX" source="#Krychle_010-mesh-vertices" offset="0"/>
          <input semantic="NORMAL" source="#Krychle_010-mesh-normals" offset="1"/>
          <input semantic="TEXCOORD" source="#Krychle_010-mesh-map-0" offset="2" set="0"/>
          <p>1 0 0 2 0 1 0 0 2 3 1 3 6 1 4 2 1 5 7 2 6 4 2 7 6 2 8 5 3 9 0 3 10 4 3 11 6 4 12 0 4 13 2 4 14 3 5 15 5 5 16 7 5 17 1 0 18 3 0 19 2 0 20 3 1 21 7 1 22 6 1 23 7 2 24 5 2 25 4 2 26 5 3 27 1 3 28 0 3 29 6 4 30 4 4 31 0 4 32 3 5 33 1 5 34 5 5 35</p>
        </triangles>
      </mesh>
    </geometry>
    <geometry id="Krychle_009-mesh" name="Krychle.009">
      <mesh>
        <source id="Krychle_009-mesh-positions">
          <float_array id="Krychle_009-mesh-positions-array" count="24">-1 -1 -1 -1 -1 1 -1 1 -1 -1 1 1 1 -1 -1 1 -1 1 1 1 -1 1 1 1</float_array>
          <technique_common>
            <accessor source="#Krychle_009-mesh-positions-array" count="8" stride="3">
              <param name="X" type="float"/>
              <param name="Y" type="float"/>
              <param name="Z" type="float"/>
            </accessor>
          </technique_common>
        </source>
        <source id="Krychle_009-mesh-normals">
          <float_array id="Krychle_009-mesh-normals-array" count="18">-1 0 0 0 1 0 1 0 0 0 -1 0 0 0 -1 0 0 1</float_array>
          <technique_common>
            <accessor source="#Krychle_009-mesh-normals-array" count="6" stride="3">
              <param name="X" type="float"/>
              <param name="Y" type="float"/>
              <param name="Z" type="float"/>
            </accessor>
          </technique_common>
        </source>
        <source id="Krychle_009-mesh-map-0">
          <float_array id="Krychle_009-mesh-map-0-array" count="72">0.625 0 0.375 0.25 0.375 0 0.625 0.25 0.375 0.5 0.375 0.25 0.625 0.5 0.375 0.75 0.375 0.5 0.625 0.75 0.375 1 0.375 0.75 0.375 0.5 0.125 0.75 0.125 0.5 0.875 0.5 0.625 0.75 0.625 0.5 0.625 0 0.625 0.25 0.375 0.25 0.625 0.25 0.625 0.5 0.375 0.5 0.625 0.5 0.625 0.75 0.375 0.75 0.625 0.75 0.625 1 0.375 1 0.375 0.5 0.375 0.75 0.125 0.75 0.875 0.5 0.875 0.75 0.625 0.75</float_array>
          <technique_common>
            <accessor source="#Krychle_009-mesh-map-0-array" count="36" stride="2">
              <param name="S" type="float"/>
              <param name="T" type="float"/>
            </accessor>
          </technique_common>
        </source>
        <vertices id="Krychle_009-mesh-vertices">
          <input semantic="POSITION" source="#Krychle_009-mesh-positions"/>
        </vertices>
        <triangles count="12">
          <input semantic="VERTEX" source="#Krychle_009-mesh-vertices" offset="0"/>
          <input semantic="NORMAL" source="#Krychle_009-mesh-normals" offset="1"/>
          <input semantic="TEXCOORD" source="#Krychle_009-mesh-map-0" offset="2" set="0"/>
          <p>1 0 0 2 0 1 0 0 2 3 1 3 6 1 4 2 1 5 7 2 6 4 2 7 6 2 8 5 3 9 0 3 10 4 3 11 6 4 12 0 4 13 2 4 14 3 5 15 5 5 16 7 5 17 1 0 18 3 0 19 2 0 20 3 1 21 7 1 22 6 1 23 7 2 24 5 2 25 4 2 26 5 3 27 1 3 28 0 3 29 6 4 30 4 4 31 0 4 32 3 5 33 1 5 34 5 5 35</p>
        </triangles>
      </mesh>
    </geometry>
    <geometry id="Krychle-mesh" name="Krychle">
      <mesh>
        <source id="Krychle-mesh-positions">
          <float_array id="Krychle-mesh-positions-array" count="24">-1 -1 -1 -1 -1 1 -1 1 -1 -1 1 1 1 -1 -1 1 -1 1 1 1 -1 1 1 1</float_array>
          <technique_common>
            <accessor source="#Krychle-mesh-positions-array" count="8" stride="3">
              <param name="X" type="float"/>
              <param name="Y" type="float"/>
              <param name="Z" type="float"/>
            </accessor>
          </technique_common>
        </source>
        <source id="Krychle-mesh-normals">
          <float_array id="Krychle-mesh-normals-array" count="18">-1 0 0 0 1 0 1 0 0 0 -1 0 0 0 -1 0 0 1</float_array>
          <technique_common>
            <accessor source="#Krychle-mesh-normals-array" count="6" stride="3">
              <param name="X" type="float"/>
              <param name="Y" type="float"/>
              <param name="Z" type="float"/>
            </accessor>
          </technique_common>
        </source>
        <source id="Krychle-mesh-map-0">
          <float_array id="Krychle-mesh-map-0-array" count="72">0.625 0 0.375 0.25 0.375 0 0.625 0.25 0.375 0.5 0.375 0.25 0.625 0.5 0.375 0.75 0.375 0.5 0.625 0.75 0.375 1 0.375 0.75 0.375 0.5 0.125 0.75 0.125 0.5 0.875 0.5 0.625 0.75 0.625 0.5 0.625 0 0.625 0.25 0.375 0.25 0.625 0.25 0.625 0.5 0.375 0.5 0.625 0.5 0.625 0.75 0.375 0.75 0.625 0.75 0.625 1 0.375 1 0.375 0.5 0.375 0.75 0.125 0.75 0.875 0.5 0.875 0.75 0.625 0.75</float_array>
          <technique_common>
            <accessor source="#Krychle-mesh-map-0-array" count="36" stride="2">
              <param name="S" type="float"/>
              <param name="T" type="float"/>
            </accessor>
          </technique_common>
        </source>
        <vertices id="Krychle-mesh-vertices">
          <input semantic="POSITION" source="#Krychle-mesh-positions"/>
        </vertices>
        <triangles count="12">
          <input semantic="VERTEX" source="#Krychle-mesh-vertices" offset="0"/>
          <input semantic="NORMAL" source="#Krychle-mesh-normals" offset="1"/>
          <input semantic="TEXCOORD" source="#Krychle-mesh-map-0" offset="2" set="0"/>
          <p>1 0 0 2 0 1 0 0 2 3 1 3 6 1 4 2 1 5 7 2 6 4 2 7 6 2 8 5 3 9 0 3 10 4 3 11 6 4 12 0 4 13 2 4 14 3 5 15 5 5 16 7 5 17 1 0 18 3 0 19 2 0 20 3 1 21 7 1 22 6 1 23 7 2 24 5 2 25 4 2 26 5 3 27 1 3 28 0 3 29 6 4 30 4 4 31 0 4 32 3 5 33 1 5 34 5 5 35</p>
        </triangles>
      </mesh>
    </geometry>
  </library_geometries>
  <library_visual_scenes>
    <visual_scene id="Scene" name="Scene">
      <node id="Policka_027" name="Policka.027" type="NODE">
        <matrix sid="transform">1.545 0 0 5.945 0 0.525 8.14603e-10 6.818186 0 -8.55334e-8 0.005 1.975 0 0 0 1</matrix>
        <instance_geometry url="#Krychle_055-mesh" name="Policka.027"/>
      </node>
      <node id="Policka_026" name="Policka.026" type="NODE">
        <matrix sid="transform">1.545 0 0 5.945 0 0.525 8.14603e-10 6.818186 0 -8.55334e-8 0.005 0.9849999 0 0 0 1</matrix>
        <instance_geometry url="#Krychle_054-mesh" name="Policka.026"/>
      </node>
      <node id="Policka_006" name="Policka.006" type="NODE">
        <matrix sid="transform">1.545 0 0 2.695 0 0.525 8.14603e-10 6.818186 0 -8.55334e-8 0.005 1.975 0 0 0 1</matrix>
        <instance_geometry url="#Krychle_093-mesh" name="Policka.006"/>
      </node>
      <node id="Policka_005" name="Policka.005" type="NODE">
        <matrix sid="transform">1.545 0 0 2.695 0 0.525 8.14603e-10 6.818186 0 -8.55334e-8 0.005 0.9849999 0 0 0 1</matrix>
        <instance_geometry url="#Krychle_094-mesh" name="Policka.005"/>
      </node>
      <node id="Policka_004" name="Policka.004" type="NODE">
        <matrix sid="transform">1.545 0 0 2.695 0 0.525 8.14603e-10 11.3602 0 -8.55334e-8 0.005 1.975 0 0 0 1</matrix>
        <instance_geometry url="#Krychle_002-mesh" name="Policka.004"/>
      </node>
      <node id="Policka_003" name="Policka.003" type="NODE">
        <matrix sid="transform">1.545 0 0 2.695 0 0.525 8.14603e-10 11.3602 0 -8.55334e-8 0.005 0.9849999 0 0 0 1</matrix>
        <instance_geometry url="#Krychle_001-mesh" name="Policka.003"/>
      </node>
      <node id="Policka_002" name="Policka.002" type="NODE">
        <matrix sid="transform">1.545 0 0 5.945001 0 0.525 8.14603e-10 11.3602 0 -8.55334e-8 0.005 0.9849999 0 0 0 1</matrix>
        <instance_geometry url="#Krychle_058-mesh" name="Policka.002"/>
      </node>
      <node id="Policka_001" name="Policka.001" type="NODE">
        <matrix sid="transform">1.545 0 0 5.945001 0 0.525 8.14603e-10 11.3602 0 -8.55334e-8 0.005 1.975 0 0 0 1</matrix>
        <instance_geometry url="#Krychle_057-mesh" name="Policka.001"/>
      </node>
      <node id="Krychle_027" name="Krychle.027" type="NODE">
        <matrix sid="transform">0.025 0 0 6.871999 0 0.475 3.25841e-9 6.818186 0 -7.73873e-8 0.02 2.935 0 0 0 1</matrix>
        <instance_geometry url="#Krychle_123-mesh" name="Krychle.027"/>
      </node>
      <node id="Krychle_026" name="Krychle.026" type="NODE">
        <matrix sid="transform">0.025 0 0 5.636 0 0.475 3.25841e-9 6.818186 0 -7.73873e-8 0.02 2.935 0 0 0 1</matrix>
        <instance_geometry url="#Krychle_122-mesh" name="Krychle.026"/>
      </node>
      <node id="Krychle_025" name="Krychle.025" type="NODE">
        <matrix sid="transform">1.545 0 0 5.945 0 0.025 1.05898e-8 7.318186 0 -4.07302e-9 0.065 2.895 0 0 0 1</matrix>
        <instance_geometry url="#Krychle_053-mesh" name="Krychle.025"/>
      </node>
      <node id="Krychle_024" name="Krychle.024" type="NODE">
        <matrix sid="transform">1.545 0 0 5.945 0 0.025 1.05898e-8 7.318186 0 -4.07302e-9 0.065 1.905 0 0 0 1</matrix>
        <instance_geometry url="#Krychle_052-mesh" name="Krychle.024"/>
      </node>
      <node id="Krychle_023" name="Krychle.023" type="NODE">
        <matrix sid="transform">1.545 0 0 5.945 0 0.025 1.05898e-8 7.318186 0 -4.07302e-9 0.065 0.915 0 0 0 1</matrix>
        <instance_geometry url="#Krychle_051-mesh" name="Krychle.023"/>
      </node>
      <node id="Krychle_022" name="Krychle.022" type="NODE">
        <matrix sid="transform">1.545 0 0 5.945 0 0.025 1.05898e-8 6.318186 0 -4.07302e-9 0.065 2.895 0 0 0 1</matrix>
        <instance_geometry url="#Krychle_050-mesh" name="Krychle.022"/>
      </node>
      <node id="Krychle_021" name="Krychle.021" type="NODE">
        <matrix sid="transform">1.545 0 0 5.945 0 0.025 1.05898e-8 6.318186 0 -4.07302e-9 0.065 1.905 0 0 0 1</matrix>
        <instance_geometry url="#Krychle_049-mesh" name="Krychle.021"/>
      </node>
      <node id="Krychle_020" name="Krychle.020" type="NODE">
        <matrix sid="transform">1.545 0 0 5.945 0 0.025 1.05898e-8 6.318186 0 -4.07302e-9 0.065 0.915 0 0 0 1</matrix>
        <instance_geometry url="#Krychle_048-mesh" name="Krychle.020"/>
      </node>
      <node id="Krychle_019" name="Krychle.019" type="NODE">
        <matrix sid="transform">1.545 0 0 2.695 0 0.025 1.05898e-8 7.318186 0 -4.07302e-9 0.065 3.095 0 0 0 1</matrix>
        <instance_geometry url="#Krychle_095-mesh" name="Krychle.019"/>
      </node>
      <node id="Krychle_018" name="Krychle.018" type="NODE">
        <matrix sid="transform">1.545 0 0 2.695 0 0.025 1.05898e-8 7.318186 0 -4.07302e-9 0.065 1.905 0 0 0 1</matrix>
        <instance_geometry url="#Krychle_096-mesh" name="Krychle.018"/>
      </node>
      <node id="Krychle_017" name="Krychle.017" type="NODE">
        <matrix sid="transform">1.545 0 0 2.695 0 0.025 1.05898e-8 7.318186 0 -4.07302e-9 0.065 0.915 0 0 0 1</matrix>
        <instance_geometry url="#Krychle_097-mesh" name="Krychle.017"/>
      </node>
      <node id="Krychle_016" name="Krychle.016" type="NODE">
        <matrix sid="transform">1.545 0 0 2.695 0 0.025 1.05898e-8 6.318186 0 -4.07302e-9 0.065 3.095 0 0 0 1</matrix>
        <instance_geometry url="#Krychle_098-mesh" name="Krychle.016"/>
      </node>
      <node id="Krychle_015" name="Krychle.015" type="NODE">
        <matrix sid="transform">1.545 0 0 2.695 0 0.025 1.05898e-8 6.318186 0 -4.07302e-9 0.065 1.905 0 0 0 1</matrix>
        <instance_geometry url="#Krychle_099-mesh" name="Krychle.015"/>
      </node>
      <node id="Krychle_014" name="Krychle.014" type="NODE">
        <matrix sid="transform">1.545 0 0 2.695 0 0.025 1.05898e-8 6.318186 0 -4.07302e-9 0.065 0.915 0 0 0 1</matrix>
        <instance_geometry url="#Krychle_100-mesh" name="Krychle.014"/>
      </node>
      <node id="Krychle_013" name="Krychle.013" type="NODE">
        <matrix sid="transform">0.025 0 0 6.254 0 0.475 3.25841e-9 6.818186 0 -7.73873e-8 0.02 2.935 0 0 0 1</matrix>
        <instance_geometry url="#Krychle_101-mesh" name="Krychle.013"/>
      </node>
      <node id="Krychle_012" name="Krychle.012" type="NODE">
        <matrix sid="transform">1.545 0 0 2.694999 0 0.025 1.05898e-8 11.8602 0 -4.07302e-9 0.065 3.195 0 0 0 1</matrix>
        <instance_geometry url="#Krychle_008-mesh" name="Krychle.012"/>
      </node>
      <node id="Krychle_011" name="Krychle.011" type="NODE">
        <matrix sid="transform">1.545 0 0 2.694999 0 0.025 1.05898e-8 11.8602 0 -4.07302e-9 0.065 1.905 0 0 0 1</matrix>
        <instance_geometry url="#Krychle_007-mesh" name="Krychle.011"/>
      </node>
      <node id="Krychle_010" name="Krychle.010" type="NODE">
        <matrix sid="transform">1.545 0 0 2.694999 0 0.025 1.05898e-8 11.8602 0 -4.07302e-9 0.065 0.915 0 0 0 1</matrix>
        <instance_geometry url="#Krychle_006-mesh" name="Krychle.010"/>
      </node>
      <node id="Krychle_009" name="Krychle.009" type="NODE">
        <matrix sid="transform">1.545 0 0 2.694999 0 0.025 1.05898e-8 10.8602 0 -4.07302e-9 0.065 3.195 0 0 0 1</matrix>
        <instance_geometry url="#Krychle_005-mesh" name="Krychle.009"/>
      </node>
      <node id="Krychle_008" name="Krychle.008" type="NODE">
        <matrix sid="transform">1.545 0 0 2.694999 0 0.025 1.05898e-8 10.8602 0 -4.07302e-9 0.065 1.905 0 0 0 1</matrix>
        <instance_geometry url="#Krychle_004-mesh" name="Krychle.008"/>
      </node>
      <node id="Krychle_007" name="Krychle.007" type="NODE">
        <matrix sid="transform">1.545 0 0 2.694999 0 0.025 1.05898e-8 10.8602 0 -4.07302e-9 0.065 0.915 0 0 0 1</matrix>
        <instance_geometry url="#Krychle_003-mesh" name="Krychle.007"/>
      </node>
      <node id="Krychle_006" name="Krychle.006" type="NODE">
        <matrix sid="transform">1.545 0 0 5.945 0 0.025 1.05898e-8 10.8602 0 -4.07302e-9 0.065 0.915 0 0 0 1</matrix>
        <instance_geometry url="#Krychle_064-mesh" name="Krychle.006"/>
      </node>
      <node id="Krychle_005" name="Krychle.005" type="NODE">
        <matrix sid="transform">1.545 0 0 5.945 0 0.025 1.05898e-8 10.8602 0 -4.07302e-9 0.065 1.905 0 0 0 1</matrix>
        <instance_geometry url="#Krychle_063-mesh" name="Krychle.005"/>
      </node>
      <node id="Krychle_004" name="Krychle.004" type="NODE">
        <matrix sid="transform">1.545 0 0 5.945 0 0.025 1.05898e-8 10.8602 0 -4.07302e-9 0.065 3.195 0 0 0 1</matrix>
        <instance_geometry url="#Krychle_062-mesh" name="Krychle.004"/>
      </node>
      <node id="Krychle_003" name="Krychle.003" type="NODE">
        <matrix sid="transform">1.545 0 0 5.945 0 0.025 1.05898e-8 11.8602 0 -4.07302e-9 0.065 0.915 0 0 0 1</matrix>
        <instance_geometry url="#Krychle_061-mesh" name="Krychle.003"/>
      </node>
      <node id="Krychle_002" name="Krychle.002" type="NODE">
        <matrix sid="transform">1.545 0 0 5.945 0 0.025 1.05898e-8 11.8602 0 -4.07302e-9 0.065 1.905 0 0 0 1</matrix>
        <instance_geometry url="#Krychle_060-mesh" name="Krychle.002"/>
      </node>
      <node id="Krychle_001" name="Krychle.001" type="NODE">
        <matrix sid="transform">1.545 0 0 5.945 0 0.025 1.05898e-8 11.8602 0 -4.07302e-9 0.065 3.195 0 0 0 1</matrix>
        <instance_geometry url="#Krychle_059-mesh" name="Krychle.001"/>
      </node>
      <node id="Krychle" name="Krychle" type="NODE">
        <matrix sid="transform">0.025 0 0 5.018 0 0.475 3.25841e-9 6.818186 0 -7.73873e-8 0.02 2.935 0 0 0 1</matrix>
        <instance_geometry url="#Krychle_092-mesh" name="Krychle"/>
      </node>
      <node id="Bok_079" name="Bok.079" type="NODE">
        <matrix sid="transform">0.04 0 0 4.28 0 0.035 3.06291e-7 6.328186 0 -5.70222e-9 1.88 1.88 0 0 0 1</matrix>
        <instance_geometry url="#Krychle_102-mesh" name="Bok.079"/>
      </node>
      <node id="Bok_078" name="Bok.078" type="NODE">
        <matrix sid="transform">0.04 0 0 4.28 0 0.035 3.06291e-7 7.308186 0 -5.70222e-9 1.88 1.88 0 0 0 1</matrix>
        <instance_geometry url="#Krychle_103-mesh" name="Bok.078"/>
      </node>
      <node id="Bok_077" name="Bok.077" type="NODE">
        <matrix sid="transform">0.0175 0 0 4.28 0 -2.85111e-9 0.455 6.818186 0 -0.0175 -7.41289e-8 0.1146492 0 0 0 1</matrix>
        <instance_geometry url="#Krychle_104-mesh" name="Bok.077"/>
      </node>
      <node id="Bok_076" name="Bok.076" type="NODE">
        <matrix sid="transform">0.0175 0 0 4.28 0 -2.85111e-9 0.455 6.818186 0 -0.0175 -7.41289e-8 3.645 0 0 0 1</matrix>
        <instance_geometry url="#Krychle_105-mesh" name="Bok.076"/>
      </node>
      <node id="Bok_075" name="Bok.075" type="NODE">
        <matrix sid="transform">0.0175 0 0 4.28 0 -0.009632906 0.4550025 6.818186 0 -0.01461017 -0.2999962 3.347894 0 0 0 1</matrix>
        <instance_geometry url="#Krychle_106-mesh" name="Bok.075"/>
      </node>
      <node id="Bok_074" name="Bok.074" type="NODE">
        <matrix sid="transform">0.0175 0 0 4.28 0 -0.009632906 0.4550025 6.818186 0 -0.01461017 -0.2999962 2.173314 0 0 0 1</matrix>
        <instance_geometry url="#Krychle_107-mesh" name="Bok.074"/>
      </node>
      <node id="Bok_073" name="Bok.073" type="NODE">
        <matrix sid="transform">0.0175 0 0 4.28 0 -0.009632906 0.4550025 6.818186 0 -0.01461017 -0.2999962 0.9990631 0 0 0 1</matrix>
        <instance_geometry url="#Krychle_108-mesh" name="Bok.073"/>
      </node>
      <node id="Bok_072" name="Bok.072" type="NODE">
        <matrix sid="transform">0.0175 0 0 4.28 0 0.009633415 0.4549921 6.818186 0 -0.01460984 0.3000121 0.4117734 0 0 0 1</matrix>
        <instance_geometry url="#Krychle_109-mesh" name="Bok.072"/>
      </node>
      <node id="Bok_071" name="Bok.071" type="NODE">
        <matrix sid="transform">0.0175 0 0 4.28 0 0.009633415 0.4549921 6.818186 0 -0.01460984 0.3000121 1.586353 0 0 0 1</matrix>
        <instance_geometry url="#Krychle_110-mesh" name="Bok.071"/>
      </node>
      <node id="Bok_070" name="Bok.070" type="NODE">
        <matrix sid="transform">0.0175 0 0 4.28 0 0.009633415 0.4549921 6.818186 0 -0.01460984 0.3000121 2.760604 0 0 0 1</matrix>
        <instance_geometry url="#Krychle_111-mesh" name="Bok.070"/>
      </node>
      <node id="Bok_069" name="Bok.069" type="NODE">
        <matrix sid="transform">0.0175 0 0 1.11 0 -0.009632906 0.4550025 6.818186 0 -0.01461017 -0.2999962 2.760604 0 0 0 1</matrix>
        <instance_geometry url="#Krychle_112-mesh" name="Bok.069"/>
      </node>
      <node id="Bok_068" name="Bok.068" type="NODE">
        <matrix sid="transform">0.0175 0 0 1.11 0 -0.009632906 0.4550025 6.818186 0 -0.01461017 -0.2999962 1.586353 0 0 0 1</matrix>
        <instance_geometry url="#Krychle_113-mesh" name="Bok.068"/>
      </node>
      <node id="Bok_067" name="Bok.067" type="NODE">
        <matrix sid="transform">0.0175 0 0 1.11 0 -0.009632906 0.4550025 6.818186 0 -0.01461017 -0.2999962 0.4117734 0 0 0 1</matrix>
        <instance_geometry url="#Krychle_114-mesh" name="Bok.067"/>
      </node>
      <node id="Bok_066" name="Bok.066" type="NODE">
        <matrix sid="transform">0.0175 0 0 1.11 0 0.0096329 0.4550026 6.818186 0 -0.01461017 0.2999961 0.9990631 0 0 0 1</matrix>
        <instance_geometry url="#Krychle_115-mesh" name="Bok.066"/>
      </node>
      <node id="Bok_065" name="Bok.065" type="NODE">
        <matrix sid="transform">0.0175 0 0 1.11 0 0.0096329 0.4550026 6.818186 0 -0.01461017 0.2999961 2.173314 0 0 0 1</matrix>
        <instance_geometry url="#Krychle_116-mesh" name="Bok.065"/>
      </node>
      <node id="Bok_064" name="Bok.064" type="NODE">
        <matrix sid="transform">0.0175 0 0 1.11 0 0.0096329 0.4550026 6.818186 0 -0.01461017 0.2999961 3.347894 0 0 0 1</matrix>
        <instance_geometry url="#Krychle_117-mesh" name="Bok.064"/>
      </node>
      <node id="Bok_063" name="Bok.063" type="NODE">
        <matrix sid="transform">0.0175 0 0 1.11 0 -2.85111e-9 0.455 6.818186 0 -0.0175 -7.41289e-8 3.645 0 0 0 1</matrix>
        <instance_geometry url="#Krychle_118-mesh" name="Bok.063"/>
      </node>
      <node id="Bok_062" name="Bok.062" type="NODE">
        <matrix sid="transform">0.0175 0 0 1.11 0 -2.85111e-9 0.455 6.818186 0 -0.0175 -7.41289e-8 0.1146492 0 0 0 1</matrix>
        <instance_geometry url="#Krychle_119-mesh" name="Bok.062"/>
      </node>
      <node id="Bok_061" name="Bok.061" type="NODE">
        <matrix sid="transform">0.04 0 0 1.11 0 0.035 3.06291e-7 7.308186 0 -5.70222e-9 1.88 1.88 0 0 0 1</matrix>
        <instance_geometry url="#Krychle_120-mesh" name="Bok.061"/>
      </node>
      <node id="Bok_060" name="Bok.060" type="NODE">
        <matrix sid="transform">0.04 0 0 1.11 0 0.035 3.06291e-7 6.328186 0 -5.70222e-9 1.88 1.88 0 0 0 1</matrix>
        <instance_geometry url="#Krychle_121-mesh" name="Bok.060"/>
      </node>
      <node id="Bok_059" name="Bok.059" type="NODE">
        <matrix sid="transform">0.0175 0 0 7.53 0 0.009633415 0.4549921 6.818186 0 -0.01460984 0.3000121 2.760604 0 0 0 1</matrix>
        <instance_geometry url="#Krychle_047-mesh" name="Bok.059"/>
      </node>
      <node id="Bok_058" name="Bok.058" type="NODE">
        <matrix sid="transform">0.0175 0 0 7.53 0 0.009633415 0.4549921 6.818186 0 -0.01460984 0.3000121 1.586353 0 0 0 1</matrix>
        <instance_geometry url="#Krychle_046-mesh" name="Bok.058"/>
      </node>
      <node id="Bok_057" name="Bok.057" type="NODE">
        <matrix sid="transform">0.0175 0 0 7.53 0 0.009633415 0.4549921 6.818186 0 -0.01460984 0.3000121 0.4117734 0 0 0 1</matrix>
        <instance_geometry url="#Krychle_045-mesh" name="Bok.057"/>
      </node>
      <node id="Bok_056" name="Bok.056" type="NODE">
        <matrix sid="transform">0.0175 0 0 7.53 0 -0.009632906 0.4550025 6.818186 0 -0.01461017 -0.2999962 0.9990631 0 0 0 1</matrix>
        <instance_geometry url="#Krychle_044-mesh" name="Bok.056"/>
      </node>
      <node id="Bok_055" name="Bok.055" type="NODE">
        <matrix sid="transform">0.0175 0 0 7.53 0 -0.009632906 0.4550025 6.818186 0 -0.01461017 -0.2999962 2.173314 0 0 0 1</matrix>
        <instance_geometry url="#Krychle_043-mesh" name="Bok.055"/>
      </node>
      <node id="Bok_054" name="Bok.054" type="NODE">
        <matrix sid="transform">0.0175 0 0 7.53 0 -0.009632906 0.4550025 6.818186 0 -0.01461017 -0.2999962 3.347894 0 0 0 1</matrix>
        <instance_geometry url="#Krychle_042-mesh" name="Bok.054"/>
      </node>
      <node id="Bok_053" name="Bok.053" type="NODE">
        <matrix sid="transform">0.0175 0 0 7.53 0 -2.85111e-9 0.455 6.818186 0 -0.0175 -7.41289e-8 3.645 0 0 0 1</matrix>
        <instance_geometry url="#Krychle_041-mesh" name="Bok.053"/>
      </node>
      <node id="Bok_052" name="Bok.052" type="NODE">
        <matrix sid="transform">0.0175 0 0 7.53 0 -2.85111e-9 0.455 6.818186 0 -0.0175 -7.41289e-8 0.1146492 0 0 0 1</matrix>
        <instance_geometry url="#Krychle_040-mesh" name="Bok.052"/>
      </node>
      <node id="Bok_051" name="Bok.051" type="NODE">
        <matrix sid="transform">0.04 0 0 7.53 0 0.035 3.06291e-7 7.308186 0 -5.70222e-9 1.88 1.88 0 0 0 1</matrix>
        <instance_geometry url="#Krychle_039-mesh" name="Bok.051"/>
      </node>
      <node id="Bok_050" name="Bok.050" type="NODE">
        <matrix sid="transform">0.04 0 0 7.53 0 0.035 3.06291e-7 6.328186 0 -5.70222e-9 1.88 1.88 0 0 0 1</matrix>
        <instance_geometry url="#Krychle_038-mesh" name="Bok.050"/>
      </node>
      <node id="Bok_049" name="Bok.049" type="NODE">
        <matrix sid="transform">0.0175 0 0 4.36 0 -0.009632906 0.4550025 6.818186 0 -0.01461017 -0.2999962 2.760604 0 0 0 1</matrix>
        <instance_geometry url="#Krychle_037-mesh" name="Bok.049"/>
      </node>
      <node id="Bok_048" name="Bok.048" type="NODE">
        <matrix sid="transform">0.0175 0 0 4.36 0 -0.009632906 0.4550025 6.818186 0 -0.01461017 -0.2999962 1.586353 0 0 0 1</matrix>
        <instance_geometry url="#Krychle_036-mesh" name="Bok.048"/>
      </node>
      <node id="Bok_047" name="Bok.047" type="NODE">
        <matrix sid="transform">0.0175 0 0 4.36 0 -0.009632906 0.4550025 6.818186 0 -0.01461017 -0.2999962 0.4117734 0 0 0 1</matrix>
        <instance_geometry url="#Krychle_035-mesh" name="Bok.047"/>
      </node>
      <node id="Bok_046" name="Bok.046" type="NODE">
        <matrix sid="transform">0.0175 0 0 4.36 0 0.0096329 0.4550026 6.818186 0 -0.01461017 0.2999961 0.9990631 0 0 0 1</matrix>
        <instance_geometry url="#Krychle_034-mesh" name="Bok.046"/>
      </node>
      <node id="Bok_045" name="Bok.045" type="NODE">
        <matrix sid="transform">0.0175 0 0 4.36 0 0.0096329 0.4550026 6.818186 0 -0.01461017 0.2999961 2.173314 0 0 0 1</matrix>
        <instance_geometry url="#Krychle_033-mesh" name="Bok.045"/>
      </node>
      <node id="Bok_044" name="Bok.044" type="NODE">
        <matrix sid="transform">0.0175 0 0 4.36 0 0.0096329 0.4550026 6.818186 0 -0.01461017 0.2999961 3.347894 0 0 0 1</matrix>
        <instance_geometry url="#Krychle_032-mesh" name="Bok.044"/>
      </node>
      <node id="Bok_043" name="Bok.043" type="NODE">
        <matrix sid="transform">0.0175 0 0 4.36 0 -2.85111e-9 0.455 6.818186 0 -0.0175 -7.41289e-8 3.645 0 0 0 1</matrix>
        <instance_geometry url="#Krychle_031-mesh" name="Bok.043"/>
      </node>
      <node id="Bok_042" name="Bok.042" type="NODE">
        <matrix sid="transform">0.0175 0 0 4.36 0 -2.85111e-9 0.455 6.818186 0 -0.0175 -7.41289e-8 0.1146492 0 0 0 1</matrix>
        <instance_geometry url="#Krychle_030-mesh" name="Bok.042"/>
      </node>
      <node id="Bok_041" name="Bok.041" type="NODE">
        <matrix sid="transform">0.04 0 0 4.36 0 0.035 3.06291e-7 7.308186 0 -5.70222e-9 1.88 1.88 0 0 0 1</matrix>
        <instance_geometry url="#Krychle_029-mesh" name="Bok.041"/>
      </node>
      <node id="Bok_040" name="Bok.040" type="NODE">
        <matrix sid="transform">0.04 0 0 4.28 0 0.035 3.06291e-7 10.8702 0 -5.70222e-9 1.88 1.88 0 0 0 1</matrix>
        <instance_geometry url="#Krychle_028-mesh" name="Bok.040"/>
      </node>
      <node id="Bok_039" name="Bok.039" type="NODE">
        <matrix sid="transform">0.04 0 0 4.36 0 0.035 3.06291e-7 10.8702 0 -5.70222e-9 1.88 1.88 0 0 0 1</matrix>
        <instance_geometry url="#Krychle_084-mesh" name="Bok.039"/>
      </node>
      <node id="Bok_038" name="Bok.038" type="NODE">
        <matrix sid="transform">0.04 0 0 4.36 0 0.035 3.06291e-7 11.8502 0 -5.70222e-9 1.88 1.88 0 0 0 1</matrix>
        <instance_geometry url="#Krychle_083-mesh" name="Bok.038"/>
      </node>
      <node id="Bok_037" name="Bok.037" type="NODE">
        <matrix sid="transform">0.0175 0 0 4.36 0 -2.85111e-9 0.455 11.3602 0 -0.0175 -7.41289e-8 0.1146492 0 0 0 1</matrix>
        <instance_geometry url="#Krychle_082-mesh" name="Bok.037"/>
      </node>
      <node id="Bok_036" name="Bok.036" type="NODE">
        <matrix sid="transform">0.0175 0 0 4.36 0 -2.85111e-9 0.455 11.3602 0 -0.0175 -7.41289e-8 3.645 0 0 0 1</matrix>
        <instance_geometry url="#Krychle_081-mesh" name="Bok.036"/>
      </node>
      <node id="Bok_035" name="Bok.035" type="NODE">
        <matrix sid="transform">0.0175 0 0 4.36 0 -0.009632906 0.4550025 11.3602 0 -0.01461017 -0.2999962 3.347894 0 0 0 1</matrix>
        <instance_geometry url="#Krychle_080-mesh" name="Bok.035"/>
      </node>
      <node id="Bok_034" name="Bok.034" type="NODE">
        <matrix sid="transform">0.0175 0 0 4.36 0 -0.009632906 0.4550025 11.3602 0 -0.01461017 -0.2999962 2.173314 0 0 0 1</matrix>
        <instance_geometry url="#Krychle_079-mesh" name="Bok.034"/>
      </node>
      <node id="Bok_033" name="Bok.033" type="NODE">
        <matrix sid="transform">0.0175 0 0 4.36 0 -0.009632906 0.4550025 11.3602 0 -0.01461017 -0.2999962 0.9990631 0 0 0 1</matrix>
        <instance_geometry url="#Krychle_078-mesh" name="Bok.033"/>
      </node>
      <node id="Bok_032" name="Bok.032" type="NODE">
        <matrix sid="transform">0.0175 0 0 4.36 0 0.0096329 0.4550026 11.3602 0 -0.01461017 0.2999961 0.4117734 0 0 0 1</matrix>
        <instance_geometry url="#Krychle_077-mesh" name="Bok.032"/>
      </node>
      <node id="Bok_031" name="Bok.031" type="NODE">
        <matrix sid="transform">0.0175 0 0 4.36 0 0.0096329 0.4550026 11.3602 0 -0.01461017 0.2999961 1.586353 0 0 0 1</matrix>
        <instance_geometry url="#Krychle_076-mesh" name="Bok.031"/>
      </node>
      <node id="Bok_030" name="Bok.030" type="NODE">
        <matrix sid="transform">0.0175 0 0 4.36 0 0.0096329 0.4550026 11.3602 0 -0.01461017 0.2999961 2.760604 0 0 0 1</matrix>
        <instance_geometry url="#Krychle_075-mesh" name="Bok.030"/>
      </node>
      <node id="Bok_029" name="Bok.029" type="NODE">
        <matrix sid="transform">0.0175 0 0 7.53 0 -0.009632906 0.4550025 11.3602 0 -0.01461017 -0.2999962 2.760604 0 0 0 1</matrix>
        <instance_geometry url="#Krychle_074-mesh" name="Bok.029"/>
      </node>
      <node id="Bok_028" name="Bok.028" type="NODE">
        <matrix sid="transform">0.0175 0 0 7.53 0 -0.009632906 0.4550025 11.3602 0 -0.01461017 -0.2999962 1.586353 0 0 0 1</matrix>
        <instance_geometry url="#Krychle_073-mesh" name="Bok.028"/>
      </node>
      <node id="Bok_027" name="Bok.027" type="NODE">
        <matrix sid="transform">0.0175 0 0 7.53 0 -0.009632906 0.4550025 11.3602 0 -0.01461017 -0.2999962 0.4117734 0 0 0 1</matrix>
        <instance_geometry url="#Krychle_072-mesh" name="Bok.027"/>
      </node>
      <node id="Bok_026" name="Bok.026" type="NODE">
        <matrix sid="transform">0.0175 0 0 7.53 0 0.0096329 0.4550026 11.3602 0 -0.01461017 0.2999961 0.9990631 0 0 0 1</matrix>
        <instance_geometry url="#Krychle_071-mesh" name="Bok.026"/>
      </node>
      <node id="Bok_025" name="Bok.025" type="NODE">
        <matrix sid="transform">0.0175 0 0 7.53 0 0.0096329 0.4550026 11.3602 0 -0.01461017 0.2999961 2.173314 0 0 0 1</matrix>
        <instance_geometry url="#Krychle_070-mesh" name="Bok.025"/>
      </node>
      <node id="Bok_024" name="Bok.024" type="NODE">
        <matrix sid="transform">0.0175 0 0 7.53 0 0.0096329 0.4550026 11.3602 0 -0.01461017 0.2999961 3.347894 0 0 0 1</matrix>
        <instance_geometry url="#Krychle_069-mesh" name="Bok.024"/>
      </node>
      <node id="Bok_023" name="Bok.023" type="NODE">
        <matrix sid="transform">0.0175 0 0 7.53 0 -2.85111e-9 0.455 11.3602 0 -0.0175 -7.41289e-8 3.645 0 0 0 1</matrix>
        <instance_geometry url="#Krychle_068-mesh" name="Bok.023"/>
      </node>
      <node id="Bok_022" name="Bok.022" type="NODE">
        <matrix sid="transform">0.0175 0 0 7.53 0 -2.85111e-9 0.455 11.3602 0 -0.0175 -7.41289e-8 0.1146492 0 0 0 1</matrix>
        <instance_geometry url="#Krychle_067-mesh" name="Bok.022"/>
      </node>
      <node id="Bok_021" name="Bok.021" type="NODE">
        <matrix sid="transform">0.04 0 0 7.53 0 0.035 3.06291e-7 11.8502 0 -5.70222e-9 1.88 1.88 0 0 0 1</matrix>
        <instance_geometry url="#Krychle_066-mesh" name="Bok.021"/>
      </node>
      <node id="Bok_020" name="Bok.020" type="NODE">
        <matrix sid="transform">0.04 0 0 7.53 0 0.035 3.06291e-7 10.8702 0 -5.70222e-9 1.88 1.88 0 0 0 1</matrix>
        <instance_geometry url="#Krychle_065-mesh" name="Bok.020"/>
      </node>
      <node id="Bok_019" name="Bok.019" type="NODE">
        <matrix sid="transform">0.04 0 0 4.28 0 0.035 3.06291e-7 11.8502 0 -5.70222e-9 1.88 1.88 0 0 0 1</matrix>
        <instance_geometry url="#Krychle_027-mesh" name="Bok.019"/>
      </node>
      <node id="Bok_018" name="Bok.018" type="NODE">
        <matrix sid="transform">0.0175 0 0 4.28 0 -2.85111e-9 0.455 11.3602 0 -0.0175 -7.41289e-8 0.1146492 0 0 0 1</matrix>
        <instance_geometry url="#Krychle_026-mesh" name="Bok.018"/>
      </node>
      <node id="Bok_017" name="Bok.017" type="NODE">
        <matrix sid="transform">0.0175 0 0 4.28 0 -2.85111e-9 0.455 11.3602 0 -0.0175 -7.41289e-8 3.645 0 0 0 1</matrix>
        <instance_geometry url="#Krychle_025-mesh" name="Bok.017"/>
      </node>
      <node id="Bok_016" name="Bok.016" type="NODE">
        <matrix sid="transform">0.0175 0 0 4.28 0 0.0096329 0.4550026 11.3602 0 -0.01461017 0.2999961 3.347894 0 0 0 1</matrix>
        <instance_geometry url="#Krychle_024-mesh" name="Bok.016"/>
      </node>
      <node id="Bok_015" name="Bok.015" type="NODE">
        <matrix sid="transform">0.0175 0 0 4.28 0 0.0096329 0.4550026 11.3602 0 -0.01461017 0.2999961 2.173314 0 0 0 1</matrix>
        <instance_geometry url="#Krychle_023-mesh" name="Bok.015"/>
      </node>
      <node id="Bok_014" name="Bok.014" type="NODE">
        <matrix sid="transform">0.0175 0 0 4.28 0 0.0096329 0.4550026 11.3602 0 -0.01461017 0.2999961 0.9990631 0 0 0 1</matrix>
        <instance_geometry url="#Krychle_022-mesh" name="Bok.014"/>
      </node>
      <node id="Bok_013" name="Bok.013" type="NODE">
        <matrix sid="transform">0.0175 0 0 4.28 0 -0.009632906 0.4550025 11.3602 0 -0.01461017 -0.2999962 0.4117734 0 0 0 1</matrix>
        <instance_geometry url="#Krychle_021-mesh" name="Bok.013"/>
      </node>
      <node id="Bok_012" name="Bok.012" type="NODE">
        <matrix sid="transform">0.0175 0 0 4.28 0 -0.009632906 0.4550025 11.3602 0 -0.01461017 -0.2999962 1.586353 0 0 0 1</matrix>
        <instance_geometry url="#Krychle_020-mesh" name="Bok.012"/>
      </node>
      <node id="Bok_011" name="Bok.011" type="NODE">
        <matrix sid="transform">0.0175 0 0 4.28 0 -0.009632906 0.4550025 11.3602 0 -0.01461017 -0.2999962 2.760604 0 0 0 1</matrix>
        <instance_geometry url="#Krychle_019-mesh" name="Bok.011"/>
      </node>
      <node id="Bok_010" name="Bok.010" type="NODE">
        <matrix sid="transform">0.0175 0 0 1.109999 0 0.0096329 0.4550026 11.3602 0 -0.01461017 0.2999961 2.760604 0 0 0 1</matrix>
        <instance_geometry url="#Krychle_018-mesh" name="Bok.010"/>
      </node>
      <node id="Bok_009" name="Bok.009" type="NODE">
        <matrix sid="transform">0.0175 0 0 1.109999 0 0.0096329 0.4550026 11.3602 0 -0.01461017 0.2999961 1.586353 0 0 0 1</matrix>
        <instance_geometry url="#Krychle_017-mesh" name="Bok.009"/>
      </node>
      <node id="Bok_008" name="Bok.008" type="NODE">
        <matrix sid="transform">0.0175 0 0 1.109999 0 0.0096329 0.4550026 11.3602 0 -0.01461017 0.2999961 0.4117734 0 0 0 1</matrix>
        <instance_geometry url="#Krychle_016-mesh" name="Bok.008"/>
      </node>
      <node id="Bok_007" name="Bok.007" type="NODE">
        <matrix sid="transform">0.0175 0 0 1.109999 0 -0.009632906 0.4550025 11.3602 0 -0.01461017 -0.2999962 0.9990631 0 0 0 1</matrix>
        <instance_geometry url="#Krychle_015-mesh" name="Bok.007"/>
      </node>
      <node id="Bok_006" name="Bok.006" type="NODE">
        <matrix sid="transform">0.0175 0 0 1.109999 0 -0.009632906 0.4550025 11.3602 0 -0.01461017 -0.2999962 2.173314 0 0 0 1</matrix>
        <instance_geometry url="#Krychle_014-mesh" name="Bok.006"/>
      </node>
      <node id="Bok_005" name="Bok.005" type="NODE">
        <matrix sid="transform">0.0175 0 0 1.109999 0 -0.009632906 0.4550025 11.3602 0 -0.01461017 -0.2999962 3.347894 0 0 0 1</matrix>
        <instance_geometry url="#Krychle_013-mesh" name="Bok.005"/>
      </node>
      <node id="Bok_004" name="Bok.004" type="NODE">
        <matrix sid="transform">0.0175 0 0 1.109999 0 -2.85111e-9 0.455 11.3602 0 -0.0175 -7.41289e-8 3.645 0 0 0 1</matrix>
        <instance_geometry url="#Krychle_012-mesh" name="Bok.004"/>
      </node>
      <node id="Bok_003" name="Bok.003" type="NODE">
        <matrix sid="transform">0.0175 0 0 1.109999 0 -2.85111e-9 0.455 11.3602 0 -0.0175 -7.41289e-8 0.1146492 0 0 0 1</matrix>
        <instance_geometry url="#Krychle_011-mesh" name="Bok.003"/>
      </node>
      <node id="Bok_002" name="Bok.002" type="NODE">
        <matrix sid="transform">0.04 0 0 1.109999 0 0.035 3.06291e-7 11.8502 0 -5.70222e-9 1.88 1.88 0 0 0 1</matrix>
        <instance_geometry url="#Krychle_010-mesh" name="Bok.002"/>
      </node>
      <node id="Bok_001" name="Bok.001" type="NODE">
        <matrix sid="transform">0.04 0 0 1.109999 0 0.035 3.06291e-7 10.8702 0 -5.70222e-9 1.88 1.88 0 0 0 1</matrix>
        <instance_geometry url="#Krychle_009-mesh" name="Bok.001"/>
      </node>
      <node id="Bok" name="Bok" type="NODE">
        <matrix sid="transform">0.04 0 0 4.36 0 0.035 3.06291e-7 6.328186 0 -5.70222e-9 1.88 1.88 0 0 0 1</matrix>
        <instance_geometry url="#Krychle-mesh" name="Bok"/>
      </node>
    </visual_scene>
  </library_visual_scenes>
  <scene>
    <instance_visual_scene url="#Scene"/>
  </scene>
</COLLADA>