<?xml version="1.0" encoding="utf-8"?>
<COLLADA xmlns="http://www.collada.org/2005/11/COLLADASchema" version="1.4.1" xmlns:xsi="http://www.w3.org/2001/XMLSchema-instance">
  <asset>
    <contributor>
      <author>Blender User</author>
      <authoring_tool>Blender 2.92.0 commit date:2021-02-24, commit time:16:25, hash:02948a2cab44</authoring_tool>
    </contributor>
    <created>2021-04-05T19:38:40</created>
    <modified>2021-04-05T19:38:40</modified>
    <unit name="meter" meter="1"/>
    <up_axis>Z_UP</up_axis>
  </asset>
  <library_effects>
    <effect id="dbl_Group_002_003-effect">
      <profile_COMMON>
        <technique sid="common">
          <lambert>
            <emission>
              <color sid="emission">0 0 0 1</color>
            </emission>
            <diffuse>
              <color sid="diffuse">1 1 1 1</color>
            </diffuse>
            <index_of_refraction>
              <float sid="ior">1.45</float>
            </index_of_refraction>
          </lambert>
        </technique>
      </profile_COMMON>
    </effect>
    <effect id="dbl_Group_003_003-effect">
      <profile_COMMON>
        <technique sid="common">
          <lambert>
            <emission>
              <color sid="emission">0 0 0 1</color>
            </emission>
            <diffuse>
              <color sid="diffuse">0 0 0 1</color>
            </diffuse>
            <index_of_refraction>
              <float sid="ior">1.45</float>
            </index_of_refraction>
          </lambert>
        </technique>
      </profile_COMMON>
    </effect>
    <effect id="dbl_Group_002_001-effect">
      <profile_COMMON>
        <technique sid="common">
          <lambert>
            <emission>
              <color sid="emission">0 0 0 1</color>
            </emission>
            <diffuse>
              <color sid="diffuse">1 1 1 1</color>
            </diffuse>
            <index_of_refraction>
              <float sid="ior">1.45</float>
            </index_of_refraction>
          </lambert>
        </technique>
      </profile_COMMON>
    </effect>
    <effect id="dbl_Group_003_002-effect">
      <profile_COMMON>
        <technique sid="common">
          <lambert>
            <emission>
              <color sid="emission">0 0 0 1</color>
            </emission>
            <diffuse>
              <color sid="diffuse">0 0 0 1</color>
            </diffuse>
            <index_of_refraction>
              <float sid="ior">1.45</float>
            </index_of_refraction>
          </lambert>
        </technique>
      </profile_COMMON>
    </effect>
  </library_effects>
  <library_images/>
  <library_materials>
    <material id="dbl_Group_002_003-material" name="dbl_Group_002.003">
      <instance_effect url="#dbl_Group_002_003-effect"/>
    </material>
    <material id="dbl_Group_003_003-material" name="dbl_Group_003.003">
      <instance_effect url="#dbl_Group_003_003-effect"/>
    </material>
    <material id="dbl_Group_002_001-material" name="dbl_Group_002.001">
      <instance_effect url="#dbl_Group_002_001-effect"/>
    </material>
    <material id="dbl_Group_003_002-material" name="dbl_Group_003.002">
      <instance_effect url="#dbl_Group_003_002-effect"/>
    </material>
  </library_materials>
  <library_geometries>
    <geometry id="Krychle_126-mesh" name="Krychle.126">
      <mesh>
        <source id="Krychle_126-mesh-positions">
          <float_array id="Krychle_126-mesh-positions-array" count="24">-1 -1 -1 -1 -1 1 -1 1 -1 -1 1 1 1 -1 -1 1 -1 1 1 1 -1 1 1 1</float_array>
          <technique_common>
            <accessor source="#Krychle_126-mesh-positions-array" count="8" stride="3">
              <param name="X" type="float"/>
              <param name="Y" type="float"/>
              <param name="Z" type="float"/>
            </accessor>
          </technique_common>
        </source>
        <source id="Krychle_126-mesh-normals">
          <float_array id="Krychle_126-mesh-normals-array" count="18">-1 0 0 0 1 0 1 0 0 0 -1 0 0 0 -1 0 0 1</float_array>
          <technique_common>
            <accessor source="#Krychle_126-mesh-normals-array" count="6" stride="3">
              <param name="X" type="float"/>
              <param name="Y" type="float"/>
              <param name="Z" type="float"/>
            </accessor>
          </technique_common>
        </source>
        <source id="Krychle_126-mesh-map-0">
          <float_array id="Krychle_126-mesh-map-0-array" count="72">0.625 0 0.375 0.25 0.375 0 0.625 0.25 0.375 0.5 0.375 0.25 0.625 0.5 0.375 0.75 0.375 0.5 0.625 0.75 0.375 1 0.375 0.75 0.375 0.5 0.125 0.75 0.125 0.5 0.875 0.5 0.625 0.75 0.625 0.5 0.625 0 0.625 0.25 0.375 0.25 0.625 0.25 0.625 0.5 0.375 0.5 0.625 0.5 0.625 0.75 0.375 0.75 0.625 0.75 0.625 1 0.375 1 0.375 0.5 0.375 0.75 0.125 0.75 0.875 0.5 0.875 0.75 0.625 0.75</float_array>
          <technique_common>
            <accessor source="#Krychle_126-mesh-map-0-array" count="36" stride="2">
              <param name="S" type="float"/>
              <param name="T" type="float"/>
            </accessor>
          </technique_common>
        </source>
        <vertices id="Krychle_126-mesh-vertices">
          <input semantic="POSITION" source="#Krychle_126-mesh-positions"/>
        </vertices>
        <triangles count="12">
          <input semantic="VERTEX" source="#Krychle_126-mesh-vertices" offset="0"/>
          <input semantic="NORMAL" source="#Krychle_126-mesh-normals" offset="1"/>
          <input semantic="TEXCOORD" source="#Krychle_126-mesh-map-0" offset="2" set="0"/>
          <p>1 0 0 2 0 1 0 0 2 3 1 3 6 1 4 2 1 5 7 2 6 4 2 7 6 2 8 5 3 9 0 3 10 4 3 11 6 4 12 0 4 13 2 4 14 3 5 15 5 5 16 7 5 17 1 0 18 3 0 19 2 0 20 3 1 21 7 1 22 6 1 23 7 2 24 5 2 25 4 2 26 5 3 27 1 3 28 0 3 29 6 4 30 4 4 31 0 4 32 3 5 33 1 5 34 5 5 35</p>
        </triangles>
      </mesh>
    </geometry>
    <geometry id="Krychle_125-mesh" name="Krychle.125">
      <mesh>
        <source id="Krychle_125-mesh-positions">
          <float_array id="Krychle_125-mesh-positions-array" count="24">-1 -1 -1 -1 -1 1 -1 1 -1 -1 1 1 1 -1 -1 1 -1 1 1 1 -1 1 1 1</float_array>
          <technique_common>
            <accessor source="#Krychle_125-mesh-positions-array" count="8" stride="3">
              <param name="X" type="float"/>
              <param name="Y" type="float"/>
              <param name="Z" type="float"/>
            </accessor>
          </technique_common>
        </source>
        <source id="Krychle_125-mesh-normals">
          <float_array id="Krychle_125-mesh-normals-array" count="18">-1 0 0 0 1 0 1 0 0 0 -1 0 0 0 -1 0 0 1</float_array>
          <technique_common>
            <accessor source="#Krychle_125-mesh-normals-array" count="6" stride="3">
              <param name="X" type="float"/>
              <param name="Y" type="float"/>
              <param name="Z" type="float"/>
            </accessor>
          </technique_common>
        </source>
        <source id="Krychle_125-mesh-map-0">
          <float_array id="Krychle_125-mesh-map-0-array" count="72">0.625 0 0.375 0.25 0.375 0 0.625 0.25 0.375 0.5 0.375 0.25 0.625 0.5 0.375 0.75 0.375 0.5 0.625 0.75 0.375 1 0.375 0.75 0.375 0.5 0.125 0.75 0.125 0.5 0.875 0.5 0.625 0.75 0.625 0.5 0.625 0 0.625 0.25 0.375 0.25 0.625 0.25 0.625 0.5 0.375 0.5 0.625 0.5 0.625 0.75 0.375 0.75 0.625 0.75 0.625 1 0.375 1 0.375 0.5 0.375 0.75 0.125 0.75 0.875 0.5 0.875 0.75 0.625 0.75</float_array>
          <technique_common>
            <accessor source="#Krychle_125-mesh-map-0-array" count="36" stride="2">
              <param name="S" type="float"/>
              <param name="T" type="float"/>
            </accessor>
          </technique_common>
        </source>
        <vertices id="Krychle_125-mesh-vertices">
          <input semantic="POSITION" source="#Krychle_125-mesh-positions"/>
        </vertices>
        <triangles count="12">
          <input semantic="VERTEX" source="#Krychle_125-mesh-vertices" offset="0"/>
          <input semantic="NORMAL" source="#Krychle_125-mesh-normals" offset="1"/>
          <input semantic="TEXCOORD" source="#Krychle_125-mesh-map-0" offset="2" set="0"/>
          <p>1 0 0 2 0 1 0 0 2 3 1 3 6 1 4 2 1 5 7 2 6 4 2 7 6 2 8 5 3 9 0 3 10 4 3 11 6 4 12 0 4 13 2 4 14 3 5 15 5 5 16 7 5 17 1 0 18 3 0 19 2 0 20 3 1 21 7 1 22 6 1 23 7 2 24 5 2 25 4 2 26 5 3 27 1 3 28 0 3 29 6 4 30 4 4 31 0 4 32 3 5 33 1 5 34 5 5 35</p>
        </triangles>
      </mesh>
    </geometry>
    <geometry id="Krychle_091-mesh" name="Krychle.091">
      <mesh>
        <source id="Krychle_091-mesh-positions">
          <float_array id="Krychle_091-mesh-positions-array" count="24">-1 -1 -1 -1 -1 1 -1 1 -1 -1 1 1 1 -1 -1 1 -1 1 1 1 -1 1 1 1</float_array>
          <technique_common>
            <accessor source="#Krychle_091-mesh-positions-array" count="8" stride="3">
              <param name="X" type="float"/>
              <param name="Y" type="float"/>
              <param name="Z" type="float"/>
            </accessor>
          </technique_common>
        </source>
        <source id="Krychle_091-mesh-normals">
          <float_array id="Krychle_091-mesh-normals-array" count="18">-1 0 0 0 1 0 1 0 0 0 -1 0 0 0 -1 0 0 1</float_array>
          <technique_common>
            <accessor source="#Krychle_091-mesh-normals-array" count="6" stride="3">
              <param name="X" type="float"/>
              <param name="Y" type="float"/>
              <param name="Z" type="float"/>
            </accessor>
          </technique_common>
        </source>
        <source id="Krychle_091-mesh-map-0">
          <float_array id="Krychle_091-mesh-map-0-array" count="72">0.625 0 0.375 0.25 0.375 0 0.625 0.25 0.375 0.5 0.375 0.25 0.625 0.5 0.375 0.75 0.375 0.5 0.625 0.75 0.375 1 0.375 0.75 0.375 0.5 0.125 0.75 0.125 0.5 0.875 0.5 0.625 0.75 0.625 0.5 0.625 0 0.625 0.25 0.375 0.25 0.625 0.25 0.625 0.5 0.375 0.5 0.625 0.5 0.625 0.75 0.375 0.75 0.625 0.75 0.625 1 0.375 1 0.375 0.5 0.375 0.75 0.125 0.75 0.875 0.5 0.875 0.75 0.625 0.75</float_array>
          <technique_common>
            <accessor source="#Krychle_091-mesh-map-0-array" count="36" stride="2">
              <param name="S" type="float"/>
              <param name="T" type="float"/>
            </accessor>
          </technique_common>
        </source>
        <vertices id="Krychle_091-mesh-vertices">
          <input semantic="POSITION" source="#Krychle_091-mesh-positions"/>
        </vertices>
        <triangles count="12">
          <input semantic="VERTEX" source="#Krychle_091-mesh-vertices" offset="0"/>
          <input semantic="NORMAL" source="#Krychle_091-mesh-normals" offset="1"/>
          <input semantic="TEXCOORD" source="#Krychle_091-mesh-map-0" offset="2" set="0"/>
          <p>1 0 0 2 0 1 0 0 2 3 1 3 6 1 4 2 1 5 7 2 6 4 2 7 6 2 8 5 3 9 0 3 10 4 3 11 6 4 12 0 4 13 2 4 14 3 5 15 5 5 16 7 5 17 1 0 18 3 0 19 2 0 20 3 1 21 7 1 22 6 1 23 7 2 24 5 2 25 4 2 26 5 3 27 1 3 28 0 3 29 6 4 30 4 4 31 0 4 32 3 5 33 1 5 34 5 5 35</p>
        </triangles>
      </mesh>
    </geometry>
    <geometry id="Síť_019-mesh" name="Síť.019">
      <mesh>
        <source id="Síť_019-mesh-positions">
          <float_array id="Síť_019-mesh-positions-array" count="2268">2.14819 7.580004 26.29409 1.131895 9.255643 25 2.000328 7.494636 25 1.289635 9.320981 26.29409 1.131895 9.255643 5 2.000328 7.494636 5 2.14819 7.580004 3.705905 1.289635 9.320981 3.705905 2.5817 7.830291 2.5 1.752105 9.512543 2.5 3.271314 8.228441 1.464466 2.487788 9.817273 1.464466 3.44655 10.2144 0.669873 4.170037 8.747318 0.669873 4.563051 10.67687 0.1703708 5.216622 9.351564 0.1703708 5.761205 11.17317 0 6.339746 10 0 6.959358 11.66946 0.1703708 7.46287 10.64844 0.1703708 8.509455 11.25268 0.669873 8.095345 9.701871 0.1703708 9.054105 10.43755 0.669873 9.408178 11.77156 1.464466 9.877412 11.0693 1.464466 10.50916 11.55405 2.5 10.09779 12.16971 2.5 10.90629 11.85879 3.705905 10.5313 12.42 3.705905 11.04174 11.96272 5 10.67916 12.50536 5 10.18073 13.70868 5 10.39051 13.09069 20 10.39051 13.09069 5 10.39051 13.09069 25 10.18073 13.70868 25 10.18073 13.70868 20 11.04174 11.96272 25 10.5313 12.42 26.29409 10.90629 11.85879 26.29409 10.67916 12.50536 25 10.09779 12.16971 27.5 10.50916 11.55405 27.5 9.408178 11.77156 28.53553 9.877412 11.0693 28.53553 9.054105 10.43755 29.33013 8.509455 11.25268 29.33013 8.095345 9.701871 29.82963 7.46287 10.64844 29.82963 7.066466 8.912386 30 6.339746 10 30 6.037589 8.1229 29.82963 5.216622 9.351564 29.82963 5.078827 7.387216 29.33013 4.170037 8.747318 29.33013 1.752105 9.512543 27.5 0.6656686 11.15913 26.29409 1.149186 11.28868 27.5 2.487788 9.817273 28.53553 1.91835 11.49478 28.53553 2.920746 11.76337 29.33013 3.44655 10.2144 29.33013 4.08806 12.07615 29.82963 4.563051 10.67687 29.82963 5.340742 12.41181 30 5.761205 11.17317 30 6.593424 12.74746 29.82963 6.959358 11.66946 29.82963 7.760738 13.06024 29.33013 8.07586 12.13193 29.33013 8.763134 13.32884 28.53553 9.034621 12.52906 28.53553 9.770304 12.83379 27.5 9.532299 13.53493 27.5 10.23277 13.02535 26.29409 10.01581 13.66449 26.29409 10.05341 14.34877 5 10.05341 14.34877 25 10.05341 14.34877 20 10.01581 13.66449 3.705905 10.23277 13.02535 3.705905 9.532299 13.53493 2.5 9.770304 12.83379 2.5 8.763134 13.32884 1.464466 9.034621 12.52906 1.464466 8.07586 12.13193 0.669873 7.760738 13.06024 0.669873 6.593424 12.74746 0.1703708 6.371328 13.86401 0.1703708 5.340742 12.41181 0 5.085551 13.69474 0 4.08806 12.07615 0.1703708 3.799774 13.52546 0.1703708 2.920746 11.76337 0.669873 2.601621 13.36772 0.669873 1.91835 11.49478 1.464466 1.572743 13.23227 1.464466 0.7832577 13.12833 2.5 1.149186 11.28868 2.5 0.2869663 13.06299 3.705905 0.6656686 11.15913 3.705905 0.1176905 13.04071 5 0.5007498 11.11494 5 0.1176905 13.04071 25 0.5007498 11.11494 25 0.2869663 13.06299 26.29409 0.7832577 13.12833 27.5 1.572743 13.23227 28.53553 2.601621 13.36772 29.33013 3.799774 13.52546 29.82963 5.085551 13.69474 30 6.371328 13.86401 29.82963 7.569482 14.02175 29.33013 8.59836 14.15721 28.53553 9.387845 14.26115 27.5 9.884137 14.32648 26.29409 11.96272 11.04174 20 12.50536 10.67916 5 11.96272 11.04174 5 12.50536 10.67916 20 11.96272 11.04174 25 12.50536 10.67916 25 9.884137 14.32648 3.705905 9.387845 14.26115 2.5 8.59836 14.15721 1.464466 7.569482 14.02175 0.669873 6.294095 15.04236 0.1703708 5 15 0 7.5 15.08184 0.669873 6.294095 48 0.1703708 5 48 0 3.705905 14.95763 0.1703708 3.705905 48 0.1703708 11.0693 9.877412 28.53553 10.99736 10.99736 27.5 10.4343 10.4343 28.53553 11.55405 10.50916 27.5 10.43755 9.054105 29.33013 9.700492 9.700492 29.33013 11.35132 11.35132 26.29409 11.47205 11.47205 25 11.85879 10.90629 26.29409 8.1229 6.037589 29.82963 7.928932 7.928932 30 7.011905 7.011905 29.82963 8.912386 7.066466 30 7.387216 5.078827 29.33013 6.157372 6.157372 29.33013 6.755471 4.25552 28.53553 5.423568 5.423568 28.53553 6.270715 3.623775 27.5 4.8605 4.8605 27.5 4.506541 4.506541 26.29409 5.965985 3.226643 26.29409 4.385812 4.385812 25 5.862048 3.091189 25 4.385812 4.385812 5 5.862048 3.091189 5 4.506541 4.506541 3.705905 5.965985 3.226643 3.705905 4.8605 4.8605 2.5 6.270715 3.623775 2.5 5.423568 5.423568 1.464466 6.755471 4.25552 1.464466 6.157372 6.157372 0.669873 7.387216 5.078827 0.669873 7.011905 7.011905 0.1703708 8.1229 6.037589 0.1703708 7.928932 7.928932 0 8.912386 7.066466 0 8.845959 8.845959 0.1703708 9.701871 8.095345 0.1703708 10.43755 9.054105 0.669873 10.64844 7.46287 0.1703708 11.25268 8.509455 0.669873 11.0693 9.877412 1.464466 11.77156 9.408178 1.464466 11.55405 10.50916 2.5 12.16971 10.09779 2.5 11.85879 10.90629 3.705905 12.42 10.5313 3.705905 13.09069 10.39051 5 13.09069 10.39051 20 13.09069 10.39051 25 12.42 10.5313 26.29409 12.16971 10.09779 27.5 11.77156 9.408178 28.53553 11.25268 8.509455 29.33013 10.64844 7.46287 29.82963 9.701871 8.095345 29.82963 10 6.339746 30 9.351564 5.216622 29.82963 8.747318 4.170037 29.33013 8.228441 3.271314 28.53553 7.830291 2.5817 27.5 7.580004 2.14819 26.29409 7.494636 2.000328 25 7.494636 2.000328 5 7.580004 2.14819 3.705905 7.830291 2.5817 2.5 8.228441 3.271314 1.464466 8.747318 4.170037 0.669873 9.351564 5.216622 0.1703708 10 6.339746 0 11.66946 6.959358 0.1703708 12.13193 8.07586 0.669873 12.52906 9.034621 1.464466 12.83379 9.770304 2.5 13.02535 10.23277 3.705905 13.70868 10.18073 5 13.70868 10.18073 20 13.70868 10.18073 25 13.02535 10.23277 26.29409 12.83379 9.770304 27.5 12.52906 9.034621 28.53553 12.13193 8.07586 29.33013 11.66946 6.959358 29.82963 11.17317 5.761205 30 10.67687 4.563051 29.82963 10.2144 3.44655 29.33013 9.817273 2.487788 28.53553 9.512543 1.752105 27.5 9.320981 1.289635 26.29409 9.255643 1.131895 25 9.255643 1.131895 5 9.320981 1.289635 3.705905 9.512543 1.752105 2.5 9.817273 2.487788 1.464466 10.2144 3.44655 0.669873 10.67687 4.563051 0.1703708 11.17317 5.761205 0 12.74746 6.593424 0.1703708 13.06024 7.760738 0.669873 13.32884 8.763134 1.464466 13.53493 9.532299 2.5 13.66449 10.01581 3.705905 14.34877 10.05341 5 14.34877 10.05341 20 14.34877 10.05341 25 13.66449 10.01581 26.29409 13.53493 9.532299 27.5 13.32884 8.763134 28.53553 13.06024 7.760738 29.33013 12.74746 6.593424 29.82963 12.41181 5.340742 30 12.07615 4.08806 29.82963 11.76337 2.920746 29.33013 11.49478 1.91835 28.53553 11.28868 1.149186 27.5 11.15913 0.6656686 26.29409 11.11494 0.5007498 25 11.11494 0.5007498 5 11.15913 0.6656686 3.705905 11.28868 1.149186 2.5 11.49478 1.91835 1.464466 11.76337 2.920746 0.669873 12.07615 4.08806 0.1703708 12.41181 5.340742 0 13.86401 6.371328 0.1703708 14.02175 7.569482 0.669873 14.15721 8.59836 1.464466 14.26115 9.387845 2.5 14.32648 9.884137 3.705905 15.16368 10 20 15.16368 10 5 15.16368 10 25 14.32648 9.884137 26.29409 14.26115 9.387845 27.5 14.15721 8.59836 28.53553 13.36772 2.601621 29.33013 13.52546 3.799774 29.82963 13.69474 5.085551 30 13.86401 6.371328 29.82963 14.02175 7.569482 29.33013 13.23227 1.572743 28.53553 13.12833 0.7832577 27.5 13.06299 0.2869663 26.29409 13.04071 0.1176905 25 13.04071 0.1176905 5 13.69474 5.085551 0 15.04236 6.294095 0.1703708 15.08184 7.5 0.669873 13.06299 0.2869663 3.705905 13.12833 0.7832577 2.5 13.23227 1.572743 1.464466 13.36772 2.601621 0.669873 15.11574 8.535534 1.464466 13.52546 3.799774 0.1703708 108.5279 11.47205 5 109.0937 11.85879 3.705905 108.6487 11.35132 3.705905 108.9583 11.96272 5 112.9881 7.011905 0.1703708 112.6128 5.078827 0.669873 111.8771 6.037589 0.1703708 113.8426 6.157372 0.669873 113.2445 4.25552 1.464466 114.5764 5.423568 1.464466 109.4908 11.55405 2.5 109.0026 10.99736 2.5 109.5657 10.4343 1.464466 110.1226 11.0693 1.464466 110.9459 10.43755 0.669873 111.154 8.845959 0.1703708 110.2995 9.700492 0.669873 111.9047 9.701871 0.1703708 113.7293 3.623775 2.5 115.1395 4.8605 2.5 112.0711 7.928932 0 111.0876 7.066466 0 110.2981 8.095345 0.1703708 115.4935 4.506541 3.705905 114.034 3.226643 3.705905 115.6142 4.385812 5 114.138 3.091189 5 115.6142 4.385812 25 114.138 3.091189 25 115.4935 4.506541 26.29409 114.034 3.226643 26.29409 115.1395 4.8605 27.5 113.7293 3.623775 27.5 114.5764 5.423568 28.53553 113.2445 4.25552 28.53553 15.15811 9.829629 26.29409 15.14175 9.330127 27.5 15.11574 8.535534 28.53553 15.08184 7.5 29.33013 15.04236 6.294095 29.82963 15 5 30 14.95763 3.705905 29.82963 14.91816 2.5 29.33013 14.88426 1.464466 28.53553 14.85825 0.669873 27.5 14.84189 0.1703708 26.29409 14.83632 0 25 14.83632 0 5 14.84189 0.1703708 3.705905 14.85825 0.669873 2.5 14.88426 1.464466 1.464466 14.91816 2.5 0.669873 14.95763 3.705905 0.1703708 104.8363 10 5 104.8363 10 20 104.8363 10 25 15.15811 9.829629 3.705905 15.14175 9.330127 2.5 105.1637 0 5 105.1581 0.1703708 3.705905 111.0876 7.066466 30 111.154 8.845959 29.82963 110.2981 8.095345 29.82963 112.0711 7.928932 30 15 5 0 105.1637 0 25 105.1581 0.1703708 26.29409 105.1418 0.669873 27.5 105.1157 1.464466 28.53553 105.0818 2.5 29.33013 105.0424 3.705905 29.82963 105 5 30 104.9576 6.294095 29.82963 104.9182 7.5 29.33013 104.8843 8.535534 28.53553 104.8582 9.330127 27.5 104.8419 9.829629 26.29409 105.6512 10.05341 5 105.6512 10.05341 20 105.6512 10.05341 25 104.8419 9.829629 3.705905 104.8582 9.330127 2.5 104.8843 8.535534 1.464466 104.9182 7.5 0.669873 104.9576 6.294095 0.1703708 105.1418 0.669873 2.5 105.1157 1.464466 1.464466 105.0818 2.5 0.669873 105.0424 3.705905 0.1703708 105 5 0 105.9782 7.569482 0.669873 106.136 6.371328 0.1703708 105.8428 8.59836 1.464466 105.7389 9.387845 2.5 105.6735 9.884137 3.705905 106.2913 10.18073 5 106.2913 10.18073 20 106.2913 10.18073 25 105.6735 9.884137 26.29409 105.7389 9.387845 27.5 105.8428 8.59836 28.53553 105.9782 7.569482 29.33013 106.136 6.371328 29.82963 106.3053 5.085551 30 106.4745 3.799774 29.82963 106.6323 2.601621 29.33013 106.7677 1.572743 28.53553 106.8717 0.7832577 27.5 106.937 0.2869663 26.29409 106.9593 0.1176905 25 106.9593 0.1176905 5 106.937 0.2869663 3.705905 106.8717 0.7832577 2.5 106.7677 1.572743 1.464466 106.6323 2.601621 0.669873 106.4745 3.799774 0.1703708 106.3053 5.085551 0 106.9398 7.760738 0.669873 107.2525 6.593424 0.1703708 106.6712 8.763134 1.464466 106.4651 9.532299 2.5 106.3355 10.01581 3.705905 106.9093 10.39051 5 106.9093 10.39051 20 106.9093 10.39051 25 106.3355 10.01581 26.29409 106.4651 9.532299 27.5 106.6712 8.763134 28.53553 106.9398 7.760738 29.33013 107.2525 6.593424 29.82963 107.5882 5.340742 30 107.9239 4.08806 29.82963 108.2366 2.920746 29.33013 108.5052 1.91835 28.53553 108.7113 1.149186 27.5 108.8409 0.6656686 26.29409 108.8851 0.5007498 25 108.8851 0.5007498 5 108.8409 0.6656686 3.705905 108.7113 1.149186 2.5 108.5052 1.91835 1.464466 108.2366 2.920746 0.669873 107.9239 4.08806 0.1703708 107.5882 5.340742 0 107.8681 8.07586 0.669873 108.3305 6.959358 0.1703708 107.4709 9.034621 1.464466 107.1662 9.770304 2.5 106.9747 10.23277 3.705905 108.9583 11.96272 25 108.5279 11.47205 20 108.5279 11.47205 25 108.9583 11.96272 20 106.9747 10.23277 26.29409 107.1662 9.770304 27.5 107.4709 9.034621 28.53553 107.8681 8.07586 29.33013 108.3305 6.959358 29.82963 108.8268 5.761205 30 109.3231 4.563051 29.82963 109.7856 3.44655 29.33013 110.1827 2.487788 28.53553 110.4875 1.752105 27.5 109.3208 12.50536 25 109.3208 12.50536 5 109.3208 12.50536 20 109.0937 11.85879 26.29409 108.6487 11.35132 26.29409 109.4908 11.55405 27.5 109.0026 10.99736 27.5 109.5657 10.4343 28.53553 110.1226 11.0693 28.53553 110.2995 9.700492 29.33013 110.9459 10.43755 29.33013 111.9047 9.701871 29.82963 112.9335 8.912386 30 112.9881 7.011905 29.82963 113.9624 8.1229 29.82963 113.8426 6.157372 29.33013 114.9212 7.387216 29.33013 115.7445 6.755471 28.53553 116.3762 6.270715 27.5 116.7734 5.965985 26.29409 116.9088 5.862048 25 116.9088 5.862048 5 116.7734 5.965985 3.705905 116.3762 6.270715 2.5 115.7445 6.755471 1.464466 114.9212 7.387216 0.669873 113.9624 8.1229 0.1703708 112.9335 8.912386 0 111.4905 11.25268 0.669873 112.5371 10.64844 0.1703708 110.5918 11.77156 1.464466 109.9022 12.16971 2.5 109.4687 12.42 3.705905 110 15.16368 25 109.9466 14.34877 20 109.9466 14.34877 25 110 15.16368 5 110 15.16368 20 109.9466 14.34877 5 109.4687 12.42 26.29409 109.9022 12.16971 27.5 110.1704 15.15811 26.29409 110.1159 14.32648 26.29409 110.6699 15.14175 27.5 110.6122 14.26115 27.5 111.4645 15.11574 28.53553 111.4016 14.15721 28.53553 112.4305 14.02175 29.33013 112.5 15.08184 29.33013 113.6287 13.86401 29.82963 113.7059 15.04236 29.82963 114.9144 13.69474 30 115 15 30 116.2002 13.52546 29.82963 116.2941 14.95763 29.82963 117.3984 13.36772 29.33013 117.5 14.91816 29.33013 118.4273 13.23227 28.53553 118.5355 14.88426 28.53553 119.3301 14.85825 27.5 119.2167 13.12833 27.5 119.8296 14.84189 26.29409 119.713 13.06299 26.29409 120 14.83632 25 119.8823 13.04071 25 120 14.83632 5 119.8823 13.04071 5 119.713 13.06299 3.705905 119.8296 14.84189 3.705905 119.2167 13.12833 2.5 119.3301 14.85825 2.5 118.4273 13.23227 1.464466 118.5355 14.88426 1.464466 117.5 14.91816 0.669873 117.3984 13.36772 0.669873 116.2941 14.95763 0.1703708 116.2002 13.52546 0.1703708 115 15 0 114.9144 13.69474 0 113.7059 15.04236 0.1703708 113.6287 13.86401 0.1703708 112.5 25 0.669873 112.5 15.08184 0.669873 113.7059 25 0.1703708 111.4645 15.11574 1.464466 111.4645 25 1.464466 110.6699 15.14175 2.5 110.6699 25 2.5 110.1704 15.15811 3.705905 110.1704 25 3.705905 110 25 5 109.8193 13.70868 20 109.8193 13.70868 25 109.8193 13.70868 5 110.1704 25 26.29409 110 25 25 110.6699 25 27.5 111.4645 25 28.53553 112.5 25 29.33013 113.7059 25 29.82963 115 25 30 116.2941 25 29.82963 117.5 25 29.33013 118.5355 25 28.53553 119.3301 25 27.5 119.8296 25 26.29409 120 25 25 120 25 5 119.8296 25 3.705905 119.3301 25 2.5 118.5355 25 1.464466 117.5 25 0.669873 116.2941 25 0.1703708 115 25 0 110 25 20 11.04174 11.96272 20 10.67916 12.50536 20 110.1159 14.32648 3.705905 110.6122 14.26115 2.5 111.4016 14.15721 1.464466 112.4305 14.02175 0.669873 114.6593 12.41181 0 113.4066 12.74746 0.1703708 115.9119 12.07615 0.1703708 117.0792 11.76337 0.669873 118.0817 11.49478 1.464466 118.8508 11.28868 2.5 119.3343 11.15913 3.705905 119.4992 11.11494 5 119.4992 11.11494 25 119.3343 11.15913 26.29409 118.8508 11.28868 27.5 118.0817 11.49478 28.53553 117.0792 11.76337 29.33013 115.9119 12.07615 29.82963 114.6593 12.41181 30 113.4066 12.74746 29.82963 112.2393 13.06024 29.33013 111.2369 13.32884 28.53553 110.4677 13.53493 27.5 109.9842 13.66449 26.29409 109.6095 13.09069 20 109.6095 13.09069 25 109.6095 13.09069 5 109.9842 13.66449 3.705905 110.4677 13.53493 2.5 111.2369 13.32884 1.464466 112.2393 13.06024 0.669873 114.2388 11.17317 0 113.0406 11.66946 0.1703708 115.4369 10.67687 0.1703708 116.5534 10.2144 0.669873 117.5122 9.817273 1.464466 118.2479 9.512543 2.5 118.7104 9.320981 3.705905 118.8681 9.255643 5 118.8681 9.255643 25 118.7104 9.320981 26.29409 118.2479 9.512543 27.5 117.5122 9.817273 28.53553 116.5534 10.2144 29.33013 115.4369 10.67687 29.82963 114.2388 11.17317 30 113.0406 11.66946 29.82963 111.9241 12.13193 29.33013 110.9654 12.52906 28.53553 110.2297 12.83379 27.5 109.7672 13.02535 26.29409 109.7672 13.02535 3.705905 110.2297 12.83379 2.5 110.9654 12.52906 1.464466 111.9241 12.13193 0.669873 113.6603 10 0 114.7834 9.351564 0.1703708 115.83 8.747318 0.669873 116.7287 8.228441 1.464466 117.4183 7.830291 2.5 117.8518 7.580004 3.705905 117.9997 7.494636 5 117.9997 7.494636 25 117.8518 7.580004 26.29409 117.4183 7.830291 27.5 116.7287 8.228441 28.53553 115.83 8.747318 29.33013 114.7834 9.351564 29.82963 113.6603 10 30 112.5371 10.64844 29.82963 111.4905 11.25268 29.33013 110.5918 11.77156 28.53553 108.0373 11.04174 20 108.0373 11.04174 5 108.0373 11.04174 25 109.5625 9.054105 29.33013 108.9307 9.877412 28.53553 108.4459 10.50916 27.5 108.1412 10.90629 26.29409 107.4946 10.67916 20 107.4946 10.67916 5 107.4946 10.67916 25 108.1412 10.90629 3.705905 108.4459 10.50916 2.5 108.9307 9.877412 1.464466 109.5625 9.054105 0.669873 110 6.339746 0 109.3516 7.46287 0.1703708 110.6484 5.216622 0.1703708 111.2527 4.170037 0.669873 111.7716 3.271314 1.464466 112.1697 2.5817 2.5 112.42 2.14819 3.705905 112.5054 2.000328 5 112.5054 2.000328 25 112.42 2.14819 26.29409 112.1697 2.5817 27.5 111.7716 3.271314 28.53553 112.6128 5.078827 29.33013 111.2527 4.170037 29.33013 111.8771 6.037589 29.82963 110.6484 5.216622 29.82963 110 6.339746 30 109.3516 7.46287 29.82963 108.7473 8.509455 29.33013 108.2284 9.408178 28.53553 107.8303 10.09779 27.5 107.58 10.5313 26.29409 107.58 10.5313 3.705905 107.8303 10.09779 2.5 108.2284 9.408178 1.464466 108.7473 8.509455 0.669873 108.8268 5.761205 0 109.3231 4.563051 0.1703708 109.7856 3.44655 0.669873 110.1827 2.487788 1.464466 110.4875 1.752105 2.5 110.679 1.289635 3.705905 110.7444 1.131895 5 110.7444 1.131895 25 110.679 1.289635 26.29409 2.5817 7.830291 27.5 3.271314 8.228441 28.53553 10 15.16368 5 10 15.16368 25 10 15.16368 20 8.535534 15.11574 1.464466 8.845959 8.845959 29.82963 9.330127 15.14175 2.5 9.829629 15.15811 3.705905 11.47205 11.47205 20 11.47205 11.47205 5 9.829629 15.15811 26.29409 9.330127 15.14175 27.5 8.535534 15.11574 28.53553 7.5 15.08184 29.33013 6.294095 15.04236 29.82963 5 15 30 3.705905 14.95763 29.82963 2.5 14.91816 29.33013 1.464466 14.88426 28.53553 0.669873 14.85825 27.5 0.1703708 14.84189 26.29409 0 14.83632 25 0 14.83632 5 0.1703708 14.84189 3.705905 0.669873 14.85825 2.5 1.464466 14.88426 1.464466 2.5 14.91816 0.669873 10 48 5 10 48 25 10 48 20 11.35132 11.35132 3.705905 10.99736 10.99736 2.5 10.4343 10.4343 1.464466 9.700492 9.700492 0.669873 7.066466 8.912386 0 6.037589 8.1229 0.1703708 5.078827 7.387216 0.669873 4.25552 6.755471 1.464466 3.623775 6.270715 2.5 3.226643 5.965985 3.705905 3.091189 5.862048 5 3.091189 5.862048 25 3.226643 5.965985 26.29409 3.623775 6.270715 27.5 4.25552 6.755471 28.53553 7.5 48 0.669873 8.535534 48 1.464466 9.330127 48 2.5 9.829629 48 3.705905 9.829629 48 26.29409 9.330127 48 27.5 8.535534 48 28.53553 7.5 48 29.33013 6.294095 48 29.82963 5 48 30 3.705905 48 29.82963 2.5 48 29.33013 1.464466 48 28.53553 0.669873 48 27.5 0.1703708 48 26.29409 0 48 25 0 48 5 0.1703708 48 3.705905 0.669873 48 2.5 1.464466 48 1.464466 2.5 48 0.669873</float_array>
          <technique_common>
            <accessor source="#Síť_019-mesh-positions-array" count="756" stride="3">
              <param name="X" type="float"/>
              <param name="Y" type="float"/>
              <param name="Z" type="float"/>
            </accessor>
          </technique_common>
        </source>
        <source id="Síť_019-mesh-normals">
          <float_array id="Síť_019-mesh-normals-array" count="2346">-0.8367138 -0.4830772 0.2579663 -0.9219039 -0.3818652 0.06536382 -0.8641734 -0.4989309 0.065364 -0.8926098 -0.3697314 0.2579662 -0.9219039 -0.381865 -0.06536382 -0.8641734 -0.4989309 -0.06536394 -0.836714 -0.4830771 -0.2579659 -0.89261 -0.3697311 -0.2579659 -0.7507823 -0.4334642 -0.4984323 -0.8009378 -0.3317593 -0.4984322 -0.6140794 -0.3545389 -0.7051302 -0.6551026 -0.2713524 -0.7051302 -0.4649702 -0.192597 -0.8641233 -0.4358536 -0.2516401 -0.8641232 -0.2433236 -0.1007879 -0.9646945 -0.2280864 -0.1316857 -0.9646946 -0.005013883 -0.002076745 -0.9999853 -0.005010783 -0.002082943 -0.9999853 0.2339626 0.09691053 -0.9674037 0.2193117 0.1266196 -0.9674037 0.42879 0.2475616 -0.8688225 0.2009085 0.1541624 -0.9674037 0.3928081 0.3014123 -0.8688224 0.6093608 0.3518147 -0.7105673 0.5582273 0.4283431 -0.7105664 0.6856155 0.5260908 -0.5031499 0.7484187 0.4320996 -0.5031494 0.7659204 0.5877116 -0.2606932 0.8360801 0.4827103 -0.260693 0.7916381 0.6074455 -0.06572067 0.8641533 0.4989188 -0.06572055 0.9638381 0.2582579 -0.06572091 0.9238814 0.382679 -1.91033e-5 0.9218825 0.3818554 -0.06572103 0.9218823 0.3818557 0.06572115 0.9638379 0.2582582 0.06572097 0.9659083 0.2588849 -9.74487e-6 0.7916383 0.6074454 0.06572097 0.8360796 0.4827111 0.2606932 0.7659199 0.5877121 0.2606936 0.864153 0.4989194 0.06572079 0.7484191 0.4320994 0.503149 0.6856157 0.5260906 0.5031498 0.6093612 0.3518148 0.7105669 0.5582279 0.4283427 0.7105662 0.3928073 0.3014124 0.8688228 0.4287893 0.2475616 0.8688229 0.2009093 0.1541626 0.9674035 0.2193119 0.1266198 0.9674037 -0.004306197 -0.003303766 0.9999853 -0.004365384 -0.003214538 0.9999853 -0.2089468 -0.1603307 0.9646945 -0.228086 -0.131686 0.9646946 -0.3992787 -0.3063775 0.8641235 -0.4358521 -0.2516402 0.864124 -0.8009375 -0.3317593 0.4984323 -0.933233 -0.2500592 0.2579662 -0.8373891 -0.2243777 0.4984319 -0.6551032 -0.2713523 0.7051297 -0.6849173 -0.1835227 0.7051295 -0.4861299 -0.1302585 0.8641241 -0.46497 -0.1925968 0.8641236 -0.2543981 -0.06816565 0.9646943 -0.2433253 -0.100788 0.964694 -0.005242049 -0.001404583 0.9999853 -0.005208075 -0.001506209 0.9999853 0.2446119 0.06554323 0.9674034 0.2339627 0.09691071 0.9674037 0.4782522 0.1281477 0.8688228 0.4574341 0.1894757 0.8688229 0.6796538 0.1821129 0.7105671 0.6500689 0.2692677 0.7105668 0.7984167 0.3307139 0.5031491 0.8347527 0.2236706 0.5031495 0.8919334 0.3694506 0.2606936 0.9325253 0.2498707 0.2606937 0.9893016 0.1302427 -0.06572085 0.9893015 0.1302436 0.06572085 0.9914364 0.1305907 5.84126e-6 0.9325255 0.2498704 -0.2606935 0.8919336 0.3694502 -0.2606937 0.8347527 0.2236705 -0.5031495 0.7984164 0.3307143 -0.5031495 0.6796541 0.1821129 -0.7105669 0.6500689 0.2692674 -0.710567 0.457435 0.1894757 -0.8688223 0.478253 0.1281477 -0.8688223 0.2446104 0.06554317 -0.9674037 0.2510728 0.03305435 -0.9674037 -0.005016028 -0.002070307 -0.9999853 -0.005380511 -7.08358e-4 -0.9999853 -0.2543972 -0.06816554 -0.9646946 -0.2611185 -0.03437685 -0.9646944 -0.4861312 -0.1302585 -0.8641233 -0.4989746 -0.06569117 -0.8641233 -0.6849168 -0.1835228 -0.7051301 -0.7030113 -0.09255307 -0.7051305 -0.859512 -0.1131568 -0.4984323 -0.837389 -0.2243777 -0.4984318 -0.9578885 -0.1261084 -0.2579658 -0.9332332 -0.2500591 -0.2579659 -0.9893246 -0.130247 -0.06536394 -0.9638602 -0.2582656 -0.06536388 -0.9893248 -0.1302469 0.06536394 -0.9638602 -0.2582656 0.06536394 -0.9578886 -0.1261083 0.257966 -0.859512 -0.1131569 0.4984323 -0.7030118 -0.09255301 0.7051301 -0.4989737 -0.06569123 0.8641238 -0.2611187 -0.03437691 0.9646944 -0.00524348 -0.001397609 0.9999853 0.2510733 0.03305441 0.9674036 0.4908866 0.06462675 0.8688232 0.6976104 0.09184259 0.7105665 0.8568063 0.1128003 0.5031492 0.9571622 0.1260135 0.2606939 0.6087614 0.7933533 0 0.498919 0.8641533 -0.06572109 0.607445 0.7916386 -0.06572097 0.5000002 0.8660254 0 0.6074456 0.791638 0.06572145 0.4989188 0.8641532 0.06572151 0.9571623 0.1260133 -0.2606936 0.8568062 0.1128004 -0.5031494 0.6976101 0.09184235 -0.7105668 0.4908882 0.06462639 -0.8688223 0.2560172 0.008381187 -0.966636 -0.002716422 -8.89168e-5 -0.9999963 0.4974945 0.01628595 -0.8673143 0.2588191 0 -0.9659259 0 0 -1 -0.2610869 -0.008547067 -0.9652775 -0.2588191 0 -0.9659258 0.4283432 0.5582271 0.7105665 0.6110814 0.611081 0.5031499 0.4975422 0.4975413 0.7105664 0.5260913 0.6856155 0.5031493 0.3014117 0.3928084 0.8688226 0.3501045 0.3501054 0.8688228 0.6826555 0.6826569 0.2606933 0.7055782 0.7055779 0.06572103 0.5877118 0.7659202 0.2606936 -0.1603313 -0.208947 0.9646943 -0.004300951 -0.003308832 0.9999853 -0.1862317 -0.1862321 0.9646945 -0.003303289 -0.004305541 0.9999853 -0.3063777 -0.3992787 0.8641235 -0.3558724 -0.3558726 0.8641237 -0.4316595 -0.5625494 0.7051301 -0.5013945 -0.5013937 0.7051298 -0.5277528 -0.6877809 0.4984319 -0.6130115 -0.6130112 0.4984318 -0.6831741 -0.6831741 0.257966 -0.5881571 -0.7665017 0.2579659 -0.7055947 -0.7055946 0.065364 -0.6074599 -0.7916567 0.06536382 -0.7055945 -0.7055948 -0.06536388 -0.6074597 -0.7916567 -0.06536382 -0.6831741 -0.6831742 -0.2579658 -0.5881574 -0.7665016 -0.2579658 -0.6130113 -0.6130112 -0.4984321 -0.5277528 -0.6877807 -0.4984323 -0.5013939 -0.5013939 -0.7051301 -0.4316592 -0.5625494 -0.7051303 -0.3558728 -0.3558728 -0.8641234 -0.3063777 -0.399279 -0.8641234 -0.1862317 -0.1862317 -0.9646945 -0.1603304 -0.2089466 -0.9646945 -0.003837406 -0.003837406 -0.9999853 -0.00383228 -0.003841996 -0.9999853 0.1790673 0.1790673 -0.9674037 0.1541624 0.2009083 -0.9674037 0.3014124 0.3928083 -0.8688224 0.1266197 0.2193118 -0.9674037 0.2475618 0.4287901 -0.8688224 0.4283425 0.5582275 -0.7105666 0.3518148 0.6093614 -0.7105667 0.5260912 0.6856154 -0.5031498 0.4320998 0.7484187 -0.5031493 0.5877118 0.7659204 -0.2606931 0.4827111 0.8360797 -0.2606933 0.3818554 0.9218825 -0.06572073 0.3826828 0.9238799 0 0.3818555 0.9218824 0.06572121 0.482711 0.8360796 0.2606936 0.4321002 0.7484189 0.5031487 0.3518164 0.6093606 0.7105666 0.2475607 0.4287903 0.8688226 0.1266192 0.2193123 0.9674037 0.1541632 0.2009087 0.9674035 -0.003298521 -0.004309058 0.9999853 -0.1316857 -0.2280868 0.9646944 -0.2516394 -0.4358535 0.8641236 -0.3545389 -0.6140797 0.70513 -0.4334642 -0.7507824 0.4984322 -0.4830769 -0.8367139 0.2579661 -0.4989308 -0.8641735 0.06536388 -0.4989308 -0.8641735 -0.06536388 -0.4830769 -0.836714 -0.2579659 -0.4334643 -0.7507821 -0.4984324 -0.354539 -0.6140797 -0.7051299 -0.2516402 -0.4358536 -0.8641232 -0.1316857 -0.2280863 -0.9646945 -0.002713441 -0.004699885 -0.9999853 0.09691053 0.2339625 -0.9674037 0.1894756 0.4574346 -0.8688226 0.2692674 0.6500692 -0.7105668 0.3307149 0.7984158 -0.5031499 0.3694506 0.8919333 -0.2606937 0.2582593 0.9638377 -0.06572085 0.2588182 0.9659261 0 0.2582594 0.9638376 0.06572121 0.3694504 0.8919333 0.2606939 0.3307144 0.7984162 0.5031498 0.2692687 0.6500689 0.7105665 0.1894749 0.4574345 0.8688228 0.09691101 0.2339629 0.9674036 -0.002076268 -0.005014002 0.9999853 -0.1007878 -0.2433239 0.9646944 -0.1925969 -0.4649699 0.8641236 -0.2713529 -0.6551026 0.7051299 -0.3317591 -0.8009378 0.4984321 -0.3697313 -0.8926099 0.2579662 -0.3818653 -0.9219037 0.065364 -0.381865 -0.9219039 -0.06536394 -0.3697312 -0.89261 -0.2579661 -0.3317593 -0.8009377 -0.4984323 -0.2713524 -0.6551026 -0.7051301 -0.1925969 -0.4649702 -0.8641233 -0.1007879 -0.2433236 -0.9646945 -0.002707242 -0.004702925 -0.9999853 0.06554317 0.2446105 -0.9674037 0.1281474 0.4782532 -0.8688223 0.1821126 0.6796545 -0.7105665 0.2236711 0.8347522 -0.5031503 0.2498695 0.9325258 -0.2606931 0.1302443 0.9893015 -0.06572151 0.1305262 0.9914449 0 0.1302443 0.9893014 0.06572133 0.2498693 0.9325258 0.2606936 0.2236706 0.8347527 0.5031495 0.1821149 0.6796545 0.710566 0.1281479 0.478253 0.8688224 0.06554287 0.2446109 0.9674035 -0.001974821 -0.005048453 0.9999853 -0.06816542 -0.2543978 0.9646944 -0.130258 -0.486131 0.8641237 -0.1835227 -0.6849169 0.7051299 -0.2243777 -0.8373891 0.4984318 -0.2500591 -0.9332332 0.257966 -0.2582656 -0.9638602 0.06536394 -0.2582655 -0.9638603 -0.06536394 -0.250059 -0.9332332 -0.2579659 -0.2243776 -0.8373889 -0.4984322 -0.1835228 -0.6849167 -0.7051302 -0.1302585 -0.4861315 -0.8641232 -0.06816554 -0.2543973 -0.9646946 -0.001404583 -0.005242049 -0.9999853 0.03305435 0.2510729 -0.9674037 0.06462669 0.4908881 -0.8688225 0.09184211 0.6976101 -0.7105668 0.1128009 0.8568058 -0.5031499 0.1260128 0.9571624 -0.2606934 0.03271919 0.9994646 0 0.03264874 0.9973165 -0.06552714 0.03264874 0.9973165 0.06552755 0.1260127 0.9571623 0.2606937 0.1128012 0.8568059 0.5031498 0.0918439 0.6976101 0.7105665 -0.06569182 -0.4989744 0.8641234 -0.03437733 -0.2611189 0.9646943 -7.09604e-4 -0.00538057 0.9999853 0.03305327 0.2510734 0.9674037 0.06462669 0.4908878 0.8688226 -0.0925529 -0.7030119 0.7051301 -0.1131568 -0.8595121 0.4984321 -0.1261083 -0.9578885 0.257966 -0.1302471 -0.9893246 0.06536388 -0.1302469 -0.9893247 -0.06536388 -0.001200914 -0.0052827 -0.9999854 0.008381128 0.2560172 -0.966636 0.01628625 0.4974947 -0.8673142 -0.1261084 -0.9578886 -0.2579659 -0.1131569 -0.859512 -0.4984323 -0.09255313 -0.7030116 -0.7051302 -0.06569123 -0.4989748 -0.8641232 0.02308511 0.7051808 -0.7086517 -0.03437685 -0.2611183 -0.9646945 -0.7055752 0.7055811 -0.06571948 -0.7659265 0.5877028 -0.2606954 -0.6826636 0.682648 -0.2606956 -0.7916349 0.60745 -0.06571823 0.1862314 -0.1862311 -0.9646947 0.3063771 -0.39928 -0.8641231 0.1603301 -0.2089471 -0.9646944 0.3558737 -0.3558708 -0.8641238 0.4316584 -0.5625504 -0.7051298 0.5013945 -0.5013929 -0.7051303 -0.6856155 0.5260885 -0.5031523 -0.6110786 0.6110844 -0.5031489 -0.4975388 0.4975453 -0.7105658 -0.5582267 0.4283487 -0.7105636 -0.3928095 0.3014132 -0.8688215 -0.179067 0.1790671 -0.9674038 -0.3501055 0.3501068 -0.8688219 -0.200909 0.154162 -0.9674037 0.5277523 -0.6877818 -0.4984313 0.6130113 -0.6130112 -0.498432 0.003837525 -0.003837943 -0.9999853 0.003681063 -0.003974795 -0.9999854 -0.1541624 0.2009087 -0.9674037 0.6831734 -0.6831744 -0.2579669 0.5881579 -0.7665009 -0.2579666 0.7055957 -0.7055935 -0.06536567 0.6074614 -0.7916554 -0.06536531 0.7055938 -0.7055953 0.06536555 0.6074595 -0.7916567 0.06536513 0.6831725 -0.6831753 0.2579669 0.5881586 -0.7665002 0.2579669 0.6130109 -0.6130124 0.498431 0.527754 -0.68778 0.498432 0.5013948 -0.5013931 0.7051301 0.4316584 -0.5625504 0.7051298 0.03159677 0.9651918 0.2596278 0.0283094 0.8647666 0.5013754 0.02308505 0.7051813 0.7086513 0.01628613 0.4974943 0.8673144 0.008381128 0.2560176 0.9666358 -8.96479e-5 -0.002716243 0.9999963 -0.008547604 -0.2610874 0.9652774 -0.01642048 -0.5015711 0.8649607 -0.02317428 -0.7078999 0.7059326 -0.02835386 -0.8661269 0.4990193 -0.03160893 -0.9655566 0.2582662 -0.03264915 -0.9973282 0.06534892 -0.03264909 -0.9973283 -0.06534886 -0.03160905 -0.9655566 -0.2582662 -0.02835398 -0.8661267 -0.4990198 -0.02317422 -0.7078997 -0.7059327 -0.01641964 -0.5015715 -0.8649605 -0.008547067 -0.2610868 -0.9652776 -0.03264892 0.9973165 -0.06552702 -0.03271919 0.9994646 0 -0.03264892 0.9973166 0.06552702 0.03159701 0.965192 -0.2596271 0.02830958 0.8647664 -0.5013759 0.03264904 -0.9973283 -0.0653488 0.03160899 -0.9655565 -0.2582663 0.00330311 -0.004305362 0.9999853 -0.1790673 0.179067 0.9674038 -0.1541636 0.2009093 0.9674032 0.003384351 -0.004234969 0.9999853 -8.89192e-5 -0.002716302 -0.9999964 0.03264933 -0.9973283 0.06534868 0.03160893 -0.9655565 0.2582667 0.02835392 -0.866127 0.4990192 0.02317428 -0.7078996 0.7059328 0.01642012 -0.5015722 0.8649601 0.008547365 -0.2610873 0.9652774 8.88506e-5 -0.00271666 0.9999964 -0.008380889 0.2560176 0.9666358 -0.01628577 0.4974938 0.8673146 -0.02308499 0.7051799 0.7086526 -0.02830868 0.8647664 0.5013757 -0.03159672 0.9651919 0.2596275 -0.1302428 0.9893018 -0.06571936 -0.130525 0.991445 0 -0.1302421 0.9893018 0.06572002 -0.03159737 0.9651916 -0.2596285 -0.02830934 0.8647664 -0.5013758 -0.02308505 0.7051815 -0.708651 -0.01628637 0.4974948 -0.8673141 -0.008381128 0.2560172 -0.9666359 0.02835398 -0.8661268 -0.4990195 0.02317416 -0.7078992 -0.7059333 0.01641958 -0.5015706 -0.8649609 0.008547127 -0.2610859 -0.9652778 8.89198e-5 -0.002716362 -0.9999963 -0.06462651 0.490887 -0.8688231 -0.03305441 0.2510722 -0.9674038 -0.09184145 0.6976121 -0.710565 -0.1128006 0.8568069 -0.5031481 -0.1260149 0.9571617 -0.2606953 -0.2582567 0.9638385 -0.06571865 -0.2588164 0.9659267 0 -0.258258 0.9638381 0.0657196 -0.1260128 0.9571624 0.2606936 -0.1128014 0.8568066 0.5031486 -0.09184247 0.69761 0.7105668 -0.06462526 0.4908878 0.8688227 -0.03305351 0.2510735 0.9674036 7.08505e-4 -0.005380094 0.9999853 0.03437691 -0.2611182 0.9646946 0.06569141 -0.4989745 0.8641233 0.09255385 -0.7030107 0.705131 0.1131578 -0.8595123 0.4984315 0.1261087 -0.9578883 0.2579663 0.1302479 -0.9893246 0.06536394 0.1302472 -0.9893246 -0.06536394 0.1261085 -0.9578886 -0.2579657 0.1131572 -0.8595119 -0.4984325 0.09255325 -0.7030112 -0.7051307 0.06569105 -0.4989748 -0.8641232 0.03437674 -0.2611184 -0.9646945 7.08373e-4 -0.00538063 -0.9999853 -0.1281473 0.4782528 -0.8688225 -0.06554317 0.2446092 -0.967404 -0.1821147 0.6796526 -0.7105678 -0.2236708 0.8347535 -0.5031481 -0.2498719 0.9325248 -0.2606944 -0.3818551 0.9218828 -0.065719 -0.3826828 0.9238798 0 -0.3818576 0.9218817 0.06572014 -0.249872 0.9325248 0.2606946 -0.2236714 0.834753 0.5031486 -0.1821143 0.6796544 0.7105661 -0.1281468 0.4782515 0.8688234 -0.06554257 0.2446095 0.967404 6.65628e-4 -0.005389034 0.9999853 0.06816571 -0.2543981 0.9646943 0.1302576 -0.4861304 0.864124 0.1835227 -0.6849178 0.7051292 0.2243775 -0.8373883 0.4984331 0.2500577 -0.9332334 0.2579662 0.2582654 -0.9638604 0.06536334 0.2582645 -0.9638606 -0.06536322 0.2500588 -0.9332335 -0.2579652 0.2243778 -0.8373887 -0.4984325 0.183523 -0.6849169 -0.7051301 0.1302584 -0.4861297 -0.8641242 0.06816595 -0.2543982 -0.9646942 7.15095e-4 -0.00537914 -0.9999853 -0.1894745 0.4574356 -0.8688222 -0.09691047 0.2339611 -0.967404 -0.2692685 0.6500658 -0.7105694 -0.3307138 0.7984177 -0.5031476 -0.3694556 0.8919312 -0.2606941 -0.791641 0.6074419 0.06571841 -0.7071105 0.7071031 0 -0.7055721 0.7055842 0.06571978 -0.7933403 0.6087785 4.34231e-5 -0.3694503 0.8919337 0.2606931 -0.3307151 0.7984154 0.5031507 -0.2692694 0.6500677 0.7105675 -0.1894738 0.4574356 0.8688225 -0.09691071 0.2339628 0.9674036 0.002076566 -0.005013704 0.9999853 0.1007881 -0.2433249 0.9646942 0.1925969 -0.4649692 0.864124 0.2713534 -0.6551032 0.7051292 0.3317594 -0.8009366 0.4984339 -0.8641529 0.4989199 0.06571841 -0.8641533 0.498919 -0.06571859 -0.8660297 0.4999926 2.26119e-5 -0.7659248 0.5877053 0.2606946 -0.6826595 0.682653 0.2606936 -0.6856148 0.5260904 0.5031514 -0.6110776 0.6110854 0.5031489 -0.4975395 0.497545 0.7105656 -0.558228 0.4283452 0.7105644 -0.3501045 0.3501069 0.8688222 -0.3928084 0.3014108 0.8688229 -0.2009099 0.1541624 0.9674033 0.004306733 -0.003303468 0.9999853 0.1862313 -0.1862322 0.9646946 0.2089481 -0.1603302 0.9646943 0.3558733 -0.3558712 0.8641238 0.399279 -0.306375 0.8641243 0.5625482 -0.4316599 0.7051308 0.6877806 -0.5277537 0.4984316 0.7665023 -0.5881563 0.2579661 0.7916553 -0.6074616 0.06536364 0.7916566 -0.60746 -0.06536358 0.7665017 -0.5881572 -0.257966 0.6877804 -0.5277537 -0.4984318 0.5625475 -0.4316614 -0.7051304 0.3992785 -0.3063759 -0.8641241 0.2089476 -0.1603291 -0.9646946 0.003974676 -0.003680944 -0.9999854 -0.4287896 0.2475619 -0.8688225 -0.2193107 0.1266192 -0.967404 -0.6093624 0.3518146 -0.710566 -0.7484204 0.4320924 -0.5031532 -0.8360817 0.4827078 -0.2606928 -0.9973163 0.03265142 0.06553035 -0.9914534 0.1304615 -1.72853e-6 -0.9893027 0.1302321 0.06572538 -0.9973163 0.03265327 -0.06553024 -0.999464 0.0327385 3.27884e-5 -0.9893024 0.1302347 -0.06572526 -0.8360815 0.4827084 0.2606921 -0.7484214 0.4320912 0.5031527 -0.9651914 0.03159904 0.2596288 -0.9571624 0.1260076 0.2606955 -0.8647682 0.02830672 0.5013731 -0.8568079 0.1127969 0.5031473 -0.7051805 0.02308624 0.7086519 -0.6976103 0.09184581 0.7105662 -0.4908874 0.0646249 0.868823 -0.4974926 0.01628589 0.8673154 -0.2510734 0.03305548 0.9674036 -0.2560186 0.008381903 0.9666356 0.005380988 -7.08159e-4 0.9999853 0.002715706 -8.91027e-5 0.9999964 0.2611188 -0.03437781 0.9646943 0.2610872 -0.008547425 0.9652774 0.4989736 -0.0656923 0.8641238 0.5015724 -0.01641917 0.8649598 0.7030112 -0.09255135 0.7051309 0.7078997 -0.02317297 0.7059328 0.8661266 -0.02835589 0.4990197 0.8595128 -0.1131582 0.4984308 0.965557 -0.03160917 0.2582648 0.9578887 -0.1261054 0.2579667 0.9973282 -0.03265053 0.06534963 0.9893246 -0.1302478 0.06536483 0.9973282 -0.0326479 -0.06534963 0.9893249 -0.130245 -0.06536489 0.9578884 -0.1261078 -0.2579665 0.965557 -0.03161048 -0.2582646 0.8595128 -0.1131581 -0.4984308 0.8661267 -0.02835327 -0.4990199 0.7030109 -0.09254992 -0.7051314 0.7078986 -0.02317476 -0.7059338 0.5015723 -0.01642024 -0.86496 0.4989739 -0.06569129 -0.8641237 0.2610875 -0.008546948 -0.9652773 0.2611178 -0.03437697 -0.9646947 0.002717196 -8.90949e-5 -0.9999964 0.005380153 -7.08735e-4 -0.9999853 -0.2560164 0.008381903 -0.9666362 -0.2510725 0.03305548 -0.9674038 -0.4999986 0 -0.8660262 -0.497493 0.01628857 -0.8673151 -0.2588183 0 -0.9659261 -0.7051805 0.02308386 -0.708652 -0.707106 0 -0.7071076 -0.8647677 0.02830672 -0.5013736 -0.8660264 0 -0.4999984 -0.9651914 0.03159898 -0.2596285 -0.9659255 0 -0.2588203 -0.9978588 0 -0.06540644 -0.9659212 0.2588365 -2.77668e-5 -0.9638385 0.2582554 0.06572413 -0.9638421 0.2582418 -0.06572437 -0.9659253 0 0.258821 -0.9978587 -2.17833e-7 0.0654065 -0.8660262 0 0.4999988 -0.7071065 0 0.7071071 -0.4999979 0 0.8660267 -0.2588179 0 0.9659262 -3.54025e-7 0 1 0.2588218 0 0.9659251 0.5000016 0 0.8660246 0.7071055 0 0.7071081 0.8660254 0 0.5000002 0.9659263 0 0.2588176 0.997859 0 0.06540346 0.997859 0 -0.06540352 0.9659262 0 -0.2588176 0.8660251 0 -0.5000005 0.7071057 0 -0.707108 0.5000012 0 -0.8660248 0.2588197 0 -0.9659257 3.63593e-7 0 -1 0 1 0 0 1 1.61027e-6 0 1 0 0 1 5.68329e-7 0 1 -1.06148e-6 0 1 0 0 1 -1.44265e-6 0 1 -1.05931e-6 0 1 5.41378e-7 0 1 1.29488e-6 0 1 -1.98609e-6 0 1 4.44397e-6 0.7933547 0.6087597 -1.89523e-5 0.8660309 0.4999904 -2.26113e-5 -1 0 4.79658e-5 -0.9571619 0.1260133 -0.2606949 -0.8568074 0.1127997 -0.5031476 -0.69761 0.0918411 -0.7105671 -0.4908887 0.0646252 -0.8688222 0.00537908 -7.15548e-4 -0.9999853 -0.2446108 0.06554216 -0.9674037 0.2543985 -0.06816548 -0.9646943 0.4861304 -0.1302598 -0.8641236 0.6849165 -0.1835247 -0.7051299 0.8373875 -0.2243814 -0.4984329 0.9332328 -0.2500599 -0.2579663 0.9638602 -0.2582664 -0.0653609 0.9638599 -0.2582675 0.06536102 0.9332334 -0.2500573 0.2579668 0.8373886 -0.2243768 0.4984331 0.6849173 -0.1835233 0.7051295 0.4861292 -0.1302586 0.8641245 0.2543991 -0.06816643 0.964694 0.005379199 -7.15208e-4 0.9999853 -0.2446123 0.06554335 0.9674032 -0.4782527 0.128144 0.8688232 -0.6796538 0.1821131 0.7105671 -0.8347539 0.2236703 0.5031477 -0.9325256 0.2498716 0.2606921 -0.9238864 0.3826669 -2.51743e-5 -0.9218742 0.3818755 0.06571918 -0.921883 0.3818543 -0.06571948 -0.9325243 0.2498769 -0.2606912 -0.8347533 0.2236729 -0.5031475 -0.6796535 0.1821153 -0.7105668 -0.4782537 0.1281441 -0.8688225 0.005015015 -0.002077162 -0.9999853 -0.2339628 0.0969097 -0.9674037 0.2433235 -0.1007889 -0.9646944 0.4649699 -0.1925969 -0.8641236 0.6551029 -0.2713478 -0.7051317 0.8009372 -0.3317579 -0.498434 0.8926106 -0.3697308 -0.2579645 0.9219048 -0.3818627 -0.06536346 0.9219031 -0.3818671 0.0653634 0.8926093 -0.3697338 0.2579645 0.8009375 -0.3317566 0.4984341 0.6551032 -0.2713499 0.7051306 0.4649697 -0.1925968 0.8641237 0.2433246 -0.1007896 0.9646942 0.005015254 -0.002076625 0.9999853 -0.233963 0.09691011 0.9674037 -0.4574331 0.189475 0.8688235 -0.6500692 0.2692666 0.710567 -0.7984163 0.3307127 0.5031507 -0.8919292 0.369464 0.2606891 -0.8919294 0.3694637 -0.2606889 -0.7984146 0.3307177 -0.5031502 -0.6500687 0.2692682 -0.7105669 -0.4574339 0.1894776 -0.8688225 0.004921793 -0.002262949 -0.9999854 0.2280866 -0.1316863 -0.9646944 0.4358515 -0.2516398 -0.8641244 0.6140785 -0.3545389 -0.7051311 0.7507826 -0.4334667 -0.4984298 0.8367156 -0.4830749 -0.257965 0.8641744 -0.4989291 -0.06536465 0.864173 -0.4989314 0.06536471 0.8367148 -0.4830761 0.2579651 0.7507831 -0.4334658 0.49843 0.6140786 -0.3545391 0.7051309 0.4358505 -0.2516379 0.8641254 0.2280852 -0.1316872 0.9646947 0.004309296 -0.003298103 0.9999853 -0.2193107 0.1266204 0.9674038 -0.4287888 0.2475629 0.8688228 -0.6093629 0.3518168 0.7105646 -0.6087633 0.793352 0 -0.6074507 0.791634 -0.06572246 -0.6074458 0.7916378 0.06572121 -0.3014118 0.3928079 0.8688227 -0.4283415 0.5582259 0.7105683 -0.5260922 0.6856145 0.5031499 -0.5877165 0.7659161 0.2606954 -0.4999978 0.8660267 0 -0.4989188 0.8641533 -0.06572085 -0.4989207 0.8641523 0.06571996 -0.5877122 0.7659202 -0.2606925 -0.5260908 0.6856168 -0.5031482 -0.4283411 0.5582261 -0.7105685 -0.3014126 0.3928078 -0.8688225 0.002713263 -0.004699468 -0.9999853 -0.1266202 0.2193111 -0.9674038 0.1316854 -0.2280867 -0.9646944 0.2516397 -0.4358538 -0.8641234 0.3545382 -0.614081 -0.7051292 0.433463 -0.7507835 -0.4984317 0.4830768 -0.8367136 -0.2579674 0.4989309 -0.8641734 -0.06536424 0.4989296 -0.8641741 0.06536477 0.4830763 -0.8367143 0.2579664 0.4334633 -0.750783 0.498432 0.3545384 -0.6140812 0.7051289 0.3063773 -0.3992789 0.8641234 0.2516391 -0.435853 0.8641238 0.160331 -0.2089473 0.9646943 0.1316854 -0.2280872 0.9646944 0.00313127 -0.004420697 0.9999854 -0.1266204 0.2193117 0.9674036 -0.2475604 0.4287899 0.8688228 -0.3518146 0.6093601 0.710568 -0.432099 0.7484198 0.5031485 -0.4827102 0.8360798 0.260694 -0.4827086 0.8360815 -0.2606922 -0.432098 0.7484213 -0.503147 -0.3518143 0.6093586 -0.7105695 -0.2475613 0.4287897 -0.8688226 0.00270766 -0.004702806 -0.9999853 0.1007881 -0.2433241 -0.9646944 0.192597 -0.4649685 -0.8641242 0.271353 -0.6551028 -0.7051298 0.3317599 -0.8009365 -0.4984337 0.3697323 -0.8926092 -0.2579671 0.3818649 -0.921904 -0.06536263 0.3818652 -0.9219039 0.06536352 0.3697313 -0.89261 0.2579657 -0.7507823 -0.4334643 0.4984322 -0.6140794 -0.3545389 0.7051302 0.9973165 0.03264909 -0.06552696 0.9973165 0.03264951 0.06552702 0.9994636 0.03275102 -2.92063e-6 0.7051807 0.02308517 -0.7086518 0.1790675 0.1790676 0.9674036 0.8647667 0.02830928 -0.5013753 0.965192 0.03159755 -0.2596268 0.7071057 0.7071079 0 0.7055777 0.7055785 -0.06572067 0.9651919 0.03159761 0.2596274 0.8647667 0.02830886 0.5013753 0.7051815 0.02308517 0.708651 0.4974936 0.01628619 0.8673148 0.2560183 0.008381068 0.9666357 -0.00271517 -8.89307e-5 0.9999963 -0.2610876 -0.008547067 0.9652773 -0.5015712 -0.0164197 0.8649605 -0.7078998 -0.02317416 0.7059327 -0.8661268 -0.02835398 0.4990195 -0.9655566 -0.03160899 0.2582661 -0.9973283 -0.03264909 0.06534898 -0.9973282 -0.03264909 -0.06534886 -0.9655566 -0.03160905 -0.2582663 -0.8661267 -0.02835398 -0.4990196 -0.7078998 -0.02317422 -0.7059326 -0.5015712 -0.01641964 -0.8649606 0.997859 0 -0.06540322 0.997859 0 0.06540322 0 0 0 0.6826562 0.6826564 -0.2606929 0.6110813 0.6110811 -0.5031498 0.4975412 0.4975418 -0.7105666 0.3501054 0.3501054 -0.8688225 -0.003841996 -0.00383228 -0.9999853 -0.2089466 -0.1603304 -0.9646946 -0.3992791 -0.3063777 -0.8641234 -0.5625495 -0.4316592 -0.7051301 -0.6877809 -0.5277527 -0.4984322 -0.7665015 -0.5881574 -0.2579657 -0.7916567 -0.6074597 -0.06536388 -0.7916567 -0.6074598 0.06536394 -0.7665016 -0.5881572 0.2579659 -0.6877809 -0.5277529 0.498432 -0.5625497 -0.4316594 0.7051298 0.5000001 0 -0.8660254 0.7071068 0 -0.7071067 0.8660256 0 -0.4999999 0.9659259 0 -0.2588192 0.9659258 0 0.2588195 0.8660256 0 0.5 0.7071068 0 0.7071067 0.4999995 0 0.8660257 0.2588199 0 0.9659257 1.33955e-7 0 1 -0.2588195 0 0.9659258 -0.5000001 0 0.8660253 -0.7071072 0 0.7071064 -0.8660255 0 0.5 -0.9659259 0 0.258819 -0.997859 0 0.06540322 -0.997859 0 -0.0654031 -0.9659259 0 -0.2588191 -0.8660254 0 -0.5 -0.7071068 0 -0.7071068 -0.5 0 -0.8660254 0 1 5.63592e-6 0 1 -4.61821e-6 0 1 1.18169e-6 0 1 -2.19872e-6 0 1 -2.60996e-6 0 1 -1.80331e-7 0 1 -1.72491e-6 0 1 -4.22942e-7 0 1 2.08452e-6 0 1 0 0 1 2.91507e-6 0 1 6.87499e-7 0 1 0 0 1 6.18716e-7</float_array>
          <technique_common>
            <accessor source="#Síť_019-mesh-normals-array" count="782" stride="3">
              <param name="X" type="float"/>
              <param name="Y" type="float"/>
              <param name="Z" type="float"/>
            </accessor>
          </technique_common>
        </source>
        <source id="Síť_019-mesh-map-0">
          <float_array id="Síť_019-mesh-map-0-array" count="9048">-0.0575608 0.2633683 -0.07677662 0.2505213 -0.05745089 0.2505213 -0.07677662 0.2505213 -0.0575608 0.2633683 -0.07666671 0.2633683 -0.05745089 0.2460629 -0.07677662 0.04921257 -0.05745089 0.04921257 -0.07677662 0.04921257 -0.05745089 0.2460629 -0.07677662 0.2460629 -0.07677662 0.04222822 -0.0575608 0.02938115 -0.05745089 0.04222822 -0.0575608 0.02938115 -0.07677662 0.04222822 -0.07666671 0.02938115 -0.07666671 0.01381438 -0.05788302 9.67363e-4 -0.0575608 0.01381438 -0.05788302 9.67363e-4 -0.07666671 0.01381438 -0.07634449 9.67363e-4 -0.07634449 -0.01510304 -0.05839562 -0.0279501 -0.05788302 -0.01510304 -0.05839562 -0.0279501 -0.07634449 -0.01510304 -0.07583189 -0.0279501 -0.07516384 -0.05540055 -0.05839562 -0.04255348 -0.07583189 -0.04255348 -0.05839562 -0.04255348 -0.07516384 -0.05540055 -0.05906367 -0.05540055 -0.07438594 -0.07951331 -0.05906367 -0.06666624 -0.07516384 -0.06666624 -0.05906367 -0.06666624 -0.07438594 -0.07951331 -0.05984163 -0.07951331 -0.07355105 -0.09864515 -0.05984163 -0.08579808 -0.07438594 -0.08579808 -0.05984163 -0.08579808 -0.07355105 -0.09864515 -0.06067645 -0.09864515 0.07271623 0.1114922 0.06067645 0.09864515 0.07355105 0.09864515 0.06067645 0.09864515 0.07271623 0.1114922 0.06151127 0.1114922 0.04555767 0.1237096 0.03513067 0.1108626 0.04633563 0.1108626 0.03513067 0.1108626 0.04555767 0.1237096 0.03590863 0.1237096 0.04488962 0.120926 0.03590863 0.1080789 0.04555767 0.1080789 0.03590863 0.1080789 0.04488962 0.120926 0.03657662 0.120926 0.04488962 0.09749209 0.03708922 0.1103392 0.03657662 0.09749209 0.03708922 0.1103392 0.04488962 0.09749209 0.04437702 0.1103392 0.04437702 0.07982361 0.03741151 0.09267067 0.03708922 0.07982361 0.03741151 0.09267067 0.04437702 0.07982361 0.0440548 0.09267067 0.0440548 0.05627757 0.03752142 0.06912463 0.03741151 0.05627757 0.03752142 0.06912463 0.0440548 0.05627757 0.04394489 0.06912463 0.0955578 0.04921257 0.08913427 0.1968504 0.08913427 0.04921257 0.08913427 0.1968504 0.0955578 0.04921257 0.08913427 0.2460629 0.08913427 0.2460629 0.0955578 0.04921257 0.0955578 0.2460629 0.0955578 0.2460629 0.0955578 0.04921257 0.0955578 0.1968504 0.03752142 0.2236248 0.0440548 0.2364718 0.03741151 0.2364718 0.0440548 0.2364718 0.03752142 0.2236248 0.04394489 0.2236248 0.03741151 0.1801283 0.04437702 0.1929754 0.03708922 0.1929754 0.04437702 0.1929754 0.03741151 0.1801283 0.0440548 0.1801283 0.03708922 0.1239187 0.04488962 0.1367657 0.03657662 0.1367657 0.04488962 0.1367657 0.03708922 0.1239187 0.04437702 0.1239187 0.03590863 0.07167345 0.04488962 0.05882638 0.04555767 0.07167345 0.04488962 0.05882638 0.03590863 0.07167345 0.03657662 0.05882638 0.03513067 0.002134442 0.04555767 -0.01071256 0.04633563 0.002134442 0.04555767 -0.01071256 0.03513067 0.002134442 0.03590863 -0.01071256 0.03429585 -0.06711214 0.04633563 -0.07995921 0.04717046 -0.06711214 0.04633563 -0.07995921 0.03429585 -0.06711214 0.03513067 -0.07995921 -0.03346097 0.1313475 -0.04717046 0.1441946 -0.04800528 0.1313475 -0.04717046 0.1441946 -0.03346097 0.1313475 -0.03429585 0.1441946 -0.03268307 0.186194 -0.04800528 0.199041 -0.04878324 0.186194 -0.04800528 0.199041 -0.03268307 0.186194 -0.03346097 0.199041 -0.08311527 0.2678321 -0.101899 0.254985 -0.08279305 0.254985 -0.101899 0.254985 -0.08311527 0.2678321 -0.1015768 0.2678321 -0.08279305 0.254985 -0.1015768 0.2429984 -0.08311527 0.2429984 -0.1015768 0.2429984 -0.08279305 0.254985 -0.101899 0.254985 -0.08362793 0.2140141 -0.1003962 0.2268612 -0.1010642 0.2140141 -0.1003962 0.2268612 -0.08362793 0.2140141 -0.08429592 0.2268612 -0.08429592 0.1700074 -0.09961819 0.1828544 -0.1003962 0.1700074 -0.09961819 0.1828544 -0.08429592 0.1700074 -0.08507388 0.1828544 -0.08507388 0.1139771 -0.09878337 0.1268242 -0.09961819 0.1139771 -0.09878337 0.1268242 -0.08507388 0.1139771 -0.08590871 0.1268242 0.08590871 -0.0497418 0.09794855 -0.06258887 0.09878337 -0.0497418 0.09794855 -0.06258887 0.08590871 -0.0497418 0.08674359 -0.06258887 0.08674359 0.01832103 0.09717059 0.005473971 0.09794855 0.01832103 0.09717059 0.005473971 0.08674359 0.01832103 0.08752149 0.005473971 0.08752149 0.08557313 0.09650254 0.07272607 0.09717059 0.08557313 0.09650254 0.07272607 0.08752149 0.08557313 0.08818954 0.07272607 0.08870214 0.1345843 0.09650254 0.1474313 0.08818954 0.1474313 0.09650254 0.1474313 0.08870214 0.1345843 0.09598994 0.1345843 0.08902436 0.186833 0.09598994 0.1996801 0.08870214 0.1996801 0.09598994 0.1996801 0.08902436 0.186833 0.09566771 0.186833 0.08913427 0.2259116 0.09566771 0.2387587 0.08902436 0.2387587 0.09566771 0.2387587 0.08913427 0.2259116 0.0955578 0.2259116 0.11921 0.04921257 0.1127865 0.1968504 0.1127865 0.04921257 0.1127865 0.1968504 0.11921 0.2460629 0.1127865 0.2460629 0.11921 0.2460629 0.1127865 0.1968504 0.11921 0.04921257 0.11921 0.2460629 0.11921 0.04921257 0.11921 0.1968504 0.09566771 0.05399072 0.08913427 0.06683778 0.08902436 0.05399072 0.08913427 0.06683778 0.09566771 0.05399072 0.0955578 0.06683778 0.09650254 0.07272607 0.08902436 0.08596599 0.08818954 0.07272607 0.08902436 0.08596599 0.09650254 0.07272607 0.09566771 0.08596599 0.09566771 0.08596599 0.08870214 0.09967356 0.08902436 0.08596599 0.08870214 0.09967356 0.09566771 0.08596599 0.09598994 0.09967356 0.09650254 0.1070262 0.08752149 0.09417921 0.09717059 0.09417921 0.08752149 0.09417921 0.09650254 0.1070262 0.08818954 0.1070262 0.09650254 0.1070262 0.08752149 0.09417921 0.09717059 0.09417921 0.08752149 0.09417921 0.09650254 0.1070262 0.08818954 0.1070262 0.1216007 0.08759129 0.1095609 0.07474422 0.1224356 0.07474422 0.1095609 0.07474422 0.1216007 0.08759129 0.1103958 0.08759129 -0.1224356 -0.07474422 -0.1087261 -0.06189715 -0.1232704 -0.06189715 -0.1087261 -0.06189715 -0.1224356 -0.07474422 -0.1095609 -0.07474422 -0.1232704 -0.0572412 -0.1079481 -0.04439413 -0.1240484 -0.04439413 -0.1079481 -0.04439413 -0.1232704 -0.0572412 -0.1087261 -0.0572412 -0.1240484 -0.03627508 -0.1072801 -0.02342802 -0.1247164 -0.02342802 -0.1072801 -0.02342802 -0.1240484 -0.03627508 -0.1079481 -0.03627508 -0.125229 -4.27537e-4 -0.1072801 -0.01327455 -0.1067675 -4.27537e-4 -0.1072801 -0.01327455 -0.125229 -4.27537e-4 -0.1247164 -0.01327455 -0.1255512 0.02303981 -0.1067675 0.01019275 -0.1064453 0.02303981 -0.1067675 0.01019275 -0.1255512 0.02303981 -0.125229 0.01019275 -0.1256611 0.04537481 -0.1064453 0.03252774 -0.1063354 0.04537481 -0.1064453 0.03252774 -0.1256611 0.04537481 -0.1255512 0.03252774 -0.1256611 0.2460629 -0.1063354 0.04921257 -0.1063354 0.2460629 -0.1063354 0.04921257 -0.1256611 0.2460629 -0.1256611 0.04921257 -0.1064453 0.2602217 -0.1256611 0.2473746 -0.1063354 0.2473746 -0.1256611 0.2473746 -0.1064453 0.2602217 -0.1255512 0.2602217 -0.1067675 0.2626063 -0.1255512 0.2497592 -0.1064453 0.2497592 -0.1255512 0.2497592 -0.1067675 0.2626063 -0.125229 0.2626063 -0.1063354 0.2473746 -0.125229 0.2346854 -0.1067675 0.2346854 -0.125229 0.2346854 -0.1063354 0.2473746 -0.1256611 0.2473746 -0.1072801 0.2031804 -0.1240484 0.2160274 -0.1247164 0.2031804 -0.1240484 0.2160274 -0.1072801 0.2031804 -0.1079481 0.2160274 -0.1079481 0.1573912 -0.1232704 0.1702383 -0.1240484 0.1573912 -0.1232704 0.1702383 -0.1079481 0.1573912 -0.1087261 0.1702383 -0.1087261 0.1004384 -0.1224356 0.1132854 -0.1232704 0.1004384 -0.1224356 0.1132854 -0.1087261 0.1004384 -0.1095609 0.1132854 0.1095609 -0.03620302 0.1216007 -0.04905009 0.1224356 -0.03620302 0.1216007 -0.04905009 0.1095609 -0.03620302 0.1103958 -0.04905009 0.1103958 0.03093719 0.1208228 0.01809012 0.1216007 0.03093719 0.1208228 0.01809012 0.1103958 0.03093719 0.1111737 0.01809012 0.1111737 0.09640687 0.1201547 0.08355981 0.1208228 0.09640687 0.1201547 0.08355981 0.1111737 0.09640687 0.1118417 0.08355981 0.1123543 0.1428973 0.1201547 0.1557443 0.1118417 0.1557443 0.1201547 0.1557443 0.1123543 0.1428973 0.1196421 0.1428973 0.1126766 0.1920588 0.1196421 0.2049059 0.1123543 0.2049059 0.1196421 0.2049059 0.1126766 0.1920588 0.1193199 0.1920588 0.1127865 0.227694 0.1193199 0.2405411 0.1126766 0.2405411 0.1193199 0.2405411 0.1127865 0.227694 0.11921 0.227694 -0.03752142 0.1968504 -0.04394489 0.04921257 -0.03752142 0.04921257 -0.04394489 0.04921257 -0.03752142 0.1968504 -0.04394489 0.1968504 -0.04394489 0.1968504 -0.03752142 0.1968504 -0.03752142 0.2460629 -0.04394489 0.1968504 -0.03752142 0.2460629 -0.04394489 0.2460629 0.1193199 0.0522083 0.1127865 0.06505537 0.1126766 0.0522083 0.1127865 0.06505537 0.1193199 0.0522083 0.11921 0.06505537 0.1196421 0.06789314 0.1126766 0.08074021 0.1123543 0.06789314 0.1126766 0.08074021 0.1196421 0.06789314 0.1193199 0.08074021 0.1201547 0.0785135 0.1123543 0.09136056 0.1118417 0.0785135 0.1123543 0.09136056 0.1201547 0.0785135 0.1196421 0.09136056 0.1208228 0.09640687 0.1118417 0.08355981 0.1201547 0.08355981 0.1118417 0.08355981 0.1208228 0.09640687 0.1111737 0.09640687 0.1208228 0.09490692 0.1103958 0.08205986 0.1216007 0.08205986 0.1103958 0.08205986 0.1208228 0.09490692 0.1111737 0.09490692 0.143686 0.0711075 0.1312284 0.05826044 0.144103 0.05826044 0.1312284 0.05826044 0.143686 0.0711075 0.1320632 0.0711075 0.1432975 0.07954651 0.1320632 0.06669944 0.143686 0.06669944 0.1320632 0.06669944 0.1432975 0.07954651 0.1328412 0.07954651 0.472441 0.06163859 0.1476378 0.04879152 0.472441 0.04879152 0.1476378 0.04879152 0.472441 0.06163859 0.1480547 0.06163859 -0.472441 -0.04879152 -0.1472208 -0.03594446 -0.472441 -0.03594446 -0.1472208 -0.03594446 -0.472441 -0.04879152 -0.1476378 -0.04879152 -0.1015768 -0.008740544 -0.08362793 -0.02158761 -0.08311527 -0.008740544 -0.08362793 -0.02158761 -0.1015768 -0.008740544 -0.1010642 -0.02158761 -0.101899 0.01781404 -0.08311527 0.004966974 -0.08279305 0.01781404 -0.08311527 0.004966974 -0.101899 0.01781404 -0.1015768 0.004966974 -0.1020089 0.04359239 -0.08279305 0.03074532 -0.08268314 0.04359239 -0.08279305 0.03074532 -0.1020089 0.04359239 -0.101899 0.03074532 -0.01781207 0.1345956 -0.01001167 0.1217485 -0.009499073 0.1345956 -0.01001167 0.1217485 -0.01781207 0.1345956 -0.01729947 0.1217485 -0.01848012 0.06884527 -0.009499073 0.0559982 -0.008831024 0.06884527 -0.009499073 0.0559982 -0.01848012 0.06884527 -0.01781207 0.0559982 -0.1020089 0.2460629 -0.08268314 0.04921257 -0.08268314 0.2460629 -0.08268314 0.04921257 -0.1020089 0.2460629 -0.1020089 0.04921257 -0.01033389 0.2360066 -0.01686733 0.2231595 -0.0104438 0.2231595 -0.01686733 0.2231595 -0.01033389 0.2360066 -0.01697725 0.2360066 -0.01001167 0.1916112 -0.01697725 0.1787641 -0.01033389 0.1787641 -0.01697725 0.1787641 -0.01001167 0.1916112 -0.01729947 0.1916112 0.02092772 0.1348818 0.007218241 0.1477289 0.006383419 0.1348818 0.007218241 0.1477289 0.02092772 0.1348818 0.0200929 0.1477289 0.02170568 0.1894874 0.006383419 0.2023345 0.005605459 0.1894874 0.006383419 0.2023345 0.02170568 0.1894874 0.02092772 0.2023345 0.02237373 0.230742 0.005605459 0.2435891 0.004937469 0.230742 0.005605459 0.2435891 0.02237373 0.230742 0.02170568 0.2435891 0.02288633 0.2558342 0.004937469 0.2686812 0.00442487 0.2558342 0.004937469 0.2686812 0.02288633 0.2558342 0.02237373 0.2686812 0.02288633 0.275901 0.004102587 0.2630539 0.02320855 0.2630539 0.004102587 0.2630539 0.02288633 0.275901 0.00442487 0.275901 0.02320855 0.2647563 0.003992676 0.2519092 0.02331846 0.2519092 0.003992676 0.2519092 0.02320855 0.2647563 0.004102587 0.2647563 0.02331846 0.2460629 0.003992676 0.04921257 0.02331846 0.04921257 0.003992676 0.04921257 0.02331846 0.2460629 0.003992676 0.2460629 0.02331846 0.04084026 0.004102587 0.0279932 0.02320855 0.0279932 0.004102587 0.0279932 0.02331846 0.04084026 0.003992676 0.04084026 0.02320855 0.009745121 0.00442487 -0.003101885 0.02288633 -0.003101885 0.00442487 -0.003101885 0.02320855 0.009745121 0.004102587 0.009745121 0.004937469 -0.03442335 0.02288633 -0.02157628 0.00442487 -0.02157628 0.02288633 -0.02157628 0.004937469 -0.03442335 0.02237373 -0.03442335 0.005605459 -0.06383669 0.02237373 -0.05098962 0.004937469 -0.05098962 0.02237373 -0.05098962 0.005605459 -0.06383669 0.02170568 -0.06383669 0.006383419 -0.0893374 0.02170568 -0.07649034 0.005605459 -0.07649034 0.02170568 -0.07649034 0.006383419 -0.0893374 0.02092772 -0.0893374 0.007218241 -0.1091877 0.02092772 -0.09634059 0.006383419 -0.09634059 0.02092772 -0.09634059 0.007218241 -0.1091877 0.0200929 -0.1091877 -0.008053123 0.1220347 -0.0200929 0.1091877 -0.007218241 0.1091877 -0.0200929 0.1091877 -0.008053123 0.1220347 -0.01925808 0.1220347 -0.03590863 0.1237096 -0.04633563 0.1108626 -0.03513067 0.1108626 -0.04633563 0.1108626 -0.03590863 0.1237096 -0.04555767 0.1237096 -0.03657662 0.120926 -0.04555767 0.1080789 -0.03590863 0.1080789 -0.04555767 0.1080789 -0.03657662 0.120926 -0.04488962 0.120926 -0.03708922 0.1103392 -0.04488962 0.09749209 -0.03657662 0.09749209 -0.04488962 0.09749209 -0.03708922 0.1103392 -0.04437702 0.1103392 -0.03741151 0.09267067 -0.04437702 0.07982361 -0.03708922 0.07982361 -0.04437702 0.07982361 -0.03741151 0.09267067 -0.0440548 0.09267067 -0.03752142 0.06912463 -0.0440548 0.05627757 -0.03741151 0.05627757 -0.0440548 0.05627757 -0.03752142 0.06912463 -0.04394489 0.06912463 -0.06390202 0.1968504 -0.07032549 0.04921257 -0.06390202 0.04921257 -0.07032549 0.04921257 -0.06390202 0.1968504 -0.07032549 0.1968504 -0.07032549 0.1968504 -0.06390202 0.1968504 -0.06390202 0.2460629 -0.07032549 0.1968504 -0.06390202 0.2460629 -0.07032549 0.2460629 -0.03741151 0.2364718 -0.04394489 0.2236248 -0.03752142 0.2236248 -0.04394489 0.2236248 -0.03741151 0.2364718 -0.0440548 0.2364718 -0.03708922 0.1929754 -0.0440548 0.1801283 -0.03741151 0.1801283 -0.0440548 0.1801283 -0.03708922 0.1929754 -0.04437702 0.1929754 -0.03657662 0.1367657 -0.04437702 0.1239187 -0.03708922 0.1239187 -0.04437702 0.1239187 -0.03657662 0.1367657 -0.04488962 0.1367657 -0.04555767 0.07167345 -0.03657662 0.05882638 -0.03590863 0.07167345 -0.03657662 0.05882638 -0.04555767 0.07167345 -0.04488962 0.05882638 -0.04633563 0.002134442 -0.03590863 -0.01071256 -0.03513067 0.002134442 -0.03590863 -0.01071256 -0.04633563 0.002134442 -0.04555767 -0.01071256 -0.04717046 -0.06711214 -0.03513067 -0.07995921 -0.03429585 -0.06711214 -0.03513067 -0.07995921 -0.04717046 -0.06711214 -0.04633563 -0.07995921 0.04800528 0.1313475 0.03429585 0.1441946 0.03346097 0.1313475 0.03429585 0.1441946 0.04800528 0.1313475 0.04717046 0.1441946 0.04878324 0.186194 0.03346097 0.199041 0.03268307 0.186194 0.03346097 0.199041 0.04878324 0.186194 0.04800528 0.199041 0.04945129 0.2279138 0.03268307 0.2407609 0.03201502 0.2279138 0.03268307 0.2407609 0.04945129 0.2279138 0.04878324 0.2407609 0.04945129 0.2665111 0.03150242 0.253664 0.04996389 0.253664 0.03150242 0.253664 0.04945129 0.2665111 0.03201502 0.2665111 0.04996389 0.2745367 0.0311802 0.2616897 0.05028611 0.2616897 0.0311802 0.2616897 0.04996389 0.2745367 0.03150242 0.2745367 0.05028611 0.2642909 0.03107029 0.2514439 0.05039602 0.2514439 0.03107029 0.2514439 0.05028611 0.2642909 0.0311802 0.2642909 0.05039602 0.2460629 0.03107029 0.04921257 0.05039602 0.04921257 0.03107029 0.04921257 0.05039602 0.2460629 0.03107029 0.2460629 0.05039602 0.04130554 0.0311802 0.02845847 0.05028611 0.02845847 0.0311802 0.02845847 0.05039602 0.04130554 0.03107029 0.04130554 0.05028611 0.01110935 0.03150242 -0.001737654 0.04996389 -0.001737654 0.03150242 -0.001737654 0.05028611 0.01110935 0.0311802 0.01110935 0.04996389 -0.01940613 0.03201502 -0.0322532 0.04945129 -0.0322532 0.03201502 -0.0322532 0.04996389 -0.01940613 0.03150242 -0.01940613 0.03268307 -0.06100851 0.04945129 -0.04816144 0.03201502 -0.04816144 0.04945129 -0.04816144 0.03268307 -0.06100851 0.04878324 -0.06100851 0.03346097 -0.08604395 0.04878324 -0.07319688 0.03268307 -0.07319688 0.04878324 -0.07319688 0.03346097 -0.08604395 0.04800528 -0.08604395 0.03429585 -0.1056534 0.04800528 -0.09280627 0.03346097 -0.09280627 0.04800528 -0.09280627 0.03429585 -0.1056534 0.04717046 -0.1056534 -0.03513067 0.1185004 -0.04717046 0.1056534 -0.03429585 0.1056534 -0.04717046 0.1056534 -0.03513067 0.1185004 -0.04633563 0.1185004 -0.06228923 0.117179 -0.07271623 0.104332 -0.06151127 0.104332 -0.07271623 0.104332 -0.06228923 0.117179 -0.07193827 0.117179 -0.06295728 0.115318 -0.07193827 0.1024709 -0.06228923 0.1024709 -0.07193827 0.1024709 -0.06295728 0.115318 -0.07127028 0.115318 -0.06346988 0.1060361 -0.07127028 0.093189 -0.06295728 0.093189 -0.07127028 0.093189 -0.06346988 0.1060361 -0.07075768 0.1060361 -0.0637921 0.08996564 -0.07075768 0.07711857 -0.06346988 0.07711857 -0.07075768 0.07711857 -0.0637921 0.08996564 -0.0704354 0.08996564 -0.06390202 0.06820195 -0.0704354 0.05535489 -0.0637921 0.05535489 -0.0704354 0.05535489 -0.06390202 0.06820195 -0.07032549 0.06820195 -0.08913427 0.1968504 -0.0955578 0.04921257 -0.08913427 0.04921257 -0.0955578 0.04921257 -0.08913427 0.1968504 -0.0955578 0.1968504 -0.0955578 0.1968504 -0.08913427 0.1968504 -0.08913427 0.2460629 -0.0955578 0.1968504 -0.08913427 0.2460629 -0.0955578 0.2460629 -0.0637921 0.2373945 -0.07032549 0.2245475 -0.06390202 0.2245475 -0.07032549 0.2245475 -0.0637921 0.2373945 -0.0704354 0.2373945 -0.0637921 0.1828334 -0.07075768 0.1956804 -0.0704354 0.1828334 -0.07075768 0.1956804 -0.0637921 0.1828334 -0.06346988 0.1956804 -0.06295728 0.1410688 -0.07075768 0.1282218 -0.06346988 0.1282218 -0.07075768 0.1282218 -0.06295728 0.1410688 -0.07127028 0.1410688 -0.07193827 0.07728141 -0.06295728 0.06443434 -0.06228923 0.07728141 -0.06295728 0.06443434 -0.07193827 0.07728141 -0.07127028 0.06443434 -0.07271623 0.008665084 -0.06228923 -0.004181921 -0.06151127 0.008665084 -0.06228923 -0.004181921 -0.07271623 0.008665084 -0.07193827 -0.004181921 -0.07355105 -0.06010395 -0.06151127 -0.07295101 -0.06067645 -0.06010395 -0.06151127 -0.07295101 -0.07355105 -0.06010395 -0.07271623 -0.07295101 0.07438594 0.1243393 0.06067645 0.1371864 0.05984163 0.1243393 0.06067645 0.1371864 0.07438594 0.1243393 0.07355105 0.1371864 0.07516384 0.1796633 0.05984163 0.1925104 0.05906367 0.1796633 0.05984163 0.1925104 0.07516384 0.1796633 0.07438594 0.1925104 0.07583189 0.2223059 0.05906367 0.235153 0.05839562 0.2223059 0.05906367 0.235153 0.07583189 0.2223059 0.07516384 0.235153 0.07583189 0.262208 0.05788302 0.2493609 0.07634449 0.2493609 0.05788302 0.2493609 0.07583189 0.262208 0.05839562 0.262208 0.07634449 0.2718317 0.0575608 0.2589846 0.07666671 0.2589846 0.0575608 0.2589846 0.07634449 0.2718317 0.05788302 0.2718317 0.07677662 0.2505213 0.0575608 0.2633683 0.05745089 0.2505213 0.0575608 0.2633683 0.07677662 0.2505213 0.07666671 0.2633683 0.07677662 0.2460629 0.05745089 0.04921257 0.07677662 0.04921257 0.05745089 0.04921257 0.07677662 0.2460629 0.05745089 0.2460629 0.07677662 0.04222822 0.0575608 0.02938115 0.07666671 0.02938115 0.0575608 0.02938115 0.07677662 0.04222822 0.05745089 0.04222822 0.07666671 0.01381438 0.05788302 9.67363e-4 0.07634449 9.67363e-4 0.05788302 9.67363e-4 0.07666671 0.01381438 0.0575608 0.01381438 0.07634449 -0.01510304 0.05839562 -0.0279501 0.07583189 -0.0279501 0.05839562 -0.0279501 0.07634449 -0.01510304 0.05788302 -0.01510304 0.05906367 -0.05540055 0.07583189 -0.04255348 0.05839562 -0.04255348 0.07583189 -0.04255348 0.05906367 -0.05540055 0.07516384 -0.05540055 0.05984163 -0.07951331 0.07516384 -0.06666624 0.05906367 -0.06666624 0.07516384 -0.06666624 0.05984163 -0.07951331 0.07438594 -0.07951331 0.06067645 -0.09864515 0.07438594 -0.08579808 0.05984163 -0.08579808 0.07438594 -0.08579808 0.06067645 -0.09864515 0.07355105 -0.09864515 -0.06151127 0.1114922 -0.07355105 0.09864515 -0.06067645 0.09864515 -0.07355105 0.09864515 -0.06151127 0.1114922 -0.07271623 0.1114922 -0.08752149 0.107523 -0.09794855 0.09467601 -0.08674359 0.09467601 -0.09794855 0.09467601 -0.08752149 0.107523 -0.09717059 0.107523 -0.08752149 0.107523 -0.09794855 0.09467601 -0.08674359 0.09467601 -0.09794855 0.09467601 -0.08752149 0.107523 -0.09717059 0.107523 -0.08870214 0.09967356 -0.09650254 0.0868265 -0.08818954 0.0868265 -0.09650254 0.0868265 -0.08870214 0.09967356 -0.09598994 0.09967356 -0.08818954 0.0868265 -0.09598994 0.07311892 -0.08870214 0.07311892 -0.09598994 0.07311892 -0.08818954 0.0868265 -0.09650254 0.0868265 -0.08913427 0.06683778 -0.09566771 0.05399072 -0.08902436 0.05399072 -0.09566771 0.05399072 -0.08913427 0.06683778 -0.0955578 0.06683778 -0.1127865 0.1968504 -0.11921 0.04921257 -0.1127865 0.04921257 -0.11921 0.04921257 -0.1127865 0.1968504 -0.11921 0.1968504 -0.11921 0.1968504 -0.1127865 0.1968504 -0.1127865 0.2460629 -0.11921 0.1968504 -0.1127865 0.2460629 -0.11921 0.2460629 -0.08902436 0.2387587 -0.0955578 0.2259116 -0.08913427 0.2259116 -0.0955578 0.2259116 -0.08902436 0.2387587 -0.09566771 0.2387587 -0.08870214 0.1996801 -0.09566771 0.186833 -0.08902436 0.186833 -0.09566771 0.186833 -0.08870214 0.1996801 -0.09598994 0.1996801 -0.08818954 0.1474313 -0.09598994 0.1345843 -0.08870214 0.1345843 -0.09598994 0.1345843 -0.08818954 0.1474313 -0.09650254 0.1474313 -0.09717059 0.08557313 -0.08870214 0.07311892 -0.08752149 0.08557313 -0.08870214 0.07311892 -0.09717059 0.08557313 -0.09598994 0.07311892 -0.09794855 0.01832103 -0.08752149 0.005473971 -0.08674359 0.01832103 -0.08752149 0.005473971 -0.09794855 0.01832103 -0.09717059 0.005473971 -0.09878337 -0.0497418 -0.08674359 -0.06258887 -0.08590871 -0.0497418 -0.08674359 -0.06258887 -0.09878337 -0.0497418 -0.09794855 -0.06258887 0.09961819 0.1139771 0.08590871 0.1268242 0.08507388 0.1139771 0.08590871 0.1268242 0.09961819 0.1139771 0.09878337 0.1268242 0.1003962 0.1700074 0.08507388 0.1828544 0.08429592 0.1700074 0.08507388 0.1828544 0.1003962 0.1700074 0.09961819 0.1828544 0.1010642 0.2140141 0.08429592 0.2268612 0.08362793 0.2140141 0.08429592 0.2268612 0.1010642 0.2140141 0.1003962 0.2268612 0.1010642 0.2558455 0.08311527 0.2429984 0.1015768 0.2429984 0.08311527 0.2429984 0.1010642 0.2558455 0.08362793 0.2558455 0.1015768 0.2678321 0.08362793 0.2558455 0.1010642 0.2558455 0.08362793 0.2558455 0.1015768 0.2678321 0.08311527 0.2678321 0.101899 0.2620041 0.08268314 0.249157 0.1020089 0.249157 0.08268314 0.249157 0.101899 0.2620041 0.08279305 0.2620041 0.1020089 0.2460629 0.08268314 0.04921257 0.1020089 0.04921257 0.08268314 0.04921257 0.1020089 0.2460629 0.08268314 0.2460629 0.1020089 0.04359239 0.08279305 0.03074532 0.101899 0.03074532 0.08279305 0.03074532 0.1020089 0.04359239 0.08268314 0.04359239 0.101899 0.01781404 0.08311527 0.004966974 0.1015768 0.004966974 0.08311527 0.004966974 0.101899 0.01781404 0.08279305 0.01781404 0.1015768 -0.008740544 0.08362793 -0.02158761 0.1010642 -0.02158761 0.08362793 -0.02158761 0.1015768 -0.008740544 0.08311527 -0.008740544 0.08429592 -0.04710876 0.1010642 -0.0342617 0.08362793 -0.0342617 0.1010642 -0.0342617 0.08429592 -0.04710876 0.1003962 -0.04710876 0.08507388 -0.06985735 0.1003962 -0.05701029 0.08429592 -0.05701029 0.1003962 -0.05701029 0.08507388 -0.06985735 0.09961819 -0.06985735 0.08590871 -0.088283 0.09961819 -0.07543593 0.08507388 -0.07543593 0.09961819 -0.07543593 0.08590871 -0.088283 0.09878337 -0.088283 -0.08674359 0.1011301 -0.09878337 0.088283 -0.08590871 0.088283 -0.09878337 0.088283 -0.08674359 0.1011301 -0.09794855 0.1011301 -0.1111737 0.09490692 -0.1216007 0.08205986 -0.1103958 0.08205986 -0.1216007 0.08205986 -0.1111737 0.09490692 -0.1208228 0.09490692 -0.1118417 0.09619253 -0.1208228 0.08334547 -0.1111737 0.08334547 -0.1208228 0.08334547 -0.1118417 0.09619253 -0.1201547 0.09619253 -0.1123543 0.09136056 -0.1201547 0.0785135 -0.1118417 0.0785135 -0.1201547 0.0785135 -0.1123543 0.09136056 -0.1196421 0.09136056 -0.1126766 0.08074021 -0.1196421 0.06789314 -0.1123543 0.06789314 -0.1196421 0.06789314 -0.1126766 0.08074021 -0.1193199 0.08074021 -0.1127865 0.06505537 -0.1193199 0.0522083 -0.1126766 0.0522083 -0.1193199 0.0522083 -0.1127865 0.06505537 -0.11921 0.06505537 -0.134454 0.04921257 -0.1424919 0.1968504 -0.1424919 0.04921257 -0.1424919 0.1968504 -0.134454 0.04921257 -0.134454 0.1968504 -0.1424919 0.1968504 -0.134454 0.1968504 -0.1424919 0.2460629 -0.1424919 0.2460629 -0.134454 0.1968504 -0.134454 0.2460629 -0.1126766 0.2405411 -0.11921 0.227694 -0.1127865 0.227694 -0.11921 0.227694 -0.1126766 0.2405411 -0.1193199 0.2405411 -0.1123543 0.2049059 -0.1193199 0.1920588 -0.1126766 0.1920588 -0.1193199 0.1920588 -0.1123543 0.2049059 -0.1196421 0.2049059 -0.1118417 0.1557443 -0.1196421 0.1428973 -0.1123543 0.1428973 -0.1196421 0.1428973 -0.1118417 0.1557443 -0.1201547 0.1557443 0.1240484 0.1573912 0.1087261 0.1702383 0.1079481 0.1573912 0.1087261 0.1702383 0.1240484 0.1573912 0.1232704 0.1702383 0.1232704 0.1004384 0.1095609 0.1132854 0.1087261 0.1004384 0.1095609 0.1132854 0.1232704 0.1004384 0.1224356 0.1132854 -0.1224356 -0.03620302 -0.1103958 -0.04905009 -0.1095609 -0.03620302 -0.1103958 -0.04905009 -0.1224356 -0.03620302 -0.1216007 -0.04905009 -0.1216007 0.03093719 -0.1111737 0.01809012 -0.1103958 0.03093719 -0.1111737 0.01809012 -0.1216007 0.03093719 -0.1208228 0.01809012 0.1247164 0.2031804 0.1079481 0.2160274 0.1072801 0.2031804 0.1079481 0.2160274 0.1247164 0.2031804 0.1240484 0.2160274 0.1247164 0.2475324 0.1067675 0.2346854 0.125229 0.2346854 0.1067675 0.2346854 0.1247164 0.2475324 0.1072801 0.2475324 0.125229 0.2626063 0.1064453 0.2497592 0.1255512 0.2497592 0.1064453 0.2497592 0.125229 0.2626063 0.1067675 0.2626063 0.1255512 0.2602217 0.1072801 0.2475324 0.1247164 0.2475324 0.1072801 0.2475324 0.1255512 0.2602217 0.1064453 0.2602217 0.1256611 0.2460629 0.1063354 0.04921257 0.1256611 0.04921257 0.1063354 0.04921257 0.1256611 0.2460629 0.1063354 0.2460629 -0.1103958 0.08759129 -0.1224356 0.07474422 -0.1095609 0.07474422 -0.1224356 0.07474422 -0.1103958 0.08759129 -0.1216007 0.08759129 -0.1328412 0.07954651 -0.143686 0.06669944 -0.1320632 0.06669944 -0.143686 0.06669944 -0.1328412 0.07954651 -0.1432975 0.07954651 0.1256611 0.04537481 0.1064453 0.03252774 0.1255512 0.03252774 0.1064453 0.03252774 0.1256611 0.04537481 0.1063354 0.04537481 0.1255512 0.02303981 0.1067675 0.01019275 0.125229 0.01019275 0.1067675 0.01019275 0.1255512 0.02303981 0.1064453 0.02303981 0.1079481 -0.03627508 0.1247164 -0.02342802 0.1072801 -0.02342802 0.1247164 -0.02342802 0.1079481 -0.03627508 0.1240484 -0.03627508 0.125229 -4.27537e-4 0.1072801 -0.01327455 0.1247164 -0.01327455 0.1072801 -0.01327455 0.125229 -4.27537e-4 0.1067675 -4.27537e-4 -0.1335092 0.0830022 -0.1432975 0.07015514 -0.1328412 0.07015514 -0.1432975 0.07015514 -0.1335092 0.0830022 -0.1429638 0.0830022 0.1095609 -0.07474422 0.1232704 -0.06189715 0.1087261 -0.06189715 0.1232704 -0.06189715 0.1095609 -0.07474422 0.1224356 -0.07474422 0.1087261 -0.0572412 0.1240484 -0.04439413 0.1079481 -0.04439413 0.1240484 -0.04439413 0.1087261 -0.0572412 0.1232704 -0.0572412 -0.7891988 -0.04631727 -0.7957322 -0.05916434 -0.7890889 -0.05916434 -0.7957322 -0.05916434 -0.7891988 -0.04631727 -0.7956223 -0.04631727 0.8816163 0.6301383 0.8662941 0.6429854 0.867072 0.6301383 0.8662941 0.6429854 0.8816163 0.6301383 0.8823943 0.6429854 0.8823943 0.5539911 0.865626 0.5668382 0.8662941 0.5539911 0.865626 0.5668382 0.8823943 0.5539911 0.8830623 0.5668382 -0.7890889 -0.2457879 -0.7960544 -0.2586349 -0.7887666 -0.2586349 -0.7960544 -0.2586349 -0.7890889 -0.2457879 -0.7957322 -0.2457879 -0.7960544 -0.4280707 -0.788254 -0.4409177 -0.7887666 -0.4280707 -0.788254 -0.4409177 -0.7960544 -0.4280707 -0.796567 -0.4409177 -0.7972351 -0.6934017 -0.786808 -0.7062488 -0.787586 -0.6934017 -0.786808 -0.7062488 -0.7972351 -0.6934017 -0.798013 -0.7062488 -0.796567 -0.5807434 -0.787586 -0.5935905 -0.788254 -0.5807434 -0.787586 -0.5935905 -0.796567 -0.5807434 -0.7972351 -0.5935905 0.8830623 0.4396526 0.8651134 0.4524996 0.865626 0.4396526 0.8651134 0.4524996 0.8830623 0.4396526 0.8835749 0.4524996 0.8807815 0.6629049 0.867072 0.6757519 0.8679069 0.6629049 0.867072 0.6757519 0.8807815 0.6629049 0.8816163 0.6757519 -0.8799467 -0.6500578 -0.8679069 -0.6629049 -0.8687417 -0.6500578 -0.8679069 -0.6629049 -0.8799467 -0.6500578 -0.8807815 -0.6629049 0.8838971 0.3077617 0.8651134 0.2949147 0.8835749 0.2949147 0.8651134 0.2949147 0.8838971 0.3077617 0.8647912 0.3077617 0.884007 0.1424882 0.8647912 0.1296411 0.8838971 0.1296411 0.8647912 0.1296411 0.884007 0.1424882 0.8646813 0.1424882 0.884007 0.2460629 0.8646813 0.04921257 0.884007 0.04921257 0.8646813 0.04921257 0.884007 0.2460629 0.8646813 0.2460629 0.8838971 0.1631083 0.8646813 0.1502612 0.884007 0.1502612 0.8646813 0.1502612 0.8838971 0.1631083 0.8647912 0.1631083 0.8835749 -0.02211558 0.8647912 -0.03496265 0.8838971 -0.03496265 0.8647912 -0.03496265 0.8835749 -0.02211558 0.8651134 -0.02211558 0.8651134 -0.2182418 0.8830623 -0.2053947 0.865626 -0.2053947 0.8830623 -0.2053947 0.8651134 -0.2182418 0.8835749 -0.2182418 -0.134454 0.2298642 -0.1425468 0.2427113 -0.1424919 0.2298642 -0.1425468 0.2427113 -0.134454 0.2298642 -0.1343441 0.2427113 -0.1343441 0.1984213 -0.1427078 0.2112684 -0.1425468 0.1984213 -0.1427078 0.2112684 -0.1343441 0.1984213 -0.1340218 0.2112684 -0.1340218 0.1530185 -0.1429638 0.1658656 -0.1427078 0.1530185 -0.1429638 0.1658656 -0.1340218 0.1530185 -0.1335092 0.1658656 -0.1432975 0.1095972 -0.1335092 0.09675014 -0.1328412 0.1095972 -0.1335092 0.09675014 -0.1432975 0.1095972 -0.1429638 0.09675014 -0.143686 0.0462976 -0.1328412 0.03345054 -0.1320632 0.0462976 -0.1328412 0.03345054 -0.143686 0.0462976 -0.1432975 0.03345054 -0.144103 -0.01971924 -0.1320632 -0.0325663 -0.1312284 -0.01971924 -0.1320632 -0.0325663 -0.144103 -0.01971924 -0.143686 -0.0325663 0.14452 0.08395457 0.1312284 0.09680163 0.1303935 0.08395457 0.1312284 0.09680163 0.14452 0.08395457 0.144103 0.09680163 0.1449086 0.1420308 0.1303935 0.1548779 0.1296156 0.1420308 0.1303935 0.1548779 0.1449086 0.1420308 0.14452 0.1548779 0.1452422 0.1899901 0.1296156 0.2028371 0.1289476 0.1899901 0.1296156 0.2028371 0.1452422 0.1899901 0.1449086 0.2028371 0.1452422 0.2374112 0.128435 0.2245641 0.1454982 0.2245641 0.128435 0.2245641 0.1452422 0.2374112 0.1289476 0.2374112 0.1454982 0.2562438 0.1281127 0.2433967 0.1456592 0.2433967 0.1281127 0.2433967 0.1454982 0.2562438 0.128435 0.2562438 0.1456592 0.2580516 0.1280028 0.2452045 0.1457141 0.2452045 0.1280028 0.2452045 0.1456592 0.2580516 0.1281127 0.2580516 0.1457141 0.2452045 0.1280028 0.04921257 0.1457141 0.04921257 0.1280028 0.04921257 0.1457141 0.2452045 0.1280028 0.2452045 0.1457141 0.04754495 0.1281127 0.03469789 0.1456592 0.03469789 0.1281127 0.03469789 0.1457141 0.04754495 0.1280028 0.04754495 0.1456592 0.02940231 0.128435 0.01655524 0.1454982 0.01655524 0.128435 0.01655524 0.1456592 0.02940231 0.1281127 0.02940231 0.1454982 0.009693682 0.1289476 -0.003153324 0.1452422 -0.003153324 0.1289476 -0.003153324 0.1454982 0.009693682 0.128435 0.009693682 0.1296156 -0.02308475 0.1452422 -0.01023769 0.1289476 -0.01023769 0.1452422 -0.01023769 0.1296156 -0.02308475 0.1449086 -0.02308475 0.1303935 -0.04188078 0.1449086 -0.02903372 0.1296156 -0.02903372 0.1449086 -0.02903372 0.1303935 -0.04188078 0.14452 -0.04188078 -0.1492488 0.1968504 -1.031854 0.04921257 -0.1492488 0.04921257 -1.031854 0.04921257 -0.1492488 0.1968504 -1.031854 0.1968504 -1.031854 0.1968504 -0.1492488 0.1968504 -0.1492488 0.2460629 -1.031854 0.1968504 -0.1492488 0.2460629 -1.031854 0.2460629 -0.134454 0.04921257 -0.1424919 0.06288522 -0.1424919 0.04921257 -0.1424919 0.06288522 -0.134454 0.04921257 -0.134454 0.06288522 -0.1340218 0.06153064 -0.1425468 0.07437771 -0.1427078 0.06153064 -0.1425468 0.07437771 -0.1340218 0.06153064 -0.1343441 0.07437771 -0.1335092 0.06839221 -0.1427078 0.08123928 -0.1429638 0.06839221 -0.1427078 0.08123928 -0.1335092 0.06839221 -0.1340218 0.08123928 1.035076 0.04879152 0.1460816 0.03594446 1.035021 0.03594446 0.1460816 0.03594446 1.035076 0.04879152 0.1457141 0.04921257 -0.8679069 0.7014461 -0.8799467 0.688599 -0.8687417 0.688599 -0.8799467 0.688599 -0.8679069 0.7014461 -0.8807815 0.7014461 0.1312284 -0.05826044 0.14452 -0.04541337 0.1303935 -0.04541337 0.14452 -0.04541337 0.1312284 -0.05826044 0.144103 -0.05826044 1.035076 0.2460629 0.1457141 0.04921257 1.035076 0.04879152 0.1457141 0.04921257 1.035076 0.2460629 0.1457141 0.2452045 1.035021 0.256805 0.1456592 0.2433967 1.035076 0.2439579 0.1456592 0.2433967 1.035021 0.256805 0.1454982 0.2562438 1.03486 0.2525889 0.1460816 0.2397419 1.035021 0.2397419 0.1460816 0.2397419 1.03486 0.2525889 0.1462426 0.2525889 1.034604 0.2315971 0.1462426 0.2187501 1.03486 0.2187501 0.1462426 0.2187501 1.034604 0.2315971 0.1464986 0.2315971 1.034604 0.1824131 0.1468322 0.1952601 0.1464986 0.1824131 0.1468322 0.1952601 1.034604 0.1824131 1.03427 0.1952601 1.03427 0.1332072 0.1472208 0.1460543 0.1468322 0.1332072 0.1472208 0.1460543 1.03427 0.1332072 1.033882 0.1460543 1.033882 0.07448571 0.1476378 0.08733278 0.1472208 0.07448571 0.1476378 0.08733278 1.033882 0.07448571 1.033465 0.08733278 -1.033465 -0.01025032 -0.1480547 -0.02309739 -0.1476378 -0.01025032 -0.1480547 -0.02309739 -1.033465 -0.01025032 -1.033048 -0.02309739 -1.033048 0.05512124 -0.1484433 0.04227417 -0.1480547 0.05512124 -0.1484433 0.04227417 -1.033048 0.05512124 -1.032659 0.04227417 -1.032659 0.1171742 -0.148777 0.1043272 -0.1484433 0.1171742 -0.148777 0.1043272 -1.032659 0.1171742 -1.032325 0.1043272 -0.148777 0.1716797 -1.032069 0.1588326 -0.149033 0.1588326 -1.032069 0.1588326 -0.148777 0.1716797 -1.032325 0.1716797 -0.149033 0.2149232 -1.031908 0.2020761 -0.149194 0.2020761 -1.031908 0.2020761 -0.149033 0.2149232 -1.032069 0.2149232 -0.149194 0.2439579 -1.031854 0.2311108 -0.1492488 0.2311108 -1.031854 0.2311108 -0.149194 0.2439579 -1.031908 0.2439579 -1.036082 0.1968504 -1.04412 0.04921257 -1.036082 0.04921257 -1.04412 0.04921257 -1.036082 0.1968504 -1.04412 0.1968504 -1.04412 0.1968504 -1.036082 0.1968504 -1.036082 0.2460629 -1.04412 0.1968504 -1.036082 0.2460629 -1.04412 0.2460629 -0.1492488 0.06163859 -1.031854 0.04921257 -0.1492488 0.04921257 -1.031854 0.04921257 -0.1492488 0.06163859 -1.031854 0.06163859 -0.149194 0.07072287 -1.032069 0.05787581 -0.149033 0.05787581 -1.032069 0.05787581 -0.149194 0.07072287 -1.031908 0.07072287 -0.149033 0.0754252 -1.031854 0.06163859 -0.1492488 0.06163859 -1.031854 0.06163859 -0.149033 0.0754252 -1.032069 0.0754252 -0.149033 0.0754252 -1.031854 0.06163859 -0.1492488 0.06163859 -1.031854 0.06163859 -0.149033 0.0754252 -1.032069 0.0754252 -0.149194 0.07072287 -1.032069 0.05787581 -0.149033 0.05787581 -1.032069 0.05787581 -0.149194 0.07072287 -1.031908 0.07072287 -0.1328412 0.07015514 -0.144103 0.05826044 -0.1312284 0.05826044 -0.144103 0.05826044 -0.1328412 0.07015514 -0.1432975 0.07015514 1.035021 0.03305715 0.1462426 0.02021008 1.03486 0.02021008 0.1462426 0.02021008 1.035021 0.03305715 0.1460816 0.03305715 1.03486 0.01550775 0.1464986 0.002660691 1.034604 0.002660691 0.1464986 0.002660691 1.03486 0.01550775 0.1462426 0.01550775 0.1468322 -0.01550775 1.034604 -0.002660691 0.1464986 -0.002660691 1.034604 -0.002660691 0.1468322 -0.01550775 1.03427 -0.01550775 0.1472208 -0.03305715 1.03427 -0.02021008 0.1468322 -0.02021008 1.03427 -0.02021008 0.1472208 -0.03305715 1.033882 -0.03305715 0.1476378 -0.04879152 1.033882 -0.03594446 0.1472208 -0.03594446 1.033882 -0.03594446 0.1476378 -0.04879152 1.033465 -0.04879152 -0.1480547 0.06163859 -1.033465 0.04879152 -0.1476378 0.04879152 -1.033465 0.04879152 -0.1480547 0.06163859 -1.033048 0.06163859 -1.045732 0.00817883 -1.034887 -0.004668176 -1.035276 0.00817883 -1.034887 -0.004668176 -1.045732 0.00817883 -1.04651 -0.004668176 -1.045064 0.02171742 -1.035276 0.00817883 -1.03561 0.02171742 -1.035276 0.00817883 -1.045064 0.02171742 -1.045732 0.00817883 -1.035866 0.03421378 -1.045064 0.02171742 -1.03561 0.02171742 -1.045064 0.02171742 -1.035866 0.03421378 -1.044552 0.03421378 -1.036027 0.04481625 -1.044552 0.03196918 -1.035866 0.03196918 -1.044552 0.03196918 -1.036027 0.04481625 -1.044229 0.04481625 -1.036082 0.05280238 -1.044229 0.03995531 -1.036027 0.03995531 -1.044229 0.03995531 -1.036082 0.05280238 -1.04412 0.05280238 -1.039198 0.1968504 -1.045621 0.04921257 -1.039198 0.04921257 -1.045621 0.04921257 -1.039198 0.1968504 -1.045621 0.1968504 -1.045621 0.1968504 -1.039198 0.1968504 -1.039198 0.2460629 -1.045621 0.1968504 -1.039198 0.2460629 -1.045621 0.2460629 -1.036027 0.2527942 -1.04412 0.239947 -1.036082 0.239947 -1.04412 0.239947 -1.036027 0.2527942 -1.044229 0.2527942 -1.036082 0.239947 -1.044229 0.2279828 -1.036027 0.2279828 -1.044229 0.2279828 -1.036082 0.239947 -1.04412 0.239947 -1.03561 0.2128911 -1.044552 0.200044 -1.035866 0.200044 -1.044552 0.200044 -1.03561 0.2128911 -1.045064 0.2128911 -1.035276 0.170882 -1.045064 0.1580349 -1.03561 0.1580349 -1.045064 0.1580349 -1.035276 0.170882 -1.045732 0.170882 -1.034887 0.1176652 -1.045732 0.1048182 -1.035276 0.1048182 -1.045732 0.1048182 -1.034887 0.1176652 -1.04651 0.1176652 -1.03447 0.05686759 -1.04651 0.04402053 -1.034887 0.04402053 -1.04651 0.04402053 -1.03447 0.05686759 -1.047345 0.05686759 1.034054 0.00736767 1.047345 0.02021473 1.03486 0.02021008 1.047345 0.02021473 1.034054 0.00736767 1.04818 0.00736767 1.033665 0.07066315 1.04818 0.08351022 1.034054 0.08351022 1.04818 0.08351022 1.033665 0.07066315 1.048958 0.07066315 1.033331 0.1287053 1.048958 0.1415523 1.033665 0.1415523 1.048958 0.1415523 1.033331 0.1287053 1.049626 0.1287053 1.050139 0.1775386 1.033331 0.1903857 1.033075 0.1775386 1.033331 0.1903857 1.050139 0.1775386 1.049626 0.1903857 1.050461 0.2138352 1.033075 0.2266823 1.032914 0.2138352 1.033075 0.2266823 1.050461 0.2138352 1.050139 0.2266823 1.050571 0.2351216 1.032914 0.2479687 1.032859 0.2351216 1.032914 0.2479687 1.050571 0.2351216 1.050461 0.2479687 1.050571 0.04921257 1.032859 0.2460629 1.032859 0.04921257 1.032859 0.2460629 1.050571 0.04921257 1.050571 0.2460629 1.050461 0.04478073 1.032859 0.05762779 1.032914 0.04478073 1.032859 0.05762779 1.050461 0.04478073 1.050571 0.05762779 1.050139 0.0461167 1.032914 0.05896377 1.033075 0.0461167 1.032914 0.05896377 1.050139 0.0461167 1.050461 0.05896377 1.050461 0.04478073 1.032859 0.05762779 1.032914 0.04478073 1.032859 0.05762779 1.050461 0.04478073 1.050571 0.05762779 1.048958 0.03819996 1.033331 0.05104702 1.033665 0.03819996 1.033331 0.05104702 1.048958 0.03819996 1.049626 0.05104702 1.04818 0.02948683 1.033665 0.0423339 1.034054 0.02948683 1.033665 0.0423339 1.04818 0.02948683 1.048958 0.0423339 1.047345 0.0183264 1.034054 0.03117346 1.03447 0.0183264 1.034054 0.03117346 1.047345 0.0183264 1.04818 0.03117346 -1.04651 -0.004668176 -1.03447 -0.0183264 -1.034887 -0.004668176 -1.03447 -0.0183264 -1.04651 -0.004668176 -1.047345 -0.0183264 -1.047234 -0.1179749 -1.036807 -0.130822 -1.037585 -0.1179749 -1.036807 -0.130822 -1.047234 -0.1179749 -1.048012 -0.130822 -1.046566 -0.08661317 -1.037585 -0.09946024 -1.038253 -0.08661317 -1.037585 -0.09946024 -1.046566 -0.08661317 -1.047234 -0.09946024 -1.038766 -0.04891121 -1.046566 -0.06175827 -1.038253 -0.06175827 -1.046566 -0.06175827 -1.038766 -0.04891121 -1.046053 -0.04891121 -1.039088 -0.007438242 -1.046053 -0.0202853 -1.038766 -0.0202853 -1.046053 -0.0202853 -1.039088 -0.007438242 -1.045731 -0.007438242 -1.039198 0.03497928 -1.045064 0.02171742 -1.039088 0.02213221 -1.045064 0.02171742 -1.039198 0.03497928 -1.045621 0.03497928 -1.022864 0.1968504 -1.029287 0.04921257 -1.022864 0.04921257 -1.029287 0.04921257 -1.022864 0.1968504 -1.029287 0.1968504 -1.029287 0.1968504 -1.022864 0.1968504 -1.022864 0.2460629 -1.029287 0.1968504 -1.022864 0.2460629 -1.029287 0.2460629 -1.039088 0.2706172 -1.045621 0.2577701 -1.039198 0.2577701 -1.045621 0.2577701 -1.039088 0.2706172 -1.045731 0.2706172 -1.038766 0.2930845 -1.045731 0.2802374 -1.039088 0.2802374 -1.045731 0.2802374 -1.038766 0.2930845 -1.046053 0.2930845 -1.038253 0.2960162 -1.046053 0.2831691 -1.038766 0.2831691 -1.046053 0.2831691 -1.038253 0.2960162 -1.046566 0.2960162 -1.037585 0.2792127 -1.046566 0.2663656 -1.038253 0.2663656 -1.046566 0.2663656 -1.037585 0.2792127 -1.047234 0.2792127 -1.036807 0.243819 -1.047234 0.2309719 -1.037585 0.2309719 -1.047234 0.2309719 -1.036807 0.243819 -1.048012 0.243819 -1.035972 0.1922473 -1.048012 0.1794002 -1.036807 0.1794002 -1.048012 0.1794002 -1.035972 0.1922473 -1.048847 0.1922473 1.035137 -0.128012 1.048847 -0.1151649 1.035972 -0.1151649 1.048847 -0.1151649 1.035137 -0.128012 1.049682 -0.128012 1.034359 -0.05549055 1.049682 -0.04264348 1.035137 -0.04264348 1.049682 -0.04264348 1.034359 -0.05549055 1.05046 -0.05549055 1.033691 0.02037459 1.05046 0.03322166 1.035021 0.03305715 1.05046 0.03322166 1.033691 0.02037459 1.051128 0.02037459 1.051128 0.1072607 1.033179 0.09441357 1.05164 0.09441357 1.033179 0.09441357 1.051128 0.1072607 1.033691 0.1072607 1.05164 0.1744278 1.032857 0.1615807 1.051962 0.1615807 1.032857 0.1615807 1.05164 0.1744278 1.033179 0.1744278 1.051962 0.2301456 1.032747 0.2172985 1.052072 0.2172985 1.032747 0.2172985 1.051962 0.2301456 1.032857 0.2301456 1.052072 0.2460629 1.032859 0.04921257 1.052072 0.04921257 1.032859 0.04921257 1.052072 0.2460629 1.032859 0.2460629 1.052072 0.07545089 1.032857 0.06260383 1.051962 0.06260383 1.032857 0.06260383 1.052072 0.07545089 1.032747 0.07545089 1.051962 0.1112183 1.033179 0.09837132 1.05164 0.09837132 1.033179 0.09837132 1.051962 0.1112183 1.032857 0.1112183 1.05164 0.1398442 1.033691 0.1269972 1.051128 0.1269972 1.033691 0.1269972 1.05164 0.1398442 1.033179 0.1398442 1.05046 0.1465306 1.033691 0.1593777 1.033882 0.1460543 1.033691 0.1593777 1.05046 0.1465306 1.051128 0.1593777 1.049682 0.1556406 1.034359 0.1684876 1.035137 0.1556406 1.034359 0.1684876 1.049682 0.1556406 1.05046 0.1684876 1.048847 0.1537061 1.035137 0.1665531 1.035972 0.1537061 1.035137 0.1665531 1.048847 0.1537061 1.049682 0.1665531 -1.048012 -0.140859 -1.035972 -0.1537061 -1.036807 -0.140859 -1.035972 -0.1537061 -1.048012 -0.140859 -1.048847 -0.1537061 -1.0309 -0.2432305 -1.020473 -0.2560775 -1.021251 -0.2432305 -1.020473 -0.2560775 -1.0309 -0.2432305 -1.031678 -0.2560775 -1.030232 -0.1941726 -1.021251 -0.2070196 -1.021919 -0.1941726 -1.021251 -0.2070196 -1.030232 -0.1941726 -1.0309 -0.2070196 -1.022431 -0.1314445 -1.030232 -0.1442915 -1.021919 -0.1442915 -1.030232 -0.1442915 -1.022431 -0.1314445 -1.029719 -0.1314445 -1.022754 -0.0593208 -1.029719 -0.07216787 -1.022431 -0.07216787 -1.029719 -0.07216787 -1.022754 -0.0593208 -1.029397 -0.0593208 -1.022864 0.01728314 -1.029397 0.004436075 -1.022754 0.004436075 -1.029397 0.004436075 -1.022864 0.01728314 -1.029287 0.01728314 -0.7956223 0.2460629 -0.7891988 0.1968504 -0.7891988 0.2460629 -0.7891988 0.1968504 -0.7956223 0.2460629 -0.7891988 0.04921257 -0.7891988 0.04921257 -0.7956223 0.2460629 -0.7956223 0.04921257 -0.7956223 0.04921257 -0.7956223 0.2460629 -0.7956223 0.1968504 -1.022754 0.2883134 -1.029287 0.2754663 -1.022864 0.2754663 -1.029287 0.2754663 -1.022754 0.2883134 -1.029397 0.2883134 -1.022431 0.344967 -1.029397 0.33212 -1.022754 0.33212 -1.029397 0.33212 -1.022431 0.344967 -1.029719 0.344967 -1.021919 0.3785494 -1.029719 0.3657023 -1.022431 0.3657023 -1.029719 0.3657023 -1.021919 0.3785494 -1.030232 0.3785494 -1.021251 0.3867721 -1.030232 0.373925 -1.021919 0.373925 -1.030232 0.373925 -1.021251 0.3867721 -1.0309 0.3867721 -1.020473 0.3690746 -1.0309 0.3562275 -1.021251 0.3562275 -1.0309 0.3562275 -1.020473 0.3690746 -1.031678 0.3690746 -1.019638 0.3266631 -1.031678 0.313816 -1.020473 0.313816 -1.031678 0.313816 -1.019638 0.3266631 -1.032513 0.3266631 1.018803 -0.2624278 1.032513 -0.2495807 1.019638 -0.2495807 1.032513 -0.2495807 1.018803 -0.2624278 1.033347 -0.2624278 1.018025 -0.1807461 1.033347 -0.1678991 1.018803 -0.1678991 1.033347 -0.1678991 1.018025 -0.1807461 1.034125 -0.1807461 1.017357 -0.08718472 1.034125 -0.07433766 1.018025 -0.07433766 1.034125 -0.07433766 1.017357 -0.08718472 1.034793 -0.08718472 1.034793 0.0247274 1.016845 0.01188033 1.035306 0.01188033 1.016845 0.01188033 1.034793 0.0247274 1.017357 0.0247274 -0.7001302 0.2460629 -0.6937068 0.1968504 -0.6937068 0.2460629 -0.6937068 0.1968504 -0.7001302 0.2460629 -0.6937068 0.04921257 -0.6937068 0.04921257 -0.7001302 0.2460629 -0.7001302 0.04921257 -0.7001302 0.04921257 -0.7001302 0.2460629 -0.7001302 0.1968504 -0.7957322 0.3519138 -0.7891988 0.3390668 -0.7890889 0.3519138 -0.7891988 0.3390668 -0.7957322 0.3519138 -0.7956223 0.3390668 -0.7960544 0.531434 -0.7890889 0.5185869 -0.7887666 0.531434 -0.7890889 0.5185869 -0.7960544 0.531434 -0.7957322 0.5185869 -0.788254 0.6751756 -0.7960544 0.6623286 -0.7887666 0.6623286 -0.7960544 0.6623286 -0.788254 0.6751756 -0.796567 0.6751756 -0.787586 0.7733429 -0.796567 0.7604958 -0.788254 0.7604958 -0.796567 0.7604958 -0.787586 0.7733429 -0.7972351 0.7733429 -0.786808 0.8192458 -0.7972351 0.8063988 -0.787586 0.8063988 -0.7972351 0.8063988 -0.786808 0.8192458 -0.798013 0.8192458 -0.7859732 0.8097563 -0.798013 0.7969093 -0.786808 0.7969093 -0.798013 0.7969093 -0.7859732 0.8097563 -0.7988479 0.8097563 0.7851384 -0.745521 0.7988479 -0.732674 0.7859732 -0.732674 0.7988479 -0.732674 0.7851384 -0.745521 0.7996827 -0.745521 0.7843604 -0.6309174 0.7996827 -0.6180703 0.7851384 -0.6180703 0.7996827 -0.6180703 0.7843604 -0.6309174 0.8004606 -0.6309174 0.7836924 -0.4737555 0.8004606 -0.4609085 0.7843604 -0.4609085 0.8004606 -0.4609085 0.7836924 -0.4737555 0.8011286 -0.4737555 0.7831798 -0.2847458 0.8011286 -0.2718988 0.7836924 -0.2718988 0.8011286 -0.2718988 0.7831798 -0.2847458 0.8016412 -0.2847458 0.8019635 -0.07676887 0.7831798 -0.0639218 0.7828575 -0.07676887 0.7831798 -0.0639218 0.8019635 -0.07676887 0.8016412 -0.0639218 0.8020734 0.136002 0.7828575 0.148849 0.7827476 0.136002 0.7828575 0.148849 0.8020734 0.136002 0.8019635 0.148849 0.8020734 0.04921257 0.7827476 0.2460629 0.7827476 0.04921257 0.7827476 0.2460629 0.8020734 0.04921257 0.8020734 0.2460629 0.7828575 0.1439004 0.8020734 0.1567475 0.7827476 0.1567475 0.8020734 0.1567475 0.7828575 0.1439004 0.8019635 0.1439004 0.7831798 0.3367209 0.8019635 0.349568 0.7828575 0.349568 0.8019635 0.349568 0.7831798 0.3367209 0.8016412 0.3367209 0.8011286 0.5061566 0.7831798 0.5190037 0.7836924 0.5061566 0.7831798 0.5190037 0.8011286 0.5061566 0.8016412 0.5190037 0.8004606 0.6406609 0.7836924 0.653508 0.7843604 0.6406609 0.7836924 0.653508 0.8004606 0.6406609 0.8011286 0.653508 0.7996827 0.7310674 0.7843604 0.7439145 0.7851384 0.7310674 0.7843604 0.7439145 0.7996827 0.7310674 0.8004606 0.7439145 0.7988479 0.7712152 0.7851384 0.7840622 0.7859732 0.7712152 0.7851384 0.7840622 0.7988479 0.7712152 0.7996827 0.7840622 -0.798013 -0.7583681 -0.7859732 -0.7712152 -0.786808 -0.7583681 -0.7859732 -0.7712152 -0.798013 -0.7583681 -0.7988479 -0.7712152 -0.701743 -0.7835869 -0.691316 -0.796434 -0.692094 -0.7835869 -0.691316 -0.796434 -0.701743 -0.7835869 -0.702521 -0.796434 -0.701075 -0.6581872 -0.692094 -0.6710343 -0.692762 -0.6581872 -0.692094 -0.6710343 -0.701075 -0.6581872 -0.701743 -0.6710343 -0.6932746 -0.4874954 -0.701075 -0.5003425 -0.692762 -0.5003425 -0.701075 -0.5003425 -0.6932746 -0.4874954 -0.7005624 -0.4874954 -0.6935968 -0.2831438 -0.7005624 -0.2959909 -0.6932746 -0.2959909 -0.7005624 -0.2959909 -0.6935968 -0.2831438 -0.7002401 -0.2831438 -0.6937068 -0.05905866 -0.7002401 -0.07190573 -0.6935968 -0.07190573 -0.7002401 -0.07190573 -0.6937068 -0.05905866 -0.7001302 -0.05905866 -0.2197397 0.2460629 -0.2117017 0.1968504 -0.2117017 0.2460629 -0.2117017 0.1968504 -0.2197397 0.2460629 -0.2197397 0.04921257 -0.2197397 0.04921257 -0.2197397 0.2460629 -0.2197397 0.1968504 -0.2197397 0.04921257 -0.2117017 0.04921257 -0.2117017 0.1968504 -0.7002401 0.3646552 -0.6937068 0.3518081 -0.6935968 0.3646552 -0.6937068 0.3518081 -0.7002401 0.3646552 -0.7001302 0.3518081 -0.7005624 0.56879 -0.6935968 0.5559429 -0.6932746 0.56879 -0.6935968 0.5559429 -0.7005624 0.56879 -0.7002401 0.5559429 -0.1201547 0.09619253 -0.1111737 0.08334547 -0.1118417 0.09619253 -0.1111737 0.08334547 -0.1201547 0.09619253 -0.1208228 0.08334547 -0.2197946 0.396546 -0.2117017 0.3836989 -0.2115918 0.396546 -0.2117017 0.3836989 -0.2197946 0.396546 -0.2197397 0.3836989 -0.2199556 0.662289 -0.2115918 0.6494419 -0.2112696 0.662289 -0.2115918 0.6494419 -0.2199556 0.662289 -0.2197946 0.6494419 -0.2202116 0.8833358 -0.2112696 0.8704887 -0.210757 0.8833358 -0.2112696 0.8704887 -0.2202116 0.8833358 -0.2199556 0.8704887 -0.2100889 1.044622 -0.2202116 1.031775 -0.210757 1.031775 -0.2202116 1.031775 -0.2100889 1.044622 -0.2205452 1.044622 -0.209311 1.135158 -0.2205452 1.12231 -0.2100889 1.12231 -0.2205452 1.12231 -0.209311 1.135158 -0.2209338 1.135158 -0.2084761 1.148771 -0.2209338 1.135158 -0.209311 1.135158 -0.2209338 1.135158 -0.2084761 1.148771 -0.2213508 1.148771 0.2076413 -1.084536 0.2213508 -1.071689 0.2084761 -1.071689 0.2213508 -1.071689 0.2076413 -1.084536 0.2217678 -1.084536 0.2068634 -0.9468291 0.2217678 -0.9339821 0.2076413 -0.9339821 0.2217678 -0.9339821 0.2068634 -0.9468291 0.2221563 -0.9468291 0.2061954 -0.7450351 0.2221563 -0.7321881 0.2068634 -0.7321881 0.2221563 -0.7321881 0.2061954 -0.7450351 0.22249 -0.7450351 0.222746 -0.492906 0.2061954 -0.4800589 0.2056828 -0.492906 0.2061954 -0.4800589 0.222746 -0.492906 0.22249 -0.4800589 0.222907 -0.2076238 0.2056828 -0.1947767 0.2053605 -0.2076238 0.2056828 -0.1947767 0.222907 -0.2076238 0.222746 -0.1947767 0.2229619 0.09136974 0.2053605 0.1042168 0.2052506 0.09136974 0.2053605 0.1042168 0.2229619 0.09136974 0.222907 0.1042168 0.2229619 0.04921257 0.2052506 0.2460629 0.2052506 0.04921257 0.2052506 0.2460629 0.2229619 0.04921257 0.2229619 0.2460629 0.2053605 0.1885326 0.2229619 0.2013797 0.2052506 0.2013797 0.2229619 0.2013797 0.2053605 0.1885326 0.222907 0.1885326 0.2056828 0.4675759 0.222907 0.4804229 0.2053605 0.4804229 0.222907 0.4804229 0.2056828 0.4675759 0.222746 0.4675759 0.2061954 0.7143168 0.222746 0.7271639 0.2056828 0.7271639 0.222746 0.7271639 0.2061954 0.7143168 0.22249 0.7143168 0.2221563 0.9119405 0.2061954 0.9247875 0.2068634 0.9119405 0.2061954 0.9247875 0.2221563 0.9119405 0.22249 0.9247875 0.2217678 1.046979 0.2068634 1.059826 0.2076413 1.046979 0.2068634 1.059826 0.2217678 1.046979 0.2221563 1.059826 0.2213508 1.11023 0.2076413 1.123077 0.2084761 1.11023 0.2076413 1.123077 0.2213508 1.11023 0.2217678 1.123077 -0.2209338 -1.097383 -0.2084761 -1.11023 -0.209311 -1.097383 -0.2084761 -1.11023 -0.2209338 -1.097383 -0.2213508 -1.11023 -0.2460629 -1.020473 -0.1480547 -1.03332 -0.1484433 -1.020473 -0.1480547 -1.03332 -0.2460629 -1.020473 -0.2460629 -1.03332 -0.2460629 -0.8744533 -0.148777 -0.8616062 -0.2460629 -0.8616062 -0.148777 -0.8616062 -0.2460629 -0.8744533 -0.1484433 -0.8744533 -0.149033 -0.6435843 -0.2460629 -0.6564314 -0.148777 -0.6564314 -0.2460629 -0.6564314 -0.149033 -0.6435843 -0.2460629 -0.6435843 -0.149194 -0.3812654 -0.2460629 -0.3941125 -0.149033 -0.3941125 -0.2460629 -0.3941125 -0.149194 -0.3812654 -0.2460629 -0.3812654 -0.1492488 -0.09252613 -0.2460629 -0.1053732 -0.149194 -0.1053732 -0.2460629 -0.1053732 -0.1492488 -0.09252613 -0.2460629 -0.09252613 -0.3496317 0.2460629 -0.3432081 0.1968504 -0.3432081 0.2460629 -0.3432081 0.1968504 -0.3496317 0.2460629 -0.3432081 0.04921257 -0.3432081 0.04921257 -0.3496317 0.2460629 -0.3496317 0.04921257 -0.3496317 0.04921257 -0.3496317 0.2460629 -0.3496317 0.1968504 -0.2460629 0.3981227 -0.1492488 0.3852756 -0.149194 0.3981227 -0.1492488 0.3852756 -0.2460629 0.3981227 -0.2460629 0.3852756 -0.2460629 0.6669116 -0.149194 0.6540645 -0.149033 0.6669116 -0.149194 0.6540645 -0.2460629 0.6669116 -0.2460629 0.6540645 -0.2460629 0.8906893 -0.149033 0.8778422 -0.148777 0.8906893 -0.149033 0.8778422 -0.2460629 0.8906893 -0.2460629 0.8778422 -0.1484433 1.054206 -0.2460629 1.041359 -0.148777 1.041359 -0.2460629 1.041359 -0.1484433 1.054206 -0.2460629 1.054206 -0.1484433 1.133471 -0.2460629 1.146318 -0.2460629 1.133471 -0.2460629 1.146318 -0.1484433 1.133471 -0.1480547 1.146318 -0.1476378 1.160748 -0.2460629 1.1479 -0.1480547 1.1479 -0.2460629 1.1479 -0.1476378 1.160748 -0.2460629 1.160748 0.1472208 -1.096512 0.2460629 -1.083665 0.1476378 -1.083665 0.2460629 -1.083665 0.1472208 -1.096512 0.2460629 -1.096512 0.1472208 -0.945142 0.2460629 -0.9579891 0.2460629 -0.945142 0.2460629 -0.9579891 0.1472208 -0.945142 0.1468322 -0.9579891 0.1468322 -0.7417713 0.2460629 -0.7546184 0.2460629 -0.7417713 0.2460629 -0.7546184 0.1468322 -0.7417713 0.1464986 -0.7546184 0.2460629 -0.5002595 0.1464986 -0.4874124 0.1462426 -0.5002595 0.1464986 -0.4874124 0.2460629 -0.5002595 0.2460629 -0.4874124 0.2460629 -0.2122464 0.1462426 -0.1993994 0.1460816 -0.2122464 0.1462426 -0.1993994 0.2460629 -0.2122464 0.2460629 -0.1993994 0.2460629 0.08979308 0.1460816 0.1026402 0.1460267 0.08979308 0.1460816 0.1026402 0.2460629 0.08979308 0.2460629 0.1026402 0.2460629 0.04921257 0.1457141 0.2452045 0.1457141 0.04921257 0.1457141 0.2452045 0.2460629 0.04921257 0.2460629 0.2460629 0.1452422 0.1899901 0.2460629 0.2029563 0.1460267 0.2029563 0.2460629 0.2029563 0.1452422 0.1899901 0.2460629 0.1901093 0.1462426 0.4721984 0.2460629 0.4850455 0.1460816 0.4850455 0.2460629 0.4850455 0.1462426 0.4721984 0.2460629 0.4721984 0.1464986 0.7216703 0.2460629 0.7345173 0.1462426 0.7345173 0.2460629 0.7345173 0.1464986 0.7216703 0.2460629 0.7216703 0.2460629 0.9343708 0.1468322 0.9215238 0.2460629 0.9215238 0.1468322 0.9215238 0.2460629 0.9343708 0.1464986 0.9343708 0.2460629 1.058139 0.1468322 1.070986 0.1472208 1.058139 0.1468322 1.070986 0.2460629 1.058139 0.2460629 1.070986 0.2460629 1.135053 0.1476378 1.122206 0.2460629 1.122206 0.1476378 1.122206 0.2460629 1.135053 0.1472208 1.135053 -0.2460629 -1.122206 -0.1480547 -1.109359 -0.2460629 -1.109359 -0.1480547 -1.109359 -0.2460629 -1.122206 -0.1476378 -1.122206 -1.119153 0.001676857 -1.144627 0.001676857 -1.13189 0 -1.144627 0.001676857 -1.119153 0.001676857 -1.107283 0.006593227 -1.144627 0.001676857 -1.107283 0.006593227 -1.156496 0.006593227 -1.156496 0.006593227 -1.107283 0.006593227 -1.097091 0.01441401 -1.156496 0.006593227 -1.097091 0.01441401 -1.166688 0.01441401 -1.166688 0.01441401 -1.097091 0.01441401 -1.08927 0.02460628 -1.166688 0.01441401 -1.08927 0.02460628 -1.174509 0.02460628 -1.174509 0.02460628 -1.08927 0.02460628 -1.084354 0.03647541 -1.174509 0.02460628 -1.084354 0.03647541 -1.179425 0.03647541 -1.179425 0.03647541 -1.084354 0.03647541 -1.082677 0.04921257 -1.179425 0.03647541 -1.082677 0.04921257 -1.181102 0.04921257 -1.181102 0.04921257 -1.082677 0.04921257 -1.082677 0.1968504 -1.181102 0.04921257 -1.082677 0.1968504 -1.181102 0.2460629 -1.181102 0.2460629 -1.082677 0.1968504 -1.082677 0.2460629 -1.181102 0.2460629 -1.082677 0.2460629 -1.084354 0.2588002 -1.181102 0.2460629 -1.084354 0.2588002 -1.179425 0.2588002 -1.179425 0.2588002 -1.084354 0.2588002 -1.174509 0.2706693 -1.174509 0.2706693 -1.084354 0.2588002 -1.08927 0.2706693 -1.174509 0.2706693 -1.08927 0.2706693 -1.097091 0.2808616 -1.174509 0.2706693 -1.097091 0.2808616 -1.166688 0.2808616 -1.166688 0.2808616 -1.097091 0.2808616 -1.156496 0.2886824 -1.156496 0.2886824 -1.097091 0.2808616 -1.107283 0.2886824 -1.156496 0.2886824 -1.107283 0.2886824 -1.119153 0.2935987 -1.156496 0.2886824 -1.119153 0.2935987 -1.144627 0.2935987 -1.144627 0.2935987 -1.119153 0.2935987 -1.13189 0.2952756 0.04394489 0.04921257 0.03752142 0.1968504 0.03752142 0.04921257 0.03752142 0.1968504 0.04394489 0.04921257 0.03752142 0.2460629 0.03752142 0.2460629 0.04394489 0.04921257 0.04394489 0.2460629 0.04394489 0.2460629 0.04394489 0.04921257 0.04394489 0.1968504 -0.2460629 0.2460629 -0.1492488 0.1968504 -0.1492488 0.2460629 -0.1492488 0.1968504 -0.2460629 0.04921257 -0.1492488 0.04921257 -0.2460629 0.04921257 -0.1492488 0.1968504 -0.2460629 0.2460629 -0.2460629 0.04921257 -0.2460629 0.2460629 -0.2460629 0.1968504 -0.2117017 -0.09094947 -0.2197946 -0.1037965 -0.2115918 -0.1037965 -0.2197946 -0.1037965 -0.2117017 -0.09094947 -0.2197397 -0.09094947 -0.2115918 -0.3766428 -0.2199556 -0.3894899 -0.2112696 -0.3894899 -0.2199556 -0.3894899 -0.2115918 -0.3766428 -0.2197946 -0.3766428 -0.2112696 -0.6362308 -0.2202116 -0.6490779 -0.210757 -0.6490779 -0.2202116 -0.6490779 -0.2112696 -0.6362308 -0.2199556 -0.6362308 -0.2202116 -0.852023 -0.2100889 -0.8648701 -0.210757 -0.852023 -0.2100889 -0.8648701 -0.2202116 -0.852023 -0.2205452 -0.8648701 -0.2205452 -1.009313 -0.209311 -1.022161 -0.2100889 -1.009313 -0.209311 -1.022161 -0.2205452 -1.009313 -0.2209338 -1.022161 -0.3520224 -1.060906 -0.3399826 -1.073753 -0.3408174 -1.060906 -0.3399826 -1.073753 -0.3520224 -1.060906 -0.3528572 -1.073753 0.3528572 1.073753 0.3391478 1.0866 0.3399826 1.073753 0.3391478 1.0866 0.3528572 1.073753 0.3536921 1.0866 0.3536921 1.012988 0.3383698 1.025835 0.3391478 1.012988 0.3383698 1.025835 0.3536921 1.012988 0.35447 1.025835 0.35447 0.8827517 0.3377017 0.8955987 0.3383698 0.8827517 0.3377017 0.8955987 0.35447 0.8827517 0.355138 0.8955987 0.3377017 0.6919194 0.3556506 0.7047665 0.3371891 0.7047665 0.3556506 0.7047665 0.3377017 0.6919194 0.355138 0.6919194 0.3371891 0.4534962 0.3559729 0.4663433 0.3368669 0.4663433 0.3559729 0.4663433 0.3371891 0.4534962 0.3556506 0.4534962 0.3368669 0.1837303 0.3560828 0.1965774 0.336757 0.1965774 0.3560828 0.1965774 0.3368669 0.1837303 0.3559729 0.1837303 0.3560828 0.04921257 0.336757 0.2460629 0.336757 0.04921257 0.336757 0.2460629 0.3560828 0.04921257 0.3560828 0.2460629 0.3560828 0.09617203 0.3368669 0.1090191 0.336757 0.09617203 0.3368669 0.1090191 0.3560828 0.09617203 0.3559729 0.1090191 0.3559729 -0.1935442 0.3371891 -0.1806972 0.3368669 -0.1935442 0.3371891 -0.1806972 0.3559729 -0.1935442 0.3556506 -0.1806972 0.3556506 -0.4705086 0.3377017 -0.4576615 0.3371891 -0.4705086 0.3377017 -0.4576615 0.3556506 -0.4705086 0.355138 -0.4576615 0.3377017 -0.7158463 0.35447 -0.7029992 0.3383698 -0.7029992 0.35447 -0.7029992 0.3377017 -0.7158463 0.355138 -0.7158463 0.3383698 -0.9128381 0.3536921 -0.899991 0.3391478 -0.899991 0.3536921 -0.899991 0.3383698 -0.9128381 0.35447 -0.9128381 0.3391478 -1.048059 0.3528572 -1.035212 0.3399826 -1.035212 0.3528572 -1.035212 0.3391478 -1.048059 0.3536921 -1.048059 -0.3399826 1.112294 -0.3520224 1.099447 -0.3408174 1.099447 -0.3520224 1.099447 -0.3399826 1.112294 -0.3528572 1.112294 -0.3408174 1.101166 -0.3512445 1.088319 -0.3415954 1.088319 -0.3512445 1.088319 -0.3408174 1.101166 -0.3520224 1.101166 -0.3415954 1.015434 -0.3505764 1.002586 -0.3422634 1.002586 -0.3505764 1.002586 -0.3415954 1.015434 -0.3512445 1.015434 -0.3505764 0.8609384 -0.342776 0.8480913 -0.3422634 0.8609384 -0.342776 0.8480913 -0.3505764 0.8609384 -0.3500638 0.8480913 -0.3500638 0.6482094 -0.3430982 0.6353623 -0.342776 0.6482094 -0.3430982 0.6353623 -0.3500638 0.6482094 -0.3497416 0.6353623 -0.3497416 0.3917437 -0.3432081 0.3788967 -0.3430982 0.3917437 -0.3432081 0.3788967 -0.3497416 0.3917437 -0.3496317 0.3788967 -0.4752107 0.2460629 -0.4687872 0.1968504 -0.4687872 0.2460629 -0.4687872 0.1968504 -0.4752107 0.2460629 -0.4687872 0.04921257 -0.4687872 0.04921257 -0.4752107 0.2460629 -0.4752107 0.04921257 -0.4752107 0.04921257 -0.4752107 0.2460629 -0.4752107 0.1968504 -0.3432081 -0.08614718 -0.3497416 -0.09899425 -0.3430982 -0.09899425 -0.3497416 -0.09899425 -0.3432081 -0.08614718 -0.3496317 -0.08614718 -0.3430982 -0.3625632 -0.3500638 -0.3754103 -0.342776 -0.3754103 -0.3500638 -0.3754103 -0.3430982 -0.3625632 -0.3497416 -0.3625632 -0.342776 -0.6138334 -0.3505764 -0.6266805 -0.3422634 -0.6266805 -0.3505764 -0.6266805 -0.342776 -0.6138334 -0.3500638 -0.6138334 -0.3505764 -0.8228341 -0.3415954 -0.8356812 -0.3422634 -0.8228341 -0.3415954 -0.8356812 -0.3505764 -0.8228341 -0.3512445 -0.8356812 -0.3512445 -0.9753223 -0.3408174 -0.9881694 -0.3415954 -0.9753223 -0.3408174 -0.9881694 -0.3512445 -0.9753223 -0.3520224 -0.9881694 -0.4776014 -1.007723 -0.4655616 -1.02057 -0.4663965 -1.007723 -0.4655616 -1.02057 -0.4776014 -1.007723 -0.4784363 -1.02057 0.4784363 1.02057 0.4647268 1.033417 0.4655616 1.02057 0.4647268 1.033417 0.4784363 1.02057 0.4792711 1.033417 0.4792711 0.9634293 0.4639489 0.9762763 0.4647268 0.9634293 0.4639489 0.9762763 0.4792711 0.9634293 0.4800491 0.9762763 0.4800491 0.8401945 0.4632808 0.8530416 0.4639489 0.8401945 0.4632808 0.8530416 0.4800491 0.8401945 0.4807171 0.8530416 0.4632808 0.6592642 0.4812297 0.6721113 0.4627682 0.6721113 0.4812297 0.6721113 0.4632808 0.6592642 0.4807171 0.6592642 0.4627682 0.4329683 0.481552 0.4458154 0.462446 0.4458154 0.481552 0.4458154 0.4627682 0.4329683 0.4812297 0.4329683 0.462446 0.1767286 0.4816619 0.1895757 0.4623361 0.1895757 0.4816619 0.1895757 0.462446 0.1767286 0.481552 0.1767286 0.4816619 0.04921257 0.4623361 0.2460629 0.4623361 0.04921257 0.4623361 0.2460629 0.4816619 0.04921257 0.4816619 0.2460629 0.4816619 0.1031737 0.462446 0.1160208 0.4623361 0.1031737 0.462446 0.1160208 0.4816619 0.1031737 0.481552 0.1160208 0.481552 -0.1730163 0.4627682 -0.1601693 0.462446 -0.1730163 0.4627682 -0.1601693 0.481552 -0.1730163 0.4812297 -0.1601693 0.4812297 -0.4378534 0.4632808 -0.4250063 0.4627682 -0.4378534 0.4632808 -0.4250063 0.4812297 -0.4378534 0.4807171 -0.4250063 0.4632808 -0.6732892 0.4800491 -0.6604422 0.4639489 -0.6604422 0.4800491 -0.6604422 0.4632808 -0.6732892 0.4807171 -0.6732892 0.4639489 -0.8632793 0.4792711 -0.8504322 0.4647268 -0.8504322 0.4792711 -0.8504322 0.4639489 -0.8632793 0.4800491 -0.8632793 0.4647268 -0.994876 0.4784363 -0.9820289 0.4655616 -0.9820289 0.4784363 -0.9820289 0.4647268 -0.994876 0.4792711 -0.994876 -0.4655616 1.059111 -0.4776014 1.046264 -0.4663965 1.046264 -0.4776014 1.046264 -0.4655616 1.059111 -0.4784363 1.059111 -0.4663965 1.051608 -0.4768235 1.038761 -0.4671744 1.038761 -0.4768235 1.038761 -0.4663965 1.051608 -0.4776014 1.051608 -0.4671744 0.9728766 -0.4761555 0.9600295 -0.4678425 0.9600295 -0.4761555 0.9600295 -0.4671744 0.9728766 -0.4768235 0.9728766 -0.4761555 0.8282832 -0.4683551 0.8154361 -0.4678425 0.8282832 -0.4683551 0.8154361 -0.4761555 0.8282832 -0.4756429 0.8154361 -0.4756429 0.6276814 -0.4686773 0.6148344 -0.4683551 0.6276814 -0.4686773 0.6148344 -0.4756429 0.6276814 -0.4753206 0.6148344 -0.4753206 0.384742 -0.4687872 0.371895 -0.4686773 0.384742 -0.4687872 0.371895 -0.4753206 0.384742 -0.4752107 0.371895 -0.5927138 0.2460629 -0.5862902 0.1968504 -0.5862902 0.2460629 -0.5862902 0.1968504 -0.5927138 0.2460629 -0.5862902 0.04921257 -0.5862902 0.04921257 -0.5927138 0.2460629 -0.5927138 0.04921257 -0.5927138 0.04921257 -0.5927138 0.2460629 -0.5927138 0.1968504 -0.4687872 -0.07914549 -0.4753206 -0.09199255 -0.4686773 -0.09199255 -0.4753206 -0.09199255 -0.4687872 -0.07914549 -0.4752107 -0.07914549 -0.4686773 -0.3420353 -0.4756429 -0.3548824 -0.4683551 -0.3548824 -0.4756429 -0.3548824 -0.4686773 -0.3420353 -0.4753206 -0.3420353 -0.4683551 -0.5811783 -0.4761555 -0.5940253 -0.4678425 -0.5940253 -0.4761555 -0.5940253 -0.4683551 -0.5811783 -0.4756429 -0.5811783 -0.4761555 -0.7802771 -0.4671744 -0.7931241 -0.4678425 -0.7802771 -0.4671744 -0.7931241 -0.4761555 -0.7802771 -0.4768235 -0.7931241 -0.4768235 -0.9257636 -0.4663965 -0.9386107 -0.4671744 -0.9257636 -0.4663965 -0.9386107 -0.4768235 -0.9257636 -0.4776014 -0.9386107 -0.5951045 -0.9387438 -0.5830647 -0.9515909 -0.5838995 -0.9387438 -0.5830647 -0.9515909 -0.5951045 -0.9387438 -0.5959393 -0.9515909 0.5959393 0.9515909 0.5822299 0.964438 0.5830647 0.9515909 0.5822299 0.964438 0.5959393 0.9515909 0.5967742 0.964438 0.5967742 0.8991509 0.5814519 0.9119979 0.5822299 0.8991509 0.5814519 0.9119979 0.5967742 0.8991509 0.5975521 0.9119979 0.5975521 0.7849974 0.5807839 0.7978445 0.5814519 0.7849974 0.5807839 0.7978445 0.5975521 0.7849974 0.5982201 0.7978445 0.5807839 0.61691 0.5987328 0.6297571 0.5802713 0.6297571 0.5987328 0.6297571 0.5807839 0.61691 0.5982201 0.61691 0.5802713 0.4063434 0.599055 0.4191904 0.579949 0.4191904 0.599055 0.4191904 0.5802713 0.4063434 0.5987328 0.4063434 0.579949 0.1676473 0.5991649 0.1804944 0.5798391 0.1804944 0.5991649 0.1804944 0.579949 0.1676473 0.599055 0.1676473 0.5991649 0.04921257 0.5798391 0.2460629 0.5798391 0.04921257 0.5798391 0.2460629 0.5991649 0.04921257 0.5991649 0.2460629 0.5991649 0.112255 0.579949 0.1251021 0.5798391 0.112255 0.579949 0.1251021 0.5991649 0.112255 0.599055 0.1251021 0.599055 -0.1463913 0.5802713 -0.1335443 0.579949 -0.1463913 0.5802713 -0.1335443 0.599055 -0.1463913 0.5987328 -0.1335443 0.5987328 -0.3954991 0.5807839 -0.3826521 0.5802713 -0.3954991 0.5807839 -0.3826521 0.5987328 -0.3954991 0.5982201 -0.3826521 0.5807839 -0.6180921 0.5975521 -0.6052451 0.5814519 -0.6052451 0.5975521 -0.6052451 0.5807839 -0.6180921 0.5982201 -0.6180921 0.5814519 -0.7990009 0.5967742 -0.7861538 0.5822299 -0.7861538 0.5967742 -0.7861538 0.5814519 -0.7990009 0.5975521 -0.7990009 0.5822299 -0.9258968 0.5959393 -0.9130497 0.5830647 -0.9130497 0.5959393 -0.9130497 0.5822299 -0.9258968 0.5967742 -0.9258968 -0.5830647 0.9901321 -0.5951045 0.977285 -0.5838995 0.977285 -0.5951045 0.977285 -0.5830647 0.9901321 -0.5959393 0.9901321 -0.5838995 0.9873293 -0.5943266 0.9744822 -0.5846775 0.9744822 -0.5943266 0.9744822 -0.5838995 0.9873293 -0.5951045 0.9873293 -0.5846775 0.9176794 -0.5936585 0.9048324 -0.5853455 0.9048324 -0.5936585 0.9048324 -0.5846775 0.9176794 -0.5943266 0.9176794 -0.5936585 0.785929 -0.5858581 0.7730819 -0.5853455 0.785929 -0.5858581 0.7730819 -0.5936585 0.785929 -0.5931459 0.7730819 -0.5931459 0.6010565 -0.5861803 0.5882094 -0.5858581 0.6010565 -0.5861803 0.5882094 -0.5931459 0.6010565 -0.5928237 0.5882094 -0.5928237 0.3756607 -0.5862902 0.3628137 -0.5861803 0.3756607 -0.5862902 0.3628137 -0.5928237 0.3756607 -0.5927138 0.3628137 -0.8711324 0.1968504 -0.8775559 0.04921257 -0.8711324 0.04921257 -0.8775559 0.04921257 -0.8711324 0.1968504 -0.8775559 0.1968504 -0.8775559 0.1968504 -0.8711324 0.1968504 -0.8711324 0.2460629 -0.8775559 0.1968504 -0.8711324 0.2460629 -0.8775559 0.2460629 -0.5862902 -0.07006418 -0.5928237 -0.08291125 -0.5861803 -0.08291125 -0.5928237 -0.08291125 -0.5862902 -0.07006418 -0.5927138 -0.07006418 -0.5861803 -0.3154103 -0.5931459 -0.3282574 -0.5858581 -0.3282574 -0.5931459 -0.3282574 -0.5861803 -0.3154103 -0.5928237 -0.3154103 -0.5858581 -0.538824 -0.5936585 -0.5516711 -0.5853455 -0.5516711 -0.5936585 -0.5516711 -0.5858581 -0.538824 -0.5931459 -0.538824 -0.5936585 -0.72508 -0.5846775 -0.737927 -0.5853455 -0.72508 -0.5846775 -0.737927 -0.5936585 -0.72508 -0.5943266 -0.737927 -0.5943266 -0.8614852 -0.5838995 -0.8743323 -0.5846775 -0.8614852 -0.5838995 -0.8743323 -0.5943266 -0.8614852 -0.5951045 -0.8743323 -0.702521 -0.8551487 -0.6904812 -0.8679958 -0.691316 -0.8551487 -0.6904812 -0.8679958 -0.702521 -0.8551487 -0.7033558 -0.8679958 0.7033558 0.8679958 0.6896464 0.8808429 0.6904812 0.8679958 0.6896464 0.8808429 0.7033558 0.8679958 0.7041907 0.8808429 0.7041907 0.8212526 0.6888684 0.8340997 0.6896464 0.8212526 0.6888684 0.8340997 0.7041907 0.8212526 0.7049686 0.8340997 0.7049686 0.7181047 0.6882004 0.7309517 0.6888684 0.7181047 0.6882004 0.7309517 0.7049686 0.7181047 0.7056366 0.7309517 0.6882004 0.5655814 0.7061492 0.5784285 0.6876878 0.5784285 0.7061492 0.5784285 0.6882004 0.5655814 0.7056366 0.5655814 0.6876878 0.3740769 0.7064715 0.3869239 0.6873655 0.3869239 0.7064715 0.3869239 0.6876878 0.3740769 0.7061492 0.3740769 0.6873655 0.1566419 0.7065814 0.1694889 0.6872556 0.1694889 0.7065814 0.1694889 0.6873655 0.1566419 0.7064715 0.1566419 0.7065814 0.04921257 0.6872556 0.2460629 0.6872556 0.04921257 0.6872556 0.2460629 0.7065814 0.04921257 0.7065814 0.2460629 0.7065814 0.1232605 0.6873655 0.1361076 0.6872556 0.1232605 0.6873655 0.1361076 0.7065814 0.1232605 0.7064715 0.1361076 0.7064715 -0.1141248 0.6876878 -0.1012777 0.6873655 -0.1141248 0.6876878 -0.1012777 0.7064715 -0.1141248 0.7061492 -0.1012777 0.7061492 -0.3441705 0.6882004 -0.3313235 0.6876878 -0.3441705 0.6882004 -0.3313235 0.7061492 -0.3441705 0.7056366 -0.3313235 0.6882004 -0.5511994 0.7049686 -0.5383523 0.6888684 -0.5383523 0.7049686 -0.5383523 0.6882004 -0.5511994 0.7056366 -0.5511994 0.6888684 -0.7211026 0.7041907 -0.7082555 0.6896464 -0.7082555 0.7041907 -0.7082555 0.6888684 -0.7211026 0.7049686 -0.7211026 0.6896464 -0.8423017 0.7033558 -0.8294546 0.6904812 -0.8294546 0.7033558 -0.8294546 0.6896464 -0.8423017 0.7041907 -0.8423017 -0.6904812 0.906537 -0.702521 0.8936899 -0.691316 0.8936899 -0.702521 0.8936899 -0.6904812 0.906537 -0.7033558 0.906537 -0.691316 0.909431 -0.701743 0.896584 -0.692094 0.896584 -0.701743 0.896584 -0.691316 0.909431 -0.702521 0.909431 -0.692094 0.8507867 -0.701075 0.8379396 -0.692762 0.8379396 -0.701075 0.8379396 -0.692094 0.8507867 -0.701743 0.8507867 -0.701075 0.7346004 -0.6932746 0.7217533 -0.692762 0.7346004 -0.6932746 0.7217533 -0.701075 0.7346004 -0.7005624 0.7217533 -0.8687417 0.7183167 -0.8791687 0.7054697 -0.8695197 0.7054697 -0.8791687 0.7054697 -0.8687417 0.7183167 -0.8799467 0.7183167 -0.8695197 0.6866731 -0.8785006 0.673826 -0.8701876 0.673826 -0.8785006 0.673826 -0.8695197 0.6866731 -0.8791687 0.6866731 -0.8701876 0.6086716 -0.8779881 0.5958245 -0.8707002 0.5958245 -0.8779881 0.5958245 -0.8701876 0.6086716 -0.8785006 0.6086716 -0.8707002 0.4896278 -0.8776658 0.4767807 -0.8710225 0.4767807 -0.8776658 0.4767807 -0.8707002 0.4896278 -0.8779881 0.4896278 -0.8710225 0.3376545 -0.8775559 0.3248074 -0.8711324 0.3248074 -0.8775559 0.3248074 -0.8710225 0.3376545 -0.8776658 0.3376545 -0.9381058 0.1968504 -0.9445293 0.04921257 -0.9381058 0.04921257 -0.9445293 0.04921257 -0.9381058 0.1968504 -0.9445293 0.1968504 -0.9445293 0.1968504 -0.9381058 0.1968504 -0.9381058 0.2460629 -0.9445293 0.1968504 -0.9381058 0.2460629 -0.9445293 0.2460629 -0.8711324 -0.03205794 -0.8776658 -0.044905 -0.8710225 -0.044905 -0.8776658 -0.044905 -0.8711324 -0.03205794 -0.8775559 -0.03205794 -0.8710225 -0.2039816 -0.8779881 -0.2168287 -0.8707002 -0.2168287 -0.8779881 -0.2168287 -0.8710225 -0.2039816 -0.8776658 -0.2039816 -0.8779881 -0.3615666 -0.8701876 -0.3744137 -0.8707002 -0.3615666 -0.8701876 -0.3744137 -0.8779881 -0.3615666 -0.8785006 -0.3744137 -0.8785006 -0.4940736 -0.8695197 -0.5069207 -0.8701876 -0.4940736 -0.8695197 -0.5069207 -0.8785006 -0.4940736 -0.8791687 -0.5069207 -0.8791687 -0.5924726 -0.8687417 -0.6053197 -0.8695197 -0.5924726 -0.8687417 -0.6053197 -0.8791687 -0.5924726 -0.8799467 -0.6053197 -0.94692 -0.5320711 -0.9348803 -0.5449182 -0.9357151 -0.5320711 -0.9348803 -0.5449182 -0.94692 -0.5320711 -0.9477549 -0.5449182 0.9477549 0.5449182 0.9340454 0.5577653 0.9348803 0.5449182 0.9340454 0.5577653 0.9477549 0.5449182 0.9485897 0.5577653 0.9485897 0.5201922 0.9332675 0.5330393 0.9340454 0.5201922 0.9332675 0.5330393 0.9485897 0.5201922 0.9493677 0.5330393 0.9493677 0.4595783 0.9325994 0.4724254 0.9332675 0.4595783 0.9325994 0.4724254 0.9493677 0.4595783 0.9500357 0.4724254 0.9505483 0.3800541 0.9325994 0.3672071 0.9500357 0.3672071 0.9325994 0.3672071 0.9505483 0.3800541 0.9320868 0.3800541 0.9508705 0.2622206 0.9320868 0.2493735 0.9505483 0.2493735 0.9320868 0.2493735 0.9508705 0.2622206 0.9317646 0.2622206 0.9509804 0.1269549 0.9317646 0.1141079 0.9508705 0.1141079 0.9317646 0.1141079 0.9509804 0.1269549 0.9316547 0.1269549 0.9509804 0.2460629 0.9316547 0.04921257 0.9509804 0.04921257 0.9316547 0.04921257 0.9509804 0.2460629 0.9316547 0.2460629 0.9508705 0.1786416 0.9316547 0.1657945 0.9509804 0.1657945 0.9316547 0.1657945 0.9508705 0.1786416 0.9317646 0.1786416 0.9505483 0.02342551 0.9317646 0.01057845 0.9508705 0.01057845 0.9317646 0.01057845 0.9505483 0.02342551 0.9320868 0.02342551 0.9500357 -0.1329492 0.9320868 -0.1457962 0.9505483 -0.1457962 0.9320868 -0.1457962 0.9500357 -0.1329492 0.9325994 -0.1329492 0.9325994 -0.2926729 0.9493677 -0.2798259 0.9332675 -0.2798259 0.9493677 -0.2798259 0.9325994 -0.2926729 0.9500357 -0.2926729 0.9332675 -0.4200422 0.9485897 -0.4071952 0.9340454 -0.4071952 0.9485897 -0.4071952 0.9332675 -0.4200422 0.9493677 -0.4200422 0.9340454 -0.5192241 0.9477549 -0.506377 0.9348803 -0.506377 0.9477549 -0.506377 0.9340454 -0.5192241 0.9485897 -0.5192241 -0.9348803 0.5834594 -0.94692 0.5706123 -0.9357151 0.5706123 -0.94692 0.5706123 -0.9348803 0.5834594 -0.9477549 0.5834594 -0.9357151 0.6083707 -0.9461421 0.5955236 -0.936493 0.5955236 -0.9461421 0.5955236 -0.9357151 0.6083707 -0.94692 0.6083707 -0.936493 0.5922603 -0.945474 0.5794132 -0.937161 0.5794132 -0.945474 0.5794132 -0.936493 0.5922603 -0.9461421 0.5922603 -0.937161 0.536226 -0.9449614 0.523379 -0.9376736 0.523379 -0.9449614 0.523379 -0.937161 0.536226 -0.945474 0.536226 -0.9376736 0.4440867 -0.9446392 0.4312396 -0.9379959 0.4312396 -0.9446392 0.4312396 -0.9376736 0.4440867 -0.9449614 0.4440867 -0.9379959 0.3221213 -0.9445293 0.3092742 -0.9381058 0.3092742 -0.9445293 0.3092742 -0.9379959 0.3221213 -0.9446392 0.3221213 -0.988973 0.1968504 -0.9953965 0.04921257 -0.988973 0.04921257 -0.9953965 0.04921257 -0.988973 0.1968504 -0.9953965 0.1968504 -0.9953965 0.1968504 -0.988973 0.1968504 -0.988973 0.2460629 -0.9953965 0.1968504 -0.988973 0.2460629 -0.9953965 0.2460629 -0.9381058 -0.01652473 -0.9446392 -0.02937179 -0.9379959 -0.02937179 -0.9446392 -0.02937179 -0.9381058 -0.01652473 -0.9445293 -0.01652473 -0.9379959 -0.1584405 -0.9449614 -0.1712875 -0.9376736 -0.1712875 -0.9449614 -0.1712875 -0.9379959 -0.1584405 -0.9446392 -0.1584405 -0.9376736 -0.2891211 -0.945474 -0.3019682 -0.937161 -0.3019682 -0.945474 -0.3019682 -0.9376736 -0.2891211 -0.9449614 -0.2891211 -0.945474 -0.3996608 -0.936493 -0.4125079 -0.937161 -0.3996608 -0.936493 -0.4125079 -0.945474 -0.3996608 -0.9461421 -0.4125079 -0.9461421 -0.4825266 -0.9357151 -0.4953736 -0.936493 -0.4825266 -0.9357151 -0.4953736 -0.9461421 -0.4825266 -0.94692 -0.4953736 -0.9977872 -0.4064269 -0.9857474 -0.4192739 -0.9865822 -0.4064269 -0.9857474 -0.4192739 -0.9977872 -0.4064269 -0.9986221 -0.4192739 0.9986221 0.4192739 0.9849126 0.432121 0.9857474 0.4192739 0.9849126 0.432121 0.9986221 0.4192739 0.9994569 0.432121 0.9994569 0.4031104 0.9841346 0.4159575 0.9849126 0.4031104 0.9841346 0.4159575 0.9994569 0.4031104 1.000235 0.4159575 1.000235 0.3590378 0.9834666 0.3718849 0.9841346 0.3590378 0.9834666 0.3718849 1.000235 0.3590378 1.000903 0.3718849 1.001415 0.3029068 0.9834666 0.2900597 1.000903 0.2900597 0.9834666 0.2900597 1.001415 0.3029068 0.982954 0.3029068 1.001738 0.2137237 0.982954 0.2008767 1.001415 0.2008767 0.982954 0.2008767 1.001738 0.2137237 0.9826318 0.2137237 1.001848 0.1104136 0.9826318 0.09756648 1.001738 0.09756648 0.9826318 0.09756648 1.001848 0.1104136 0.9825218 0.1104136 1.001848 0.2460629 0.9825218 0.04921257 1.001848 0.04921257 0.9825218 0.04921257 1.001848 0.2460629 0.9825218 0.2460629 1.001738 0.1951829 0.9825218 0.1823359 1.001848 0.1823359 0.9825218 0.1823359 1.001738 0.1951829 0.9826318 0.1951829 1.001415 0.07192236 0.9826318 0.05907529 1.001738 0.05907529 0.9826318 0.05907529 1.001415 0.07192236 0.982954 0.07192236 1.000903 -0.0558018 0.982954 -0.06864887 1.001415 -0.06864887 0.982954 -0.06864887 1.000903 -0.0558018 0.9834666 -0.0558018 0.9834666 -0.1921325 1.000235 -0.1792854 0.9841346 -0.1792854 1.000235 -0.1792854 0.9834666 -0.1921325 1.000903 -0.1921325 0.9841346 -0.3029604 0.9994569 -0.2901133 0.9849126 -0.2901133 0.9994569 -0.2901133 0.9841346 -0.3029604 1.000235 -0.3029604 0.9849126 -0.3935798 0.9986221 -0.3807327 0.9857474 -0.3807327 0.9986221 -0.3807327 0.9849126 -0.3935798 0.9994569 -0.3935798 -0.9857474 0.4578151 -0.9977872 0.4449681 -0.9865822 0.4449681 -0.9977872 0.4449681 -0.9857474 0.4578151 -0.9986221 0.4578151 -0.9865822 0.4912889 -0.9970093 0.4784418 -0.9873602 0.4784418 -0.9970093 0.4784418 -0.9865822 0.4912889 -0.9977872 0.4912889 -0.9865822 0.4912889 -0.9970093 0.4784418 -0.9873602 0.4784418 -0.9970093 0.4784418 -0.9865822 0.4912889 -0.9977872 0.4912889 -0.9880282 0.4590787 -0.9958286 0.4462316 -0.9885408 0.4462316 -0.9958286 0.4462316 -0.9880282 0.4590787 -0.9963412 0.4590787 -0.9885408 0.3955898 -0.9955064 0.3827427 -0.9888631 0.3827427 -0.9955064 0.3827427 -0.9885408 0.3955898 -0.9958286 0.3955898 -0.9888631 0.3055799 -0.9953965 0.2927328 -0.988973 0.2927328 -0.9953965 0.2927328 -0.9888631 0.3055799 -0.9955064 0.3055799 0.07032549 0.04921257 0.06390202 0.1968504 0.06390202 0.04921257 0.06390202 0.1968504 0.07032549 0.04921257 0.06390202 0.2460629 0.06390202 0.2460629 0.07032549 0.04921257 0.07032549 0.2460629 0.07032549 0.2460629 0.07032549 0.04921257 0.07032549 0.1968504 -0.988973 1.66498e-5 -0.9955064 -0.01283037 -0.9888631 -0.01283037 -0.9955064 -0.01283037 -0.988973 1.66498e-5 -0.9953965 1.66498e-5 -0.9888631 -0.1099436 -0.9958286 -0.1227907 -0.9885408 -0.1227907 -0.9958286 -0.1227907 -0.9888631 -0.1099436 -0.9955064 -0.1099436 -0.9970093 -0.3654447 -0.9865822 -0.3782918 -0.9873602 -0.3654447 -0.9865822 -0.3782918 -0.9970093 -0.3654447 -0.9977872 -0.3782918 -1.031678 -0.2752748 -1.019638 -0.2881219 -1.020473 -0.2752748 -1.019638 -0.2881219 -1.031678 -0.2752748 -1.032513 -0.2881219 -0.9963412 -0.2991204 -0.9873602 -0.3119674 -0.9880282 -0.2991204 -0.9873602 -0.3119674 -0.9963412 -0.2991204 -0.9970093 -0.3119674 -0.9885408 -0.2119737 -0.9963412 -0.2248207 -0.9880282 -0.2248207 -0.9963412 -0.2248207 -0.9885408 -0.2119737 -0.9958286 -0.2119737 1.035628 0.2124494 1.016412 0.1996024 1.035738 0.1996024 1.016412 0.1996024 1.035628 0.2124494 1.016522 0.2124494 1.035076 0.2460629 1.016412 0.04921257 1.035076 0.04879152 1.016412 0.04921257 1.035076 0.2460629 1.016412 0.2460629 1.035738 0.09314703 1.016522 0.08029997 1.035628 0.08029997 1.016522 0.08029997 1.035738 0.09314703 1.016412 0.09314703 1.035628 0.1631009 1.016845 0.1502538 1.035306 0.1502538 1.016845 0.1502538 1.035628 0.1631009 1.016522 0.1631009 1.035306 0.2223775 1.017357 0.2095304 1.034793 0.2095304 1.017357 0.2095304 1.035306 0.2223775 1.016845 0.2223775 1.034125 0.2540901 1.017357 0.2669371 1.018025 0.2540901 1.017357 0.2669371 1.034125 0.2540901 1.034793 0.2669371 1.033347 0.2808962 1.018025 0.2937433 1.018803 0.2808962 1.018025 0.2937433 1.033347 0.2808962 1.034125 0.2937433 1.032513 0.2881219 1.018803 0.300969 1.019638 0.2881219 1.018803 0.300969 1.032513 0.2881219 1.033347 0.300969 0.865626 -0.3870857 0.8823943 -0.3742387 0.8662941 -0.3742387 0.8823943 -0.3742387 0.865626 -0.3870857 0.8830623 -0.3870857 0.8662941 -0.5299883 0.8816163 -0.5171412 0.867072 -0.5171412 0.8816163 -0.5171412 0.8662941 -0.5299883 0.8823943 -0.5299883 0.867072 -0.6372107 0.8807815 -0.6243637 0.8679069 -0.6243637 0.8807815 -0.6243637 0.867072 -0.6372107 0.8816163 -0.6372107 1.035306 0.1225452 1.016522 0.1096981 1.035628 0.1096981 1.016522 0.1096981 1.035306 0.1225452 1.016845 0.1225452 -0.05788302 0.2718317 -0.07666671 0.2589846 -0.0575608 0.2589846 -0.07666671 0.2589846 -0.05788302 0.2718317 -0.07634449 0.2718317 -0.05839562 0.262208 -0.07634449 0.2493609 -0.05788302 0.2493609 -0.07634449 0.2493609 -0.05839562 0.262208 -0.07583189 0.262208 -0.05839562 0.2223059 -0.07516384 0.235153 -0.07583189 0.2223059 -0.07516384 0.235153 -0.05839562 0.2223059 -0.05906367 0.235153 -0.05906367 0.1796633 -0.07438594 0.1925104 -0.07516384 0.1796633 -0.07438594 0.1925104 -0.05906367 0.1796633 -0.05984163 0.1925104 -0.05984163 0.1243393 -0.07355105 0.1371864 -0.07438594 0.1243393 -0.07355105 0.1371864 -0.05984163 0.1243393 -0.06067645 0.1371864 0.06067645 -0.06010395 0.07271623 -0.07295101 0.07355105 -0.06010395 0.07271623 -0.07295101 0.06067645 -0.06010395 0.06151127 -0.07295101 0.06151127 0.008665084 0.07193827 -0.004181921 0.07271623 0.008665084 0.07193827 -0.004181921 0.06151127 0.008665084 0.06228923 -0.004181921 0.06228923 0.07728141 0.07127028 0.06443434 0.07193827 0.07728141 0.07127028 0.06443434 0.06228923 0.07728141 0.06295728 0.06443434 0.06346988 0.1282218 0.07127028 0.1410688 0.06295728 0.1410688 0.07127028 0.1410688 0.06346988 0.1282218 0.07075768 0.1282218 0.0637921 0.1828334 0.07075768 0.1956804 0.06346988 0.1956804 0.07075768 0.1956804 0.0637921 0.1828334 0.0704354 0.1828334 0.06390202 0.2245475 0.0704354 0.2373945 0.0637921 0.2373945 0.0704354 0.2373945 0.06390202 0.2245475 0.07032549 0.2245475 0.1424919 0.04921257 0.134454 0.1968504 0.134454 0.04921257 0.134454 0.1968504 0.1424919 0.04921257 0.134454 0.2460629 0.134454 0.2460629 0.1424919 0.04921257 0.1424919 0.2460629 0.1424919 0.2460629 0.1424919 0.04921257 0.1424919 0.1968504 0.0704354 0.05535489 0.06390202 0.06820195 0.0637921 0.05535489 0.06390202 0.06820195 0.0704354 0.05535489 0.07032549 0.06820195 0.07075768 0.07711857 0.0637921 0.08996564 0.06346988 0.07711857 0.0637921 0.08996564 0.07075768 0.07711857 0.0704354 0.08996564 0.07127028 0.093189 0.06346988 0.1060361 0.06295728 0.093189 0.06346988 0.1060361 0.07127028 0.093189 0.07075768 0.1060361 0.07127028 0.115318 0.06228923 0.1024709 0.07193827 0.1024709 0.06228923 0.1024709 0.07127028 0.115318 0.06295728 0.115318 0.07193827 0.117179 0.06151127 0.104332 0.07271623 0.104332 0.06151127 0.104332 0.07193827 0.117179 0.06228923 0.117179 0.09794855 0.1011301 0.08590871 0.088283 0.09878337 0.088283 0.08590871 0.088283 0.09794855 0.1011301 0.08674359 0.1011301 -0.09878337 -0.088283 -0.08507388 -0.07543593 -0.09961819 -0.07543593 -0.08507388 -0.07543593 -0.09878337 -0.088283 -0.08590871 -0.088283 -0.09961819 -0.06985735 -0.08429592 -0.05701029 -0.1003962 -0.05701029 -0.08429592 -0.05701029 -0.09961819 -0.06985735 -0.08507388 -0.06985735 -0.1003962 -0.04710876 -0.08362793 -0.0342617 -0.1010642 -0.0342617 -0.08362793 -0.0342617 -0.1003962 -0.04710876 -0.08429592 -0.04710876 0.1429638 0.0830022 0.1320632 0.0711075 0.143686 0.0711075 0.1320632 0.0711075 0.1429638 0.0830022 0.1335092 0.0830022 -0.0200929 -0.07064646 -0.008053123 -0.08349353 -0.007218241 -0.07064646 -0.008053123 -0.08349353 -0.0200929 -0.07064646 -0.01925808 -0.08349353 0.1429638 0.06839221 0.1340218 0.08123928 0.1335092 0.06839221 0.1340218 0.08123928 0.1429638 0.06839221 0.1427078 0.08123928 0.1427078 0.06153064 0.1343441 0.07437771 0.1340218 0.06153064 0.1343441 0.07437771 0.1427078 0.06153064 0.1425468 0.07437771 0.1424919 0.04921257 0.134454 0.06288522 0.134454 0.04921257 0.134454 0.06288522 0.1424919 0.04921257 0.1424919 0.06288522 0.01686733 0.04921257 0.0104438 0.1968504 0.0104438 0.04921257 0.0104438 0.1968504 0.01686733 0.04921257 0.0104438 0.2460629 0.0104438 0.2460629 0.01686733 0.04921257 0.01686733 0.2460629 0.01686733 0.2460629 0.01686733 0.04921257 0.01686733 0.1968504 0.134454 0.2298642 0.1425468 0.2427113 0.1343441 0.2427113 0.1425468 0.2427113 0.134454 0.2298642 0.1424919 0.2298642 0.1343441 0.1984213 0.1427078 0.2112684 0.1340218 0.2112684 0.1427078 0.2112684 0.1343441 0.1984213 0.1425468 0.1984213 0.1340218 0.1530185 0.1429638 0.1658656 0.1335092 0.1658656 0.1429638 0.1658656 0.1340218 0.1530185 0.1427078 0.1530185 0.1328412 0.1095972 0.1429638 0.09675014 0.1432975 0.1095972 0.1429638 0.09675014 0.1328412 0.1095972 0.1335092 0.09675014 0.1320632 0.0462976 0.1432975 0.03345054 0.143686 0.0462976 0.1432975 0.03345054 0.1320632 0.0462976 0.1328412 0.03345054 0.1312284 -0.01971924 0.143686 -0.0325663 0.144103 -0.01971924 0.143686 -0.0325663 0.1312284 -0.01971924 0.1320632 -0.0325663 -0.1303935 0.08395457 -0.144103 0.09680163 -0.14452 0.08395457 -0.144103 0.09680163 -0.1303935 0.08395457 -0.1312284 0.09680163 -0.1296156 0.1420308 -0.14452 0.1548779 -0.1449086 0.1420308 -0.14452 0.1548779 -0.1296156 0.1420308 -0.1303935 0.1548779 -0.1289476 0.1899901 -0.1449086 0.2028371 -0.1452422 0.1899901 -0.1449086 0.2028371 -0.1289476 0.1899901 -0.1296156 0.2028371 -0.1289476 0.2374112 -0.1454982 0.2245641 -0.128435 0.2245641 -0.1454982 0.2245641 -0.1289476 0.2374112 -0.1452422 0.2374112 -0.128435 0.2562438 -0.1456592 0.2433967 -0.1281127 0.2433967 -0.1456592 0.2433967 -0.128435 0.2562438 -0.1454982 0.2562438 -0.1281127 0.2580516 -0.1457141 0.2452045 -0.1280028 0.2452045 -0.1457141 0.2452045 -0.1281127 0.2580516 -0.1456592 0.2580516 -0.1280028 0.2452045 -0.1457141 0.04921257 -0.1280028 0.04921257 -0.1457141 0.04921257 -0.1280028 0.2452045 -0.1457141 0.2452045 -0.1457141 0.04754495 -0.1281127 0.03469789 -0.1280028 0.04754495 -0.1281127 0.03469789 -0.1457141 0.04754495 -0.1456592 0.03469789 -0.1456592 0.02940231 -0.128435 0.01655524 -0.1281127 0.02940231 -0.128435 0.01655524 -0.1456592 0.02940231 -0.1454982 0.01655524 -0.1454982 0.009693682 -0.1289476 -0.003153324 -0.128435 0.009693682 -0.1289476 -0.003153324 -0.1454982 0.009693682 -0.1452422 -0.003153324 -0.1449086 -0.02308475 -0.1289476 -0.01023769 -0.1452422 -0.01023769 -0.1289476 -0.01023769 -0.1449086 -0.02308475 -0.1296156 -0.02308475 -0.14452 -0.04188078 -0.1296156 -0.02903372 -0.1449086 -0.02903372 -0.1296156 -0.02903372 -0.14452 -0.04188078 -0.1303935 -0.04188078 0.007218241 -0.07064646 0.01925808 -0.08349353 0.0200929 -0.07064646 0.01925808 -0.08349353 0.007218241 -0.07064646 0.008053123 -0.08349353 0.008053123 -0.001158952 0.01848012 -0.01400601 0.01925808 -0.001158952 0.01848012 -0.01400601 0.008053123 -0.001158952 0.008831024 -0.01400601 0.008831024 0.06884527 0.01781207 0.0559982 0.01848012 0.06884527 0.01781207 0.0559982 0.008831024 0.06884527 0.009499073 0.0559982 0.009499073 0.1345956 0.01729947 0.1217485 0.01781207 0.1345956 0.01729947 0.1217485 0.009499073 0.1345956 0.01001167 0.1217485 0.01033389 0.1787641 0.01729947 0.1916112 0.01001167 0.1916112 0.01729947 0.1916112 0.01033389 0.1787641 0.01697725 0.1787641 0.0104438 0.2231595 0.01697725 0.2360066 0.01033389 0.2360066 0.01697725 0.2360066 0.0104438 0.2231595 0.01686733 0.2231595 0.472441 0.04879152 0.1492488 0.1968504 0.1492488 0.04921257 0.1492488 0.1968504 0.472441 0.04879152 0.1492488 0.2460629 0.1492488 0.2460629 0.472441 0.04879152 0.472441 0.2460629 0.472441 0.2460629 0.472441 0.04879152 0.472441 0.1968504 0.01781207 0.0559982 0.0104438 0.06958991 0.009499073 0.0559982 0.0104438 0.06958991 0.01781207 0.0559982 0.01686733 0.06958991 0.01729947 0.08118784 0.01033389 0.09403491 0.01001167 0.08118784 0.01033389 0.09403491 0.01729947 0.08118784 0.01697725 0.09403491 0.01729947 0.1125093 0.009499073 0.09966224 0.01781207 0.09966224 0.009499073 0.09966224 0.01729947 0.1125093 0.01001167 0.1125093 0.01781207 0.1237542 0.008831024 0.1109071 0.01848012 0.1109071 0.008831024 0.1109071 0.01781207 0.1237542 0.009499073 0.1237542 0.01848012 0.1270031 0.008053123 0.114156 0.01925808 0.114156 0.008053123 0.114156 0.01848012 0.1270031 0.008831024 0.1270031 0.04633563 0.1185004 0.03429585 0.1056534 0.04717046 0.1056534 0.03429585 0.1056534 0.04633563 0.1185004 0.03513067 0.1185004 -0.04717046 -0.1056534 -0.03346097 -0.09280627 -0.04800528 -0.09280627 -0.03346097 -0.09280627 -0.04717046 -0.1056534 -0.03429585 -0.1056534 -0.04800528 -0.08604395 -0.03268307 -0.07319688 -0.04878324 -0.07319688 -0.03268307 -0.07319688 -0.04800528 -0.08604395 -0.03346097 -0.08604395 -0.04878324 -0.06100851 -0.03201502 -0.04816144 -0.04945129 -0.04816144 -0.03201502 -0.04816144 -0.04878324 -0.06100851 -0.03268307 -0.06100851 -0.04996389 -0.01940613 -0.03201502 -0.0322532 -0.03150242 -0.01940613 -0.03201502 -0.0322532 -0.04996389 -0.01940613 -0.04945129 -0.0322532 -0.05028611 0.01110935 -0.03150242 -0.001737654 -0.0311802 0.01110935 -0.03150242 -0.001737654 -0.05028611 0.01110935 -0.04996389 -0.001737654 -0.05039602 0.04130554 -0.0311802 0.02845847 -0.03107029 0.04130554 -0.0311802 0.02845847 -0.05039602 0.04130554 -0.05028611 0.02845847 -0.03107029 0.2460629 -0.05039602 0.04921257 -0.03107029 0.04921257 -0.05039602 0.04921257 -0.03107029 0.2460629 -0.05039602 0.2460629 -0.0311802 0.2642909 -0.05039602 0.2514439 -0.03107029 0.2514439 -0.05039602 0.2514439 -0.0311802 0.2642909 -0.05028611 0.2642909 -0.03150242 0.2745367 -0.05028611 0.2616897 -0.0311802 0.2616897 -0.05028611 0.2616897 -0.03150242 0.2745367 -0.04996389 0.2745367 -0.03201502 0.2665111 -0.04996389 0.253664 -0.03150242 0.253664 -0.04996389 0.253664 -0.03201502 0.2665111 -0.04945129 0.2665111 -0.03201502 0.2279138 -0.04878324 0.2407609 -0.04945129 0.2279138 -0.04878324 0.2407609 -0.03201502 0.2279138 -0.03268307 0.2407609 0.472441 0.07072287 0.1480547 0.05787581 0.472441 0.05787581 0.1480547 0.05787581 0.472441 0.07072287 0.1484433 0.07072287 0.472441 0.0754252 0.1480547 0.06163859 0.472441 0.06163859 0.1480547 0.06163859 0.472441 0.0754252 0.148777 0.0754252 0.472441 0.06163859 0.148777 0.0754252 0.1480547 0.06163859 0.148777 0.0754252 0.472441 0.06163859 0.472441 0.0754252 0.472441 0.05787581 0.1484433 0.07072287 0.1480547 0.05787581 0.1484433 0.07072287 0.472441 0.05787581 0.472441 0.07072287 0.472441 0.04879152 0.1492488 0.06163859 0.1492488 0.04921257 0.1492488 0.06163859 0.472441 0.04879152 0.472441 0.06163859 -0.0104438 0.1968504 -0.01686733 0.04921257 -0.0104438 0.04921257 -0.01686733 0.04921257 -0.0104438 0.1968504 -0.01686733 0.1968504 -0.01686733 0.1968504 -0.0104438 0.1968504 -0.0104438 0.2460629 -0.01686733 0.1968504 -0.0104438 0.2460629 -0.01686733 0.2460629 0.1492488 0.2311108 0.472441 0.2439579 0.149194 0.2439579 0.472441 0.2439579 0.1492488 0.2311108 0.472441 0.2311108 0.149194 0.2020761 0.472441 0.2149232 0.149033 0.2149232 0.472441 0.2149232 0.149194 0.2020761 0.472441 0.2020761 0.149033 0.1588326 0.472441 0.1716797 0.148777 0.1716797 0.472441 0.1716797 0.149033 0.1588326 0.472441 0.1588326 0.1484433 0.1171742 0.472441 0.1043272 0.472441 0.1171742 0.472441 0.1043272 0.1484433 0.1171742 0.148777 0.1043272 0.1480547 0.05512124 0.472441 0.04227417 0.472441 0.05512124 0.472441 0.04227417 0.1480547 0.05512124 0.1484433 0.04227417 0.1476378 -0.01025032 0.472441 -0.02309739 0.472441 -0.01025032 0.472441 -0.02309739 0.1476378 -0.01025032 0.1480547 -0.02309739 -0.1472208 0.07448571 -0.472441 0.08733278 -0.472441 0.07448571 -0.472441 0.08733278 -0.1472208 0.07448571 -0.1476378 0.08733278 -0.1468322 0.1332072 -0.472441 0.1460543 -0.472441 0.1332072 -0.472441 0.1460543 -0.1468322 0.1332072 -0.1472208 0.1460543 -0.1464986 0.1824131 -0.472441 0.1952601 -0.472441 0.1824131 -0.472441 0.1952601 -0.1464986 0.1824131 -0.1468322 0.1952601 -0.1464986 0.2315971 -0.472441 0.2187501 -0.1462426 0.2187501 -0.472441 0.2187501 -0.1464986 0.2315971 -0.472441 0.2315971 -0.1462426 0.2525889 -0.472441 0.2397419 -0.1460816 0.2397419 -0.472441 0.2397419 -0.1462426 0.2525889 -0.472441 0.2525889 -0.1454982 0.2562438 -0.472441 0.2439579 -0.1456592 0.2433967 -0.472441 0.2439579 -0.1454982 0.2562438 -0.472441 0.256805 -0.1457141 0.2452045 -0.472441 0.04921257 -0.1457141 0.04921257 -0.472441 0.04921257 -0.1457141 0.2452045 -0.472441 0.2460629 -0.472441 0.04921257 -0.1460816 0.03594446 -0.1457141 0.04921257 -0.1460816 0.03594446 -0.472441 0.04921257 -0.472441 0.03594446 -0.472441 0.03305715 -0.1462426 0.02021008 -0.1460816 0.03305715 -0.1462426 0.02021008 -0.472441 0.03305715 -0.472441 0.02021008 -0.472441 0.01550775 -0.1464986 0.002660691 -0.1462426 0.01550775 -0.1464986 0.002660691 -0.472441 0.01550775 -0.472441 0.002660691 -0.472441 -0.01550775 -0.1464986 -0.002660691 -0.472441 -0.002660691 -0.1464986 -0.002660691 -0.472441 -0.01550775 -0.1468322 -0.01550775 -0.01925808 -0.001158952 -0.008831024 -0.01400601 -0.008053123 -0.001158952 -0.008831024 -0.01400601 -0.01925808 -0.001158952 -0.01848012 -0.01400601 -0.472441 -0.03305715 -0.1468322 -0.02021008 -0.472441 -0.02021008 -0.1468322 -0.02021008 -0.472441 -0.03305715 -0.1472208 -0.03305715 -0.144103 -0.05826044 -0.1303935 -0.04541337 -0.14452 -0.04541337 -0.1303935 -0.04541337 -0.144103 -0.05826044 -0.1312284 -0.05826044 -0.03647541 0.001676857 -0.06194972 0.001676857 -0.04921257 0 -0.06194972 0.001676857 -0.03647541 0.001676857 -0.07381886 0.006593227 -0.07381886 0.006593227 -0.03647541 0.001676857 -0.02460628 0.006593227 -0.07381886 0.006593227 -0.02460628 0.006593227 -0.01441401 0.01441401 -0.07381886 0.006593227 -0.01441401 0.01441401 -0.08401113 0.01441401 -0.08401113 0.01441401 -0.01441401 0.01441401 -0.006593227 0.02460628 -0.08401113 0.01441401 -0.006593227 0.02460628 -0.09183192 0.02460628 -0.09183192 0.02460628 -0.006593227 0.02460628 -0.001676857 0.03647541 -0.09183192 0.02460628 -0.001676857 0.03647541 -0.09674829 0.03647541 -0.09674829 0.03647541 -0.001676857 0.03647541 0 0.04921257 -0.09674829 0.03647541 0 0.04921257 -0.09842514 0.04921257 -0.09842514 0.04921257 0 0.04921257 0 0.2460629 -0.09842514 0.04921257 0 0.2460629 -0.09842514 0.1968504 -0.09842514 0.1968504 0 0.2460629 -0.09842514 0.2460629 -0.09842514 0.2460629 0 0.2460629 -0.001676857 0.2588002 -0.09842514 0.2460629 -0.001676857 0.2588002 -0.09674829 0.2588002 -0.09674829 0.2588002 -0.001676857 0.2588002 -0.006593227 0.2706693 -0.09674829 0.2588002 -0.006593227 0.2706693 -0.09183192 0.2706693 -0.09183192 0.2706693 -0.006593227 0.2706693 -0.01441401 0.2808616 -0.09183192 0.2706693 -0.01441401 0.2808616 -0.08401113 0.2808616 -0.08401113 0.2808616 -0.01441401 0.2808616 -0.02460628 0.2886824 -0.08401113 0.2808616 -0.02460628 0.2886824 -0.07381886 0.2886824 -0.07381886 0.2886824 -0.02460628 0.2886824 -0.03647541 0.2935987 -0.07381886 0.2886824 -0.03647541 0.2935987 -0.06194972 0.2935987 -0.06194972 0.2935987 -0.03647541 0.2935987 -0.04921257 0.2952756 -0.08279305 0.2620041 -0.1020089 0.249157 -0.08268314 0.249157 -0.1020089 0.249157 -0.08279305 0.2620041 -0.101899 0.2620041 -0.0104438 0.06958991 -0.01781207 0.0559982 -0.009499073 0.0559982 -0.01781207 0.0559982 -0.0104438 0.06958991 -0.01686733 0.06958991 -0.01033389 0.09403491 -0.01729947 0.08118784 -0.01001167 0.08118784 -0.01729947 0.08118784 -0.01033389 0.09403491 -0.01697725 0.09403491 -0.01001167 0.1125093 -0.01781207 0.09966224 -0.009499073 0.09966224 -0.01781207 0.09966224 -0.01001167 0.1125093 -0.01729947 0.1125093 -0.009499073 0.1237542 -0.01848012 0.1109071 -0.008831024 0.1109071 -0.01848012 0.1109071 -0.009499073 0.1237542 -0.01781207 0.1237542 -0.008831024 0.1270031 -0.01925808 0.114156 -0.008053123 0.114156 -0.01925808 0.114156 -0.008831024 0.1270031 -0.01848012 0.1270031 0.01925808 0.1220347 0.007218241 0.1091877 0.0200929 0.1091877 0.007218241 0.1091877 0.01925808 0.1220347 0.008053123 0.1220347 -0.0200929 -0.1091877 -0.006383419 -0.09634059 -0.02092772 -0.09634059 -0.006383419 -0.09634059 -0.0200929 -0.1091877 -0.007218241 -0.1091877 -0.02092772 -0.0893374 -0.005605459 -0.07649034 -0.02170568 -0.07649034 -0.005605459 -0.07649034 -0.02092772 -0.0893374 -0.006383419 -0.0893374 -0.02170568 -0.06383669 -0.004937469 -0.05098962 -0.02237373 -0.05098962 -0.004937469 -0.05098962 -0.02170568 -0.06383669 -0.005605459 -0.06383669 -0.02237373 -0.03442335 -0.00442487 -0.02157628 -0.02288633 -0.02157628 -0.00442487 -0.02157628 -0.02237373 -0.03442335 -0.004937469 -0.03442335 -0.02320855 0.009745121 -0.00442487 -0.003101885 -0.004102587 0.009745121 -0.00442487 -0.003101885 -0.02320855 0.009745121 -0.02288633 -0.003101885 -0.02331846 0.04084026 -0.004102587 0.0279932 -0.003992676 0.04084026 -0.004102587 0.0279932 -0.02331846 0.04084026 -0.02320855 0.0279932 -0.003992676 0.2460629 -0.02331846 0.04921257 -0.003992676 0.04921257 -0.02331846 0.04921257 -0.003992676 0.2460629 -0.02331846 0.2460629 -0.004102587 0.2647563 -0.02331846 0.2519092 -0.003992676 0.2519092 -0.02331846 0.2519092 -0.004102587 0.2647563 -0.02320855 0.2647563 -0.00442487 0.275901 -0.02320855 0.2630539 -0.004102587 0.2630539 -0.02320855 0.2630539 -0.00442487 0.275901 -0.02288633 0.275901 -0.006383419 0.1348818 -0.0200929 0.1477289 -0.02092772 0.1348818 -0.0200929 0.1477289 -0.006383419 0.1348818 -0.007218241 0.1477289 -0.005605459 0.1894874 -0.02092772 0.2023345 -0.02170568 0.1894874 -0.02092772 0.2023345 -0.005605459 0.1894874 -0.006383419 0.2023345 -0.00442487 0.2558342 -0.02237373 0.2686812 -0.02288633 0.2558342 -0.02237373 0.2686812 -0.00442487 0.2558342 -0.004937469 0.2686812 -0.004937469 0.230742 -0.02170568 0.2435891 -0.02237373 0.230742 -0.02170568 0.2435891 -0.004937469 0.230742 -0.005605459 0.2435891</float_array>
          <technique_common>
            <accessor source="#Síť_019-mesh-map-0-array" count="4524" stride="2">
              <param name="S" type="float"/>
              <param name="T" type="float"/>
            </accessor>
          </technique_common>
        </source>
        <source id="Síť_019-mesh-map-1">
          <float_array id="Síť_019-mesh-map-1-array" count="9048">-0.0575608 0.2633683 -0.07677662 0.2505213 -0.05745089 0.2505213 -0.07677662 0.2505213 -0.0575608 0.2633683 -0.07666671 0.2633683 -0.05745089 0.2460629 -0.07677662 0.04921257 -0.05745089 0.04921257 -0.07677662 0.04921257 -0.05745089 0.2460629 -0.07677662 0.2460629 -0.07677662 0.04222822 -0.0575608 0.02938115 -0.05745089 0.04222822 -0.0575608 0.02938115 -0.07677662 0.04222822 -0.07666671 0.02938115 -0.07666671 0.01381438 -0.05788302 9.67363e-4 -0.0575608 0.01381438 -0.05788302 9.67363e-4 -0.07666671 0.01381438 -0.07634449 9.67363e-4 -0.07634449 -0.01510304 -0.05839562 -0.0279501 -0.05788302 -0.01510304 -0.05839562 -0.0279501 -0.07634449 -0.01510304 -0.07583189 -0.0279501 -0.07516384 -0.05540055 -0.05839562 -0.04255348 -0.07583189 -0.04255348 -0.05839562 -0.04255348 -0.07516384 -0.05540055 -0.05906367 -0.05540055 -0.07438594 -0.07951331 -0.05906367 -0.06666624 -0.07516384 -0.06666624 -0.05906367 -0.06666624 -0.07438594 -0.07951331 -0.05984163 -0.07951331 -0.07355105 -0.09864515 -0.05984163 -0.08579808 -0.07438594 -0.08579808 -0.05984163 -0.08579808 -0.07355105 -0.09864515 -0.06067645 -0.09864515 0.07271623 0.1114922 0.06067645 0.09864515 0.07355105 0.09864515 0.06067645 0.09864515 0.07271623 0.1114922 0.06151127 0.1114922 0.04555767 0.1237096 0.03513067 0.1108626 0.04633563 0.1108626 0.03513067 0.1108626 0.04555767 0.1237096 0.03590863 0.1237096 0.04488962 0.120926 0.03590863 0.1080789 0.04555767 0.1080789 0.03590863 0.1080789 0.04488962 0.120926 0.03657662 0.120926 0.04488962 0.09749209 0.03708922 0.1103392 0.03657662 0.09749209 0.03708922 0.1103392 0.04488962 0.09749209 0.04437702 0.1103392 0.04437702 0.07982361 0.03741151 0.09267067 0.03708922 0.07982361 0.03741151 0.09267067 0.04437702 0.07982361 0.0440548 0.09267067 0.0440548 0.05627757 0.03752142 0.06912463 0.03741151 0.05627757 0.03752142 0.06912463 0.0440548 0.05627757 0.04394489 0.06912463 0.0955578 0.04921257 0.08913427 0.1968504 0.08913427 0.04921257 0.08913427 0.1968504 0.0955578 0.04921257 0.08913427 0.2460629 0.08913427 0.2460629 0.0955578 0.04921257 0.0955578 0.2460629 0.0955578 0.2460629 0.0955578 0.04921257 0.0955578 0.1968504 0.03752142 0.2236248 0.0440548 0.2364718 0.03741151 0.2364718 0.0440548 0.2364718 0.03752142 0.2236248 0.04394489 0.2236248 0.03741151 0.1801283 0.04437702 0.1929754 0.03708922 0.1929754 0.04437702 0.1929754 0.03741151 0.1801283 0.0440548 0.1801283 0.03708922 0.1239187 0.04488962 0.1367657 0.03657662 0.1367657 0.04488962 0.1367657 0.03708922 0.1239187 0.04437702 0.1239187 0.03590863 0.07167345 0.04488962 0.05882638 0.04555767 0.07167345 0.04488962 0.05882638 0.03590863 0.07167345 0.03657662 0.05882638 0.03513067 0.002134442 0.04555767 -0.01071256 0.04633563 0.002134442 0.04555767 -0.01071256 0.03513067 0.002134442 0.03590863 -0.01071256 0.03429585 -0.06711214 0.04633563 -0.07995921 0.04717046 -0.06711214 0.04633563 -0.07995921 0.03429585 -0.06711214 0.03513067 -0.07995921 -0.03346097 0.1313475 -0.04717046 0.1441946 -0.04800528 0.1313475 -0.04717046 0.1441946 -0.03346097 0.1313475 -0.03429585 0.1441946 -0.03268307 0.186194 -0.04800528 0.199041 -0.04878324 0.186194 -0.04800528 0.199041 -0.03268307 0.186194 -0.03346097 0.199041 -0.08311527 0.2678321 -0.101899 0.254985 -0.08279305 0.254985 -0.101899 0.254985 -0.08311527 0.2678321 -0.1015768 0.2678321 -0.08279305 0.254985 -0.1015768 0.2429984 -0.08311527 0.2429984 -0.1015768 0.2429984 -0.08279305 0.254985 -0.101899 0.254985 -0.08362793 0.2140141 -0.1003962 0.2268612 -0.1010642 0.2140141 -0.1003962 0.2268612 -0.08362793 0.2140141 -0.08429592 0.2268612 -0.08429592 0.1700074 -0.09961819 0.1828544 -0.1003962 0.1700074 -0.09961819 0.1828544 -0.08429592 0.1700074 -0.08507388 0.1828544 -0.08507388 0.1139771 -0.09878337 0.1268242 -0.09961819 0.1139771 -0.09878337 0.1268242 -0.08507388 0.1139771 -0.08590871 0.1268242 0.08590871 -0.0497418 0.09794855 -0.06258887 0.09878337 -0.0497418 0.09794855 -0.06258887 0.08590871 -0.0497418 0.08674359 -0.06258887 0.08674359 0.01832103 0.09717059 0.005473971 0.09794855 0.01832103 0.09717059 0.005473971 0.08674359 0.01832103 0.08752149 0.005473971 0.08752149 0.08557313 0.09650254 0.07272607 0.09717059 0.08557313 0.09650254 0.07272607 0.08752149 0.08557313 0.08818954 0.07272607 0.08870214 0.1345843 0.09650254 0.1474313 0.08818954 0.1474313 0.09650254 0.1474313 0.08870214 0.1345843 0.09598994 0.1345843 0.08902436 0.186833 0.09598994 0.1996801 0.08870214 0.1996801 0.09598994 0.1996801 0.08902436 0.186833 0.09566771 0.186833 0.08913427 0.2259116 0.09566771 0.2387587 0.08902436 0.2387587 0.09566771 0.2387587 0.08913427 0.2259116 0.0955578 0.2259116 0.11921 0.04921257 0.1127865 0.1968504 0.1127865 0.04921257 0.1127865 0.1968504 0.11921 0.2460629 0.1127865 0.2460629 0.11921 0.2460629 0.1127865 0.1968504 0.11921 0.04921257 0.11921 0.2460629 0.11921 0.04921257 0.11921 0.1968504 0.09566771 0.05399072 0.08913427 0.06683778 0.08902436 0.05399072 0.08913427 0.06683778 0.09566771 0.05399072 0.0955578 0.06683778 0.09650254 0.07272607 0.08902436 0.08596599 0.08818954 0.07272607 0.08902436 0.08596599 0.09650254 0.07272607 0.09566771 0.08596599 0.09566771 0.08596599 0.08870214 0.09967356 0.08902436 0.08596599 0.08870214 0.09967356 0.09566771 0.08596599 0.09598994 0.09967356 0.09650254 0.1070262 0.08752149 0.09417921 0.09717059 0.09417921 0.08752149 0.09417921 0.09650254 0.1070262 0.08818954 0.1070262 0.09650254 0.1070262 0.08752149 0.09417921 0.09717059 0.09417921 0.08752149 0.09417921 0.09650254 0.1070262 0.08818954 0.1070262 0.1216007 0.08759129 0.1095609 0.07474422 0.1224356 0.07474422 0.1095609 0.07474422 0.1216007 0.08759129 0.1103958 0.08759129 -0.1224356 -0.07474422 -0.1087261 -0.06189715 -0.1232704 -0.06189715 -0.1087261 -0.06189715 -0.1224356 -0.07474422 -0.1095609 -0.07474422 -0.1232704 -0.0572412 -0.1079481 -0.04439413 -0.1240484 -0.04439413 -0.1079481 -0.04439413 -0.1232704 -0.0572412 -0.1087261 -0.0572412 -0.1240484 -0.03627508 -0.1072801 -0.02342802 -0.1247164 -0.02342802 -0.1072801 -0.02342802 -0.1240484 -0.03627508 -0.1079481 -0.03627508 -0.125229 -4.27537e-4 -0.1072801 -0.01327455 -0.1067675 -4.27537e-4 -0.1072801 -0.01327455 -0.125229 -4.27537e-4 -0.1247164 -0.01327455 -0.1255512 0.02303981 -0.1067675 0.01019275 -0.1064453 0.02303981 -0.1067675 0.01019275 -0.1255512 0.02303981 -0.125229 0.01019275 -0.1256611 0.04537481 -0.1064453 0.03252774 -0.1063354 0.04537481 -0.1064453 0.03252774 -0.1256611 0.04537481 -0.1255512 0.03252774 -0.1256611 0.2460629 -0.1063354 0.04921257 -0.1063354 0.2460629 -0.1063354 0.04921257 -0.1256611 0.2460629 -0.1256611 0.04921257 -0.1064453 0.2602217 -0.1256611 0.2473746 -0.1063354 0.2473746 -0.1256611 0.2473746 -0.1064453 0.2602217 -0.1255512 0.2602217 -0.1067675 0.2626063 -0.1255512 0.2497592 -0.1064453 0.2497592 -0.1255512 0.2497592 -0.1067675 0.2626063 -0.125229 0.2626063 -0.1063354 0.2473746 -0.125229 0.2346854 -0.1067675 0.2346854 -0.125229 0.2346854 -0.1063354 0.2473746 -0.1256611 0.2473746 -0.1072801 0.2031804 -0.1240484 0.2160274 -0.1247164 0.2031804 -0.1240484 0.2160274 -0.1072801 0.2031804 -0.1079481 0.2160274 -0.1079481 0.1573912 -0.1232704 0.1702383 -0.1240484 0.1573912 -0.1232704 0.1702383 -0.1079481 0.1573912 -0.1087261 0.1702383 -0.1087261 0.1004384 -0.1224356 0.1132854 -0.1232704 0.1004384 -0.1224356 0.1132854 -0.1087261 0.1004384 -0.1095609 0.1132854 0.1095609 -0.03620302 0.1216007 -0.04905009 0.1224356 -0.03620302 0.1216007 -0.04905009 0.1095609 -0.03620302 0.1103958 -0.04905009 0.1103958 0.03093719 0.1208228 0.01809012 0.1216007 0.03093719 0.1208228 0.01809012 0.1103958 0.03093719 0.1111737 0.01809012 0.1111737 0.09640687 0.1201547 0.08355981 0.1208228 0.09640687 0.1201547 0.08355981 0.1111737 0.09640687 0.1118417 0.08355981 0.1123543 0.1428973 0.1201547 0.1557443 0.1118417 0.1557443 0.1201547 0.1557443 0.1123543 0.1428973 0.1196421 0.1428973 0.1126766 0.1920588 0.1196421 0.2049059 0.1123543 0.2049059 0.1196421 0.2049059 0.1126766 0.1920588 0.1193199 0.1920588 0.1127865 0.227694 0.1193199 0.2405411 0.1126766 0.2405411 0.1193199 0.2405411 0.1127865 0.227694 0.11921 0.227694 -0.03752142 0.1968504 -0.04394489 0.04921257 -0.03752142 0.04921257 -0.04394489 0.04921257 -0.03752142 0.1968504 -0.04394489 0.1968504 -0.04394489 0.1968504 -0.03752142 0.1968504 -0.03752142 0.2460629 -0.04394489 0.1968504 -0.03752142 0.2460629 -0.04394489 0.2460629 0.1193199 0.0522083 0.1127865 0.06505537 0.1126766 0.0522083 0.1127865 0.06505537 0.1193199 0.0522083 0.11921 0.06505537 0.1196421 0.06789314 0.1126766 0.08074021 0.1123543 0.06789314 0.1126766 0.08074021 0.1196421 0.06789314 0.1193199 0.08074021 0.1201547 0.0785135 0.1123543 0.09136056 0.1118417 0.0785135 0.1123543 0.09136056 0.1201547 0.0785135 0.1196421 0.09136056 0.1208228 0.09640687 0.1118417 0.08355981 0.1201547 0.08355981 0.1118417 0.08355981 0.1208228 0.09640687 0.1111737 0.09640687 0.1208228 0.09490692 0.1103958 0.08205986 0.1216007 0.08205986 0.1103958 0.08205986 0.1208228 0.09490692 0.1111737 0.09490692 0.143686 0.0711075 0.1312284 0.05826044 0.144103 0.05826044 0.1312284 0.05826044 0.143686 0.0711075 0.1320632 0.0711075 0.1432975 0.07954651 0.1320632 0.06669944 0.143686 0.06669944 0.1320632 0.06669944 0.1432975 0.07954651 0.1328412 0.07954651 0.472441 0.06163859 0.1476378 0.04879152 0.472441 0.04879152 0.1476378 0.04879152 0.472441 0.06163859 0.1480547 0.06163859 -0.472441 -0.04879152 -0.1472208 -0.03594446 -0.472441 -0.03594446 -0.1472208 -0.03594446 -0.472441 -0.04879152 -0.1476378 -0.04879152 -0.1015768 -0.008740544 -0.08362793 -0.02158761 -0.08311527 -0.008740544 -0.08362793 -0.02158761 -0.1015768 -0.008740544 -0.1010642 -0.02158761 -0.101899 0.01781404 -0.08311527 0.004966974 -0.08279305 0.01781404 -0.08311527 0.004966974 -0.101899 0.01781404 -0.1015768 0.004966974 -0.1020089 0.04359239 -0.08279305 0.03074532 -0.08268314 0.04359239 -0.08279305 0.03074532 -0.1020089 0.04359239 -0.101899 0.03074532 -0.01781207 0.1345956 -0.01001167 0.1217485 -0.009499073 0.1345956 -0.01001167 0.1217485 -0.01781207 0.1345956 -0.01729947 0.1217485 -0.01848012 0.06884527 -0.009499073 0.0559982 -0.008831024 0.06884527 -0.009499073 0.0559982 -0.01848012 0.06884527 -0.01781207 0.0559982 -0.1020089 0.2460629 -0.08268314 0.04921257 -0.08268314 0.2460629 -0.08268314 0.04921257 -0.1020089 0.2460629 -0.1020089 0.04921257 -0.01033389 0.2360066 -0.01686733 0.2231595 -0.0104438 0.2231595 -0.01686733 0.2231595 -0.01033389 0.2360066 -0.01697725 0.2360066 -0.01001167 0.1916112 -0.01697725 0.1787641 -0.01033389 0.1787641 -0.01697725 0.1787641 -0.01001167 0.1916112 -0.01729947 0.1916112 0.02092772 0.1348818 0.007218241 0.1477289 0.006383419 0.1348818 0.007218241 0.1477289 0.02092772 0.1348818 0.0200929 0.1477289 0.02170568 0.1894874 0.006383419 0.2023345 0.005605459 0.1894874 0.006383419 0.2023345 0.02170568 0.1894874 0.02092772 0.2023345 0.02237373 0.230742 0.005605459 0.2435891 0.004937469 0.230742 0.005605459 0.2435891 0.02237373 0.230742 0.02170568 0.2435891 0.02288633 0.2558342 0.004937469 0.2686812 0.00442487 0.2558342 0.004937469 0.2686812 0.02288633 0.2558342 0.02237373 0.2686812 0.02288633 0.275901 0.004102587 0.2630539 0.02320855 0.2630539 0.004102587 0.2630539 0.02288633 0.275901 0.00442487 0.275901 0.02320855 0.2647563 0.003992676 0.2519092 0.02331846 0.2519092 0.003992676 0.2519092 0.02320855 0.2647563 0.004102587 0.2647563 0.02331846 0.2460629 0.003992676 0.04921257 0.02331846 0.04921257 0.003992676 0.04921257 0.02331846 0.2460629 0.003992676 0.2460629 0.02331846 0.04084026 0.004102587 0.0279932 0.02320855 0.0279932 0.004102587 0.0279932 0.02331846 0.04084026 0.003992676 0.04084026 0.02320855 0.009745121 0.00442487 -0.003101885 0.02288633 -0.003101885 0.00442487 -0.003101885 0.02320855 0.009745121 0.004102587 0.009745121 0.004937469 -0.03442335 0.02288633 -0.02157628 0.00442487 -0.02157628 0.02288633 -0.02157628 0.004937469 -0.03442335 0.02237373 -0.03442335 0.005605459 -0.06383669 0.02237373 -0.05098962 0.004937469 -0.05098962 0.02237373 -0.05098962 0.005605459 -0.06383669 0.02170568 -0.06383669 0.006383419 -0.0893374 0.02170568 -0.07649034 0.005605459 -0.07649034 0.02170568 -0.07649034 0.006383419 -0.0893374 0.02092772 -0.0893374 0.007218241 -0.1091877 0.02092772 -0.09634059 0.006383419 -0.09634059 0.02092772 -0.09634059 0.007218241 -0.1091877 0.0200929 -0.1091877 -0.008053123 0.1220347 -0.0200929 0.1091877 -0.007218241 0.1091877 -0.0200929 0.1091877 -0.008053123 0.1220347 -0.01925808 0.1220347 -0.03590863 0.1237096 -0.04633563 0.1108626 -0.03513067 0.1108626 -0.04633563 0.1108626 -0.03590863 0.1237096 -0.04555767 0.1237096 -0.03657662 0.120926 -0.04555767 0.1080789 -0.03590863 0.1080789 -0.04555767 0.1080789 -0.03657662 0.120926 -0.04488962 0.120926 -0.03708922 0.1103392 -0.04488962 0.09749209 -0.03657662 0.09749209 -0.04488962 0.09749209 -0.03708922 0.1103392 -0.04437702 0.1103392 -0.03741151 0.09267067 -0.04437702 0.07982361 -0.03708922 0.07982361 -0.04437702 0.07982361 -0.03741151 0.09267067 -0.0440548 0.09267067 -0.03752142 0.06912463 -0.0440548 0.05627757 -0.03741151 0.05627757 -0.0440548 0.05627757 -0.03752142 0.06912463 -0.04394489 0.06912463 -0.06390202 0.1968504 -0.07032549 0.04921257 -0.06390202 0.04921257 -0.07032549 0.04921257 -0.06390202 0.1968504 -0.07032549 0.1968504 -0.07032549 0.1968504 -0.06390202 0.1968504 -0.06390202 0.2460629 -0.07032549 0.1968504 -0.06390202 0.2460629 -0.07032549 0.2460629 -0.03741151 0.2364718 -0.04394489 0.2236248 -0.03752142 0.2236248 -0.04394489 0.2236248 -0.03741151 0.2364718 -0.0440548 0.2364718 -0.03708922 0.1929754 -0.0440548 0.1801283 -0.03741151 0.1801283 -0.0440548 0.1801283 -0.03708922 0.1929754 -0.04437702 0.1929754 -0.03657662 0.1367657 -0.04437702 0.1239187 -0.03708922 0.1239187 -0.04437702 0.1239187 -0.03657662 0.1367657 -0.04488962 0.1367657 -0.04555767 0.07167345 -0.03657662 0.05882638 -0.03590863 0.07167345 -0.03657662 0.05882638 -0.04555767 0.07167345 -0.04488962 0.05882638 -0.04633563 0.002134442 -0.03590863 -0.01071256 -0.03513067 0.002134442 -0.03590863 -0.01071256 -0.04633563 0.002134442 -0.04555767 -0.01071256 -0.04717046 -0.06711214 -0.03513067 -0.07995921 -0.03429585 -0.06711214 -0.03513067 -0.07995921 -0.04717046 -0.06711214 -0.04633563 -0.07995921 0.04800528 0.1313475 0.03429585 0.1441946 0.03346097 0.1313475 0.03429585 0.1441946 0.04800528 0.1313475 0.04717046 0.1441946 0.04878324 0.186194 0.03346097 0.199041 0.03268307 0.186194 0.03346097 0.199041 0.04878324 0.186194 0.04800528 0.199041 0.04945129 0.2279138 0.03268307 0.2407609 0.03201502 0.2279138 0.03268307 0.2407609 0.04945129 0.2279138 0.04878324 0.2407609 0.04945129 0.2665111 0.03150242 0.253664 0.04996389 0.253664 0.03150242 0.253664 0.04945129 0.2665111 0.03201502 0.2665111 0.04996389 0.2745367 0.0311802 0.2616897 0.05028611 0.2616897 0.0311802 0.2616897 0.04996389 0.2745367 0.03150242 0.2745367 0.05028611 0.2642909 0.03107029 0.2514439 0.05039602 0.2514439 0.03107029 0.2514439 0.05028611 0.2642909 0.0311802 0.2642909 0.05039602 0.2460629 0.03107029 0.04921257 0.05039602 0.04921257 0.03107029 0.04921257 0.05039602 0.2460629 0.03107029 0.2460629 0.05039602 0.04130554 0.0311802 0.02845847 0.05028611 0.02845847 0.0311802 0.02845847 0.05039602 0.04130554 0.03107029 0.04130554 0.05028611 0.01110935 0.03150242 -0.001737654 0.04996389 -0.001737654 0.03150242 -0.001737654 0.05028611 0.01110935 0.0311802 0.01110935 0.04996389 -0.01940613 0.03201502 -0.0322532 0.04945129 -0.0322532 0.03201502 -0.0322532 0.04996389 -0.01940613 0.03150242 -0.01940613 0.03268307 -0.06100851 0.04945129 -0.04816144 0.03201502 -0.04816144 0.04945129 -0.04816144 0.03268307 -0.06100851 0.04878324 -0.06100851 0.03346097 -0.08604395 0.04878324 -0.07319688 0.03268307 -0.07319688 0.04878324 -0.07319688 0.03346097 -0.08604395 0.04800528 -0.08604395 0.03429585 -0.1056534 0.04800528 -0.09280627 0.03346097 -0.09280627 0.04800528 -0.09280627 0.03429585 -0.1056534 0.04717046 -0.1056534 -0.03513067 0.1185004 -0.04717046 0.1056534 -0.03429585 0.1056534 -0.04717046 0.1056534 -0.03513067 0.1185004 -0.04633563 0.1185004 -0.06228923 0.117179 -0.07271623 0.104332 -0.06151127 0.104332 -0.07271623 0.104332 -0.06228923 0.117179 -0.07193827 0.117179 -0.06295728 0.115318 -0.07193827 0.1024709 -0.06228923 0.1024709 -0.07193827 0.1024709 -0.06295728 0.115318 -0.07127028 0.115318 -0.06346988 0.1060361 -0.07127028 0.093189 -0.06295728 0.093189 -0.07127028 0.093189 -0.06346988 0.1060361 -0.07075768 0.1060361 -0.0637921 0.08996564 -0.07075768 0.07711857 -0.06346988 0.07711857 -0.07075768 0.07711857 -0.0637921 0.08996564 -0.0704354 0.08996564 -0.06390202 0.06820195 -0.0704354 0.05535489 -0.0637921 0.05535489 -0.0704354 0.05535489 -0.06390202 0.06820195 -0.07032549 0.06820195 -0.08913427 0.1968504 -0.0955578 0.04921257 -0.08913427 0.04921257 -0.0955578 0.04921257 -0.08913427 0.1968504 -0.0955578 0.1968504 -0.0955578 0.1968504 -0.08913427 0.1968504 -0.08913427 0.2460629 -0.0955578 0.1968504 -0.08913427 0.2460629 -0.0955578 0.2460629 -0.0637921 0.2373945 -0.07032549 0.2245475 -0.06390202 0.2245475 -0.07032549 0.2245475 -0.0637921 0.2373945 -0.0704354 0.2373945 -0.0637921 0.1828334 -0.07075768 0.1956804 -0.0704354 0.1828334 -0.07075768 0.1956804 -0.0637921 0.1828334 -0.06346988 0.1956804 -0.06295728 0.1410688 -0.07075768 0.1282218 -0.06346988 0.1282218 -0.07075768 0.1282218 -0.06295728 0.1410688 -0.07127028 0.1410688 -0.07193827 0.07728141 -0.06295728 0.06443434 -0.06228923 0.07728141 -0.06295728 0.06443434 -0.07193827 0.07728141 -0.07127028 0.06443434 -0.07271623 0.008665084 -0.06228923 -0.004181921 -0.06151127 0.008665084 -0.06228923 -0.004181921 -0.07271623 0.008665084 -0.07193827 -0.004181921 -0.07355105 -0.06010395 -0.06151127 -0.07295101 -0.06067645 -0.06010395 -0.06151127 -0.07295101 -0.07355105 -0.06010395 -0.07271623 -0.07295101 0.07438594 0.1243393 0.06067645 0.1371864 0.05984163 0.1243393 0.06067645 0.1371864 0.07438594 0.1243393 0.07355105 0.1371864 0.07516384 0.1796633 0.05984163 0.1925104 0.05906367 0.1796633 0.05984163 0.1925104 0.07516384 0.1796633 0.07438594 0.1925104 0.07583189 0.2223059 0.05906367 0.235153 0.05839562 0.2223059 0.05906367 0.235153 0.07583189 0.2223059 0.07516384 0.235153 0.07583189 0.262208 0.05788302 0.2493609 0.07634449 0.2493609 0.05788302 0.2493609 0.07583189 0.262208 0.05839562 0.262208 0.07634449 0.2718317 0.0575608 0.2589846 0.07666671 0.2589846 0.0575608 0.2589846 0.07634449 0.2718317 0.05788302 0.2718317 0.07677662 0.2505213 0.0575608 0.2633683 0.05745089 0.2505213 0.0575608 0.2633683 0.07677662 0.2505213 0.07666671 0.2633683 0.07677662 0.2460629 0.05745089 0.04921257 0.07677662 0.04921257 0.05745089 0.04921257 0.07677662 0.2460629 0.05745089 0.2460629 0.07677662 0.04222822 0.0575608 0.02938115 0.07666671 0.02938115 0.0575608 0.02938115 0.07677662 0.04222822 0.05745089 0.04222822 0.07666671 0.01381438 0.05788302 9.67363e-4 0.07634449 9.67363e-4 0.05788302 9.67363e-4 0.07666671 0.01381438 0.0575608 0.01381438 0.07634449 -0.01510304 0.05839562 -0.0279501 0.07583189 -0.0279501 0.05839562 -0.0279501 0.07634449 -0.01510304 0.05788302 -0.01510304 0.05906367 -0.05540055 0.07583189 -0.04255348 0.05839562 -0.04255348 0.07583189 -0.04255348 0.05906367 -0.05540055 0.07516384 -0.05540055 0.05984163 -0.07951331 0.07516384 -0.06666624 0.05906367 -0.06666624 0.07516384 -0.06666624 0.05984163 -0.07951331 0.07438594 -0.07951331 0.06067645 -0.09864515 0.07438594 -0.08579808 0.05984163 -0.08579808 0.07438594 -0.08579808 0.06067645 -0.09864515 0.07355105 -0.09864515 -0.06151127 0.1114922 -0.07355105 0.09864515 -0.06067645 0.09864515 -0.07355105 0.09864515 -0.06151127 0.1114922 -0.07271623 0.1114922 -0.08752149 0.107523 -0.09794855 0.09467601 -0.08674359 0.09467601 -0.09794855 0.09467601 -0.08752149 0.107523 -0.09717059 0.107523 -0.08752149 0.107523 -0.09794855 0.09467601 -0.08674359 0.09467601 -0.09794855 0.09467601 -0.08752149 0.107523 -0.09717059 0.107523 -0.08870214 0.09967356 -0.09650254 0.0868265 -0.08818954 0.0868265 -0.09650254 0.0868265 -0.08870214 0.09967356 -0.09598994 0.09967356 -0.08818954 0.0868265 -0.09598994 0.07311892 -0.08870214 0.07311892 -0.09598994 0.07311892 -0.08818954 0.0868265 -0.09650254 0.0868265 -0.08913427 0.06683778 -0.09566771 0.05399072 -0.08902436 0.05399072 -0.09566771 0.05399072 -0.08913427 0.06683778 -0.0955578 0.06683778 -0.1127865 0.1968504 -0.11921 0.04921257 -0.1127865 0.04921257 -0.11921 0.04921257 -0.1127865 0.1968504 -0.11921 0.1968504 -0.11921 0.1968504 -0.1127865 0.1968504 -0.1127865 0.2460629 -0.11921 0.1968504 -0.1127865 0.2460629 -0.11921 0.2460629 -0.08902436 0.2387587 -0.0955578 0.2259116 -0.08913427 0.2259116 -0.0955578 0.2259116 -0.08902436 0.2387587 -0.09566771 0.2387587 -0.08870214 0.1996801 -0.09566771 0.186833 -0.08902436 0.186833 -0.09566771 0.186833 -0.08870214 0.1996801 -0.09598994 0.1996801 -0.08818954 0.1474313 -0.09598994 0.1345843 -0.08870214 0.1345843 -0.09598994 0.1345843 -0.08818954 0.1474313 -0.09650254 0.1474313 -0.09717059 0.08557313 -0.08870214 0.07311892 -0.08752149 0.08557313 -0.08870214 0.07311892 -0.09717059 0.08557313 -0.09598994 0.07311892 -0.09794855 0.01832103 -0.08752149 0.005473971 -0.08674359 0.01832103 -0.08752149 0.005473971 -0.09794855 0.01832103 -0.09717059 0.005473971 -0.09878337 -0.0497418 -0.08674359 -0.06258887 -0.08590871 -0.0497418 -0.08674359 -0.06258887 -0.09878337 -0.0497418 -0.09794855 -0.06258887 0.09961819 0.1139771 0.08590871 0.1268242 0.08507388 0.1139771 0.08590871 0.1268242 0.09961819 0.1139771 0.09878337 0.1268242 0.1003962 0.1700074 0.08507388 0.1828544 0.08429592 0.1700074 0.08507388 0.1828544 0.1003962 0.1700074 0.09961819 0.1828544 0.1010642 0.2140141 0.08429592 0.2268612 0.08362793 0.2140141 0.08429592 0.2268612 0.1010642 0.2140141 0.1003962 0.2268612 0.1010642 0.2558455 0.08311527 0.2429984 0.1015768 0.2429984 0.08311527 0.2429984 0.1010642 0.2558455 0.08362793 0.2558455 0.1015768 0.2678321 0.08362793 0.2558455 0.1010642 0.2558455 0.08362793 0.2558455 0.1015768 0.2678321 0.08311527 0.2678321 0.101899 0.2620041 0.08268314 0.249157 0.1020089 0.249157 0.08268314 0.249157 0.101899 0.2620041 0.08279305 0.2620041 0.1020089 0.2460629 0.08268314 0.04921257 0.1020089 0.04921257 0.08268314 0.04921257 0.1020089 0.2460629 0.08268314 0.2460629 0.1020089 0.04359239 0.08279305 0.03074532 0.101899 0.03074532 0.08279305 0.03074532 0.1020089 0.04359239 0.08268314 0.04359239 0.101899 0.01781404 0.08311527 0.004966974 0.1015768 0.004966974 0.08311527 0.004966974 0.101899 0.01781404 0.08279305 0.01781404 0.1015768 -0.008740544 0.08362793 -0.02158761 0.1010642 -0.02158761 0.08362793 -0.02158761 0.1015768 -0.008740544 0.08311527 -0.008740544 0.08429592 -0.04710876 0.1010642 -0.0342617 0.08362793 -0.0342617 0.1010642 -0.0342617 0.08429592 -0.04710876 0.1003962 -0.04710876 0.08507388 -0.06985735 0.1003962 -0.05701029 0.08429592 -0.05701029 0.1003962 -0.05701029 0.08507388 -0.06985735 0.09961819 -0.06985735 0.08590871 -0.088283 0.09961819 -0.07543593 0.08507388 -0.07543593 0.09961819 -0.07543593 0.08590871 -0.088283 0.09878337 -0.088283 -0.08674359 0.1011301 -0.09878337 0.088283 -0.08590871 0.088283 -0.09878337 0.088283 -0.08674359 0.1011301 -0.09794855 0.1011301 -0.1111737 0.09490692 -0.1216007 0.08205986 -0.1103958 0.08205986 -0.1216007 0.08205986 -0.1111737 0.09490692 -0.1208228 0.09490692 -0.1118417 0.09619253 -0.1208228 0.08334547 -0.1111737 0.08334547 -0.1208228 0.08334547 -0.1118417 0.09619253 -0.1201547 0.09619253 -0.1123543 0.09136056 -0.1201547 0.0785135 -0.1118417 0.0785135 -0.1201547 0.0785135 -0.1123543 0.09136056 -0.1196421 0.09136056 -0.1126766 0.08074021 -0.1196421 0.06789314 -0.1123543 0.06789314 -0.1196421 0.06789314 -0.1126766 0.08074021 -0.1193199 0.08074021 -0.1127865 0.06505537 -0.1193199 0.0522083 -0.1126766 0.0522083 -0.1193199 0.0522083 -0.1127865 0.06505537 -0.11921 0.06505537 -0.134454 0.04921257 -0.1424919 0.1968504 -0.1424919 0.04921257 -0.1424919 0.1968504 -0.134454 0.04921257 -0.134454 0.1968504 -0.1424919 0.1968504 -0.134454 0.1968504 -0.1424919 0.2460629 -0.1424919 0.2460629 -0.134454 0.1968504 -0.134454 0.2460629 -0.1126766 0.2405411 -0.11921 0.227694 -0.1127865 0.227694 -0.11921 0.227694 -0.1126766 0.2405411 -0.1193199 0.2405411 -0.1123543 0.2049059 -0.1193199 0.1920588 -0.1126766 0.1920588 -0.1193199 0.1920588 -0.1123543 0.2049059 -0.1196421 0.2049059 -0.1118417 0.1557443 -0.1196421 0.1428973 -0.1123543 0.1428973 -0.1196421 0.1428973 -0.1118417 0.1557443 -0.1201547 0.1557443 0.1240484 0.1573912 0.1087261 0.1702383 0.1079481 0.1573912 0.1087261 0.1702383 0.1240484 0.1573912 0.1232704 0.1702383 0.1232704 0.1004384 0.1095609 0.1132854 0.1087261 0.1004384 0.1095609 0.1132854 0.1232704 0.1004384 0.1224356 0.1132854 -0.1224356 -0.03620302 -0.1103958 -0.04905009 -0.1095609 -0.03620302 -0.1103958 -0.04905009 -0.1224356 -0.03620302 -0.1216007 -0.04905009 -0.1216007 0.03093719 -0.1111737 0.01809012 -0.1103958 0.03093719 -0.1111737 0.01809012 -0.1216007 0.03093719 -0.1208228 0.01809012 0.1247164 0.2031804 0.1079481 0.2160274 0.1072801 0.2031804 0.1079481 0.2160274 0.1247164 0.2031804 0.1240484 0.2160274 0.1247164 0.2475324 0.1067675 0.2346854 0.125229 0.2346854 0.1067675 0.2346854 0.1247164 0.2475324 0.1072801 0.2475324 0.125229 0.2626063 0.1064453 0.2497592 0.1255512 0.2497592 0.1064453 0.2497592 0.125229 0.2626063 0.1067675 0.2626063 0.1255512 0.2602217 0.1072801 0.2475324 0.1247164 0.2475324 0.1072801 0.2475324 0.1255512 0.2602217 0.1064453 0.2602217 0.1256611 0.2460629 0.1063354 0.04921257 0.1256611 0.04921257 0.1063354 0.04921257 0.1256611 0.2460629 0.1063354 0.2460629 -0.1103958 0.08759129 -0.1224356 0.07474422 -0.1095609 0.07474422 -0.1224356 0.07474422 -0.1103958 0.08759129 -0.1216007 0.08759129 -0.1328412 0.07954651 -0.143686 0.06669944 -0.1320632 0.06669944 -0.143686 0.06669944 -0.1328412 0.07954651 -0.1432975 0.07954651 0.1256611 0.04537481 0.1064453 0.03252774 0.1255512 0.03252774 0.1064453 0.03252774 0.1256611 0.04537481 0.1063354 0.04537481 0.1255512 0.02303981 0.1067675 0.01019275 0.125229 0.01019275 0.1067675 0.01019275 0.1255512 0.02303981 0.1064453 0.02303981 0.1079481 -0.03627508 0.1247164 -0.02342802 0.1072801 -0.02342802 0.1247164 -0.02342802 0.1079481 -0.03627508 0.1240484 -0.03627508 0.125229 -4.27537e-4 0.1072801 -0.01327455 0.1247164 -0.01327455 0.1072801 -0.01327455 0.125229 -4.27537e-4 0.1067675 -4.27537e-4 -0.1335092 0.0830022 -0.1432975 0.07015514 -0.1328412 0.07015514 -0.1432975 0.07015514 -0.1335092 0.0830022 -0.1429638 0.0830022 0.1095609 -0.07474422 0.1232704 -0.06189715 0.1087261 -0.06189715 0.1232704 -0.06189715 0.1095609 -0.07474422 0.1224356 -0.07474422 0.1087261 -0.0572412 0.1240484 -0.04439413 0.1079481 -0.04439413 0.1240484 -0.04439413 0.1087261 -0.0572412 0.1232704 -0.0572412 -0.7891988 -0.04631727 -0.7957322 -0.05916434 -0.7890889 -0.05916434 -0.7957322 -0.05916434 -0.7891988 -0.04631727 -0.7956223 -0.04631727 0.8816163 0.6301383 0.8662941 0.6429854 0.867072 0.6301383 0.8662941 0.6429854 0.8816163 0.6301383 0.8823943 0.6429854 0.8823943 0.5539911 0.865626 0.5668382 0.8662941 0.5539911 0.865626 0.5668382 0.8823943 0.5539911 0.8830623 0.5668382 -0.7890889 -0.2457879 -0.7960544 -0.2586349 -0.7887666 -0.2586349 -0.7960544 -0.2586349 -0.7890889 -0.2457879 -0.7957322 -0.2457879 -0.7960544 -0.4280707 -0.788254 -0.4409177 -0.7887666 -0.4280707 -0.788254 -0.4409177 -0.7960544 -0.4280707 -0.796567 -0.4409177 -0.7972351 -0.6934017 -0.786808 -0.7062488 -0.787586 -0.6934017 -0.786808 -0.7062488 -0.7972351 -0.6934017 -0.798013 -0.7062488 -0.796567 -0.5807434 -0.787586 -0.5935905 -0.788254 -0.5807434 -0.787586 -0.5935905 -0.796567 -0.5807434 -0.7972351 -0.5935905 0.8830623 0.4396526 0.8651134 0.4524996 0.865626 0.4396526 0.8651134 0.4524996 0.8830623 0.4396526 0.8835749 0.4524996 0.8807815 0.6629049 0.867072 0.6757519 0.8679069 0.6629049 0.867072 0.6757519 0.8807815 0.6629049 0.8816163 0.6757519 -0.8799467 -0.6500578 -0.8679069 -0.6629049 -0.8687417 -0.6500578 -0.8679069 -0.6629049 -0.8799467 -0.6500578 -0.8807815 -0.6629049 0.8838971 0.3077617 0.8651134 0.2949147 0.8835749 0.2949147 0.8651134 0.2949147 0.8838971 0.3077617 0.8647912 0.3077617 0.884007 0.1424882 0.8647912 0.1296411 0.8838971 0.1296411 0.8647912 0.1296411 0.884007 0.1424882 0.8646813 0.1424882 0.884007 0.2460629 0.8646813 0.04921257 0.884007 0.04921257 0.8646813 0.04921257 0.884007 0.2460629 0.8646813 0.2460629 0.8838971 0.1631083 0.8646813 0.1502612 0.884007 0.1502612 0.8646813 0.1502612 0.8838971 0.1631083 0.8647912 0.1631083 0.8835749 -0.02211558 0.8647912 -0.03496265 0.8838971 -0.03496265 0.8647912 -0.03496265 0.8835749 -0.02211558 0.8651134 -0.02211558 0.8651134 -0.2182418 0.8830623 -0.2053947 0.865626 -0.2053947 0.8830623 -0.2053947 0.8651134 -0.2182418 0.8835749 -0.2182418 -0.134454 0.2298642 -0.1425468 0.2427113 -0.1424919 0.2298642 -0.1425468 0.2427113 -0.134454 0.2298642 -0.1343441 0.2427113 -0.1343441 0.1984213 -0.1427078 0.2112684 -0.1425468 0.1984213 -0.1427078 0.2112684 -0.1343441 0.1984213 -0.1340218 0.2112684 -0.1340218 0.1530185 -0.1429638 0.1658656 -0.1427078 0.1530185 -0.1429638 0.1658656 -0.1340218 0.1530185 -0.1335092 0.1658656 -0.1432975 0.1095972 -0.1335092 0.09675014 -0.1328412 0.1095972 -0.1335092 0.09675014 -0.1432975 0.1095972 -0.1429638 0.09675014 -0.143686 0.0462976 -0.1328412 0.03345054 -0.1320632 0.0462976 -0.1328412 0.03345054 -0.143686 0.0462976 -0.1432975 0.03345054 -0.144103 -0.01971924 -0.1320632 -0.0325663 -0.1312284 -0.01971924 -0.1320632 -0.0325663 -0.144103 -0.01971924 -0.143686 -0.0325663 0.14452 0.08395457 0.1312284 0.09680163 0.1303935 0.08395457 0.1312284 0.09680163 0.14452 0.08395457 0.144103 0.09680163 0.1449086 0.1420308 0.1303935 0.1548779 0.1296156 0.1420308 0.1303935 0.1548779 0.1449086 0.1420308 0.14452 0.1548779 0.1452422 0.1899901 0.1296156 0.2028371 0.1289476 0.1899901 0.1296156 0.2028371 0.1452422 0.1899901 0.1449086 0.2028371 0.1452422 0.2374112 0.128435 0.2245641 0.1454982 0.2245641 0.128435 0.2245641 0.1452422 0.2374112 0.1289476 0.2374112 0.1454982 0.2562438 0.1281127 0.2433967 0.1456592 0.2433967 0.1281127 0.2433967 0.1454982 0.2562438 0.128435 0.2562438 0.1456592 0.2580516 0.1280028 0.2452045 0.1457141 0.2452045 0.1280028 0.2452045 0.1456592 0.2580516 0.1281127 0.2580516 0.1457141 0.2452045 0.1280028 0.04921257 0.1457141 0.04921257 0.1280028 0.04921257 0.1457141 0.2452045 0.1280028 0.2452045 0.1457141 0.04754495 0.1281127 0.03469789 0.1456592 0.03469789 0.1281127 0.03469789 0.1457141 0.04754495 0.1280028 0.04754495 0.1456592 0.02940231 0.128435 0.01655524 0.1454982 0.01655524 0.128435 0.01655524 0.1456592 0.02940231 0.1281127 0.02940231 0.1454982 0.009693682 0.1289476 -0.003153324 0.1452422 -0.003153324 0.1289476 -0.003153324 0.1454982 0.009693682 0.128435 0.009693682 0.1296156 -0.02308475 0.1452422 -0.01023769 0.1289476 -0.01023769 0.1452422 -0.01023769 0.1296156 -0.02308475 0.1449086 -0.02308475 0.1303935 -0.04188078 0.1449086 -0.02903372 0.1296156 -0.02903372 0.1449086 -0.02903372 0.1303935 -0.04188078 0.14452 -0.04188078 -0.1492488 0.1968504 -1.031854 0.04921257 -0.1492488 0.04921257 -1.031854 0.04921257 -0.1492488 0.1968504 -1.031854 0.1968504 -1.031854 0.1968504 -0.1492488 0.1968504 -0.1492488 0.2460629 -1.031854 0.1968504 -0.1492488 0.2460629 -1.031854 0.2460629 -0.134454 0.04921257 -0.1424919 0.06288522 -0.1424919 0.04921257 -0.1424919 0.06288522 -0.134454 0.04921257 -0.134454 0.06288522 -0.1340218 0.06153064 -0.1425468 0.07437771 -0.1427078 0.06153064 -0.1425468 0.07437771 -0.1340218 0.06153064 -0.1343441 0.07437771 -0.1335092 0.06839221 -0.1427078 0.08123928 -0.1429638 0.06839221 -0.1427078 0.08123928 -0.1335092 0.06839221 -0.1340218 0.08123928 1.035076 0.04879152 0.1460816 0.03594446 1.035021 0.03594446 0.1460816 0.03594446 1.035076 0.04879152 0.1457141 0.04921257 -0.8679069 0.7014461 -0.8799467 0.688599 -0.8687417 0.688599 -0.8799467 0.688599 -0.8679069 0.7014461 -0.8807815 0.7014461 0.1312284 -0.05826044 0.14452 -0.04541337 0.1303935 -0.04541337 0.14452 -0.04541337 0.1312284 -0.05826044 0.144103 -0.05826044 1.035076 0.2460629 0.1457141 0.04921257 1.035076 0.04879152 0.1457141 0.04921257 1.035076 0.2460629 0.1457141 0.2452045 1.035021 0.256805 0.1456592 0.2433967 1.035076 0.2439579 0.1456592 0.2433967 1.035021 0.256805 0.1454982 0.2562438 1.03486 0.2525889 0.1460816 0.2397419 1.035021 0.2397419 0.1460816 0.2397419 1.03486 0.2525889 0.1462426 0.2525889 1.034604 0.2315971 0.1462426 0.2187501 1.03486 0.2187501 0.1462426 0.2187501 1.034604 0.2315971 0.1464986 0.2315971 1.034604 0.1824131 0.1468322 0.1952601 0.1464986 0.1824131 0.1468322 0.1952601 1.034604 0.1824131 1.03427 0.1952601 1.03427 0.1332072 0.1472208 0.1460543 0.1468322 0.1332072 0.1472208 0.1460543 1.03427 0.1332072 1.033882 0.1460543 1.033882 0.07448571 0.1476378 0.08733278 0.1472208 0.07448571 0.1476378 0.08733278 1.033882 0.07448571 1.033465 0.08733278 -1.033465 -0.01025032 -0.1480547 -0.02309739 -0.1476378 -0.01025032 -0.1480547 -0.02309739 -1.033465 -0.01025032 -1.033048 -0.02309739 -1.033048 0.05512124 -0.1484433 0.04227417 -0.1480547 0.05512124 -0.1484433 0.04227417 -1.033048 0.05512124 -1.032659 0.04227417 -1.032659 0.1171742 -0.148777 0.1043272 -0.1484433 0.1171742 -0.148777 0.1043272 -1.032659 0.1171742 -1.032325 0.1043272 -0.148777 0.1716797 -1.032069 0.1588326 -0.149033 0.1588326 -1.032069 0.1588326 -0.148777 0.1716797 -1.032325 0.1716797 -0.149033 0.2149232 -1.031908 0.2020761 -0.149194 0.2020761 -1.031908 0.2020761 -0.149033 0.2149232 -1.032069 0.2149232 -0.149194 0.2439579 -1.031854 0.2311108 -0.1492488 0.2311108 -1.031854 0.2311108 -0.149194 0.2439579 -1.031908 0.2439579 -1.036082 0.1968504 -1.04412 0.04921257 -1.036082 0.04921257 -1.04412 0.04921257 -1.036082 0.1968504 -1.04412 0.1968504 -1.04412 0.1968504 -1.036082 0.1968504 -1.036082 0.2460629 -1.04412 0.1968504 -1.036082 0.2460629 -1.04412 0.2460629 -0.1492488 0.06163859 -1.031854 0.04921257 -0.1492488 0.04921257 -1.031854 0.04921257 -0.1492488 0.06163859 -1.031854 0.06163859 -0.149194 0.07072287 -1.032069 0.05787581 -0.149033 0.05787581 -1.032069 0.05787581 -0.149194 0.07072287 -1.031908 0.07072287 -0.149033 0.0754252 -1.031854 0.06163859 -0.1492488 0.06163859 -1.031854 0.06163859 -0.149033 0.0754252 -1.032069 0.0754252 -0.149033 0.0754252 -1.031854 0.06163859 -0.1492488 0.06163859 -1.031854 0.06163859 -0.149033 0.0754252 -1.032069 0.0754252 -0.149194 0.07072287 -1.032069 0.05787581 -0.149033 0.05787581 -1.032069 0.05787581 -0.149194 0.07072287 -1.031908 0.07072287 -0.1328412 0.07015514 -0.144103 0.05826044 -0.1312284 0.05826044 -0.144103 0.05826044 -0.1328412 0.07015514 -0.1432975 0.07015514 1.035021 0.03305715 0.1462426 0.02021008 1.03486 0.02021008 0.1462426 0.02021008 1.035021 0.03305715 0.1460816 0.03305715 1.03486 0.01550775 0.1464986 0.002660691 1.034604 0.002660691 0.1464986 0.002660691 1.03486 0.01550775 0.1462426 0.01550775 0.1468322 -0.01550775 1.034604 -0.002660691 0.1464986 -0.002660691 1.034604 -0.002660691 0.1468322 -0.01550775 1.03427 -0.01550775 0.1472208 -0.03305715 1.03427 -0.02021008 0.1468322 -0.02021008 1.03427 -0.02021008 0.1472208 -0.03305715 1.033882 -0.03305715 0.1476378 -0.04879152 1.033882 -0.03594446 0.1472208 -0.03594446 1.033882 -0.03594446 0.1476378 -0.04879152 1.033465 -0.04879152 -0.1480547 0.06163859 -1.033465 0.04879152 -0.1476378 0.04879152 -1.033465 0.04879152 -0.1480547 0.06163859 -1.033048 0.06163859 -1.045732 0.00817883 -1.034887 -0.004668176 -1.035276 0.00817883 -1.034887 -0.004668176 -1.045732 0.00817883 -1.04651 -0.004668176 -1.045064 0.02171742 -1.035276 0.00817883 -1.03561 0.02171742 -1.035276 0.00817883 -1.045064 0.02171742 -1.045732 0.00817883 -1.035866 0.03421378 -1.045064 0.02171742 -1.03561 0.02171742 -1.045064 0.02171742 -1.035866 0.03421378 -1.044552 0.03421378 -1.036027 0.04481625 -1.044552 0.03196918 -1.035866 0.03196918 -1.044552 0.03196918 -1.036027 0.04481625 -1.044229 0.04481625 -1.036082 0.05280238 -1.044229 0.03995531 -1.036027 0.03995531 -1.044229 0.03995531 -1.036082 0.05280238 -1.04412 0.05280238 -1.039198 0.1968504 -1.045621 0.04921257 -1.039198 0.04921257 -1.045621 0.04921257 -1.039198 0.1968504 -1.045621 0.1968504 -1.045621 0.1968504 -1.039198 0.1968504 -1.039198 0.2460629 -1.045621 0.1968504 -1.039198 0.2460629 -1.045621 0.2460629 -1.036027 0.2527942 -1.04412 0.239947 -1.036082 0.239947 -1.04412 0.239947 -1.036027 0.2527942 -1.044229 0.2527942 -1.036082 0.239947 -1.044229 0.2279828 -1.036027 0.2279828 -1.044229 0.2279828 -1.036082 0.239947 -1.04412 0.239947 -1.03561 0.2128911 -1.044552 0.200044 -1.035866 0.200044 -1.044552 0.200044 -1.03561 0.2128911 -1.045064 0.2128911 -1.035276 0.170882 -1.045064 0.1580349 -1.03561 0.1580349 -1.045064 0.1580349 -1.035276 0.170882 -1.045732 0.170882 -1.034887 0.1176652 -1.045732 0.1048182 -1.035276 0.1048182 -1.045732 0.1048182 -1.034887 0.1176652 -1.04651 0.1176652 -1.03447 0.05686759 -1.04651 0.04402053 -1.034887 0.04402053 -1.04651 0.04402053 -1.03447 0.05686759 -1.047345 0.05686759 1.034054 0.00736767 1.047345 0.02021473 1.03486 0.02021008 1.047345 0.02021473 1.034054 0.00736767 1.04818 0.00736767 1.033665 0.07066315 1.04818 0.08351022 1.034054 0.08351022 1.04818 0.08351022 1.033665 0.07066315 1.048958 0.07066315 1.033331 0.1287053 1.048958 0.1415523 1.033665 0.1415523 1.048958 0.1415523 1.033331 0.1287053 1.049626 0.1287053 1.050139 0.1775386 1.033331 0.1903857 1.033075 0.1775386 1.033331 0.1903857 1.050139 0.1775386 1.049626 0.1903857 1.050461 0.2138352 1.033075 0.2266823 1.032914 0.2138352 1.033075 0.2266823 1.050461 0.2138352 1.050139 0.2266823 1.050571 0.2351216 1.032914 0.2479687 1.032859 0.2351216 1.032914 0.2479687 1.050571 0.2351216 1.050461 0.2479687 1.050571 0.04921257 1.032859 0.2460629 1.032859 0.04921257 1.032859 0.2460629 1.050571 0.04921257 1.050571 0.2460629 1.050461 0.04478073 1.032859 0.05762779 1.032914 0.04478073 1.032859 0.05762779 1.050461 0.04478073 1.050571 0.05762779 1.050139 0.0461167 1.032914 0.05896377 1.033075 0.0461167 1.032914 0.05896377 1.050139 0.0461167 1.050461 0.05896377 1.050461 0.04478073 1.032859 0.05762779 1.032914 0.04478073 1.032859 0.05762779 1.050461 0.04478073 1.050571 0.05762779 1.048958 0.03819996 1.033331 0.05104702 1.033665 0.03819996 1.033331 0.05104702 1.048958 0.03819996 1.049626 0.05104702 1.04818 0.02948683 1.033665 0.0423339 1.034054 0.02948683 1.033665 0.0423339 1.04818 0.02948683 1.048958 0.0423339 1.047345 0.0183264 1.034054 0.03117346 1.03447 0.0183264 1.034054 0.03117346 1.047345 0.0183264 1.04818 0.03117346 -1.04651 -0.004668176 -1.03447 -0.0183264 -1.034887 -0.004668176 -1.03447 -0.0183264 -1.04651 -0.004668176 -1.047345 -0.0183264 -1.047234 -0.1179749 -1.036807 -0.130822 -1.037585 -0.1179749 -1.036807 -0.130822 -1.047234 -0.1179749 -1.048012 -0.130822 -1.046566 -0.08661317 -1.037585 -0.09946024 -1.038253 -0.08661317 -1.037585 -0.09946024 -1.046566 -0.08661317 -1.047234 -0.09946024 -1.038766 -0.04891121 -1.046566 -0.06175827 -1.038253 -0.06175827 -1.046566 -0.06175827 -1.038766 -0.04891121 -1.046053 -0.04891121 -1.039088 -0.007438242 -1.046053 -0.0202853 -1.038766 -0.0202853 -1.046053 -0.0202853 -1.039088 -0.007438242 -1.045731 -0.007438242 -1.039198 0.03497928 -1.045064 0.02171742 -1.039088 0.02213221 -1.045064 0.02171742 -1.039198 0.03497928 -1.045621 0.03497928 -1.022864 0.1968504 -1.029287 0.04921257 -1.022864 0.04921257 -1.029287 0.04921257 -1.022864 0.1968504 -1.029287 0.1968504 -1.029287 0.1968504 -1.022864 0.1968504 -1.022864 0.2460629 -1.029287 0.1968504 -1.022864 0.2460629 -1.029287 0.2460629 -1.039088 0.2706172 -1.045621 0.2577701 -1.039198 0.2577701 -1.045621 0.2577701 -1.039088 0.2706172 -1.045731 0.2706172 -1.038766 0.2930845 -1.045731 0.2802374 -1.039088 0.2802374 -1.045731 0.2802374 -1.038766 0.2930845 -1.046053 0.2930845 -1.038253 0.2960162 -1.046053 0.2831691 -1.038766 0.2831691 -1.046053 0.2831691 -1.038253 0.2960162 -1.046566 0.2960162 -1.037585 0.2792127 -1.046566 0.2663656 -1.038253 0.2663656 -1.046566 0.2663656 -1.037585 0.2792127 -1.047234 0.2792127 -1.036807 0.243819 -1.047234 0.2309719 -1.037585 0.2309719 -1.047234 0.2309719 -1.036807 0.243819 -1.048012 0.243819 -1.035972 0.1922473 -1.048012 0.1794002 -1.036807 0.1794002 -1.048012 0.1794002 -1.035972 0.1922473 -1.048847 0.1922473 1.035137 -0.128012 1.048847 -0.1151649 1.035972 -0.1151649 1.048847 -0.1151649 1.035137 -0.128012 1.049682 -0.128012 1.034359 -0.05549055 1.049682 -0.04264348 1.035137 -0.04264348 1.049682 -0.04264348 1.034359 -0.05549055 1.05046 -0.05549055 1.033691 0.02037459 1.05046 0.03322166 1.035021 0.03305715 1.05046 0.03322166 1.033691 0.02037459 1.051128 0.02037459 1.051128 0.1072607 1.033179 0.09441357 1.05164 0.09441357 1.033179 0.09441357 1.051128 0.1072607 1.033691 0.1072607 1.05164 0.1744278 1.032857 0.1615807 1.051962 0.1615807 1.032857 0.1615807 1.05164 0.1744278 1.033179 0.1744278 1.051962 0.2301456 1.032747 0.2172985 1.052072 0.2172985 1.032747 0.2172985 1.051962 0.2301456 1.032857 0.2301456 1.052072 0.2460629 1.032859 0.04921257 1.052072 0.04921257 1.032859 0.04921257 1.052072 0.2460629 1.032859 0.2460629 1.052072 0.07545089 1.032857 0.06260383 1.051962 0.06260383 1.032857 0.06260383 1.052072 0.07545089 1.032747 0.07545089 1.051962 0.1112183 1.033179 0.09837132 1.05164 0.09837132 1.033179 0.09837132 1.051962 0.1112183 1.032857 0.1112183 1.05164 0.1398442 1.033691 0.1269972 1.051128 0.1269972 1.033691 0.1269972 1.05164 0.1398442 1.033179 0.1398442 1.05046 0.1465306 1.033691 0.1593777 1.033882 0.1460543 1.033691 0.1593777 1.05046 0.1465306 1.051128 0.1593777 1.049682 0.1556406 1.034359 0.1684876 1.035137 0.1556406 1.034359 0.1684876 1.049682 0.1556406 1.05046 0.1684876 1.048847 0.1537061 1.035137 0.1665531 1.035972 0.1537061 1.035137 0.1665531 1.048847 0.1537061 1.049682 0.1665531 -1.048012 -0.140859 -1.035972 -0.1537061 -1.036807 -0.140859 -1.035972 -0.1537061 -1.048012 -0.140859 -1.048847 -0.1537061 -1.0309 -0.2432305 -1.020473 -0.2560775 -1.021251 -0.2432305 -1.020473 -0.2560775 -1.0309 -0.2432305 -1.031678 -0.2560775 -1.030232 -0.1941726 -1.021251 -0.2070196 -1.021919 -0.1941726 -1.021251 -0.2070196 -1.030232 -0.1941726 -1.0309 -0.2070196 -1.022431 -0.1314445 -1.030232 -0.1442915 -1.021919 -0.1442915 -1.030232 -0.1442915 -1.022431 -0.1314445 -1.029719 -0.1314445 -1.022754 -0.0593208 -1.029719 -0.07216787 -1.022431 -0.07216787 -1.029719 -0.07216787 -1.022754 -0.0593208 -1.029397 -0.0593208 -1.022864 0.01728314 -1.029397 0.004436075 -1.022754 0.004436075 -1.029397 0.004436075 -1.022864 0.01728314 -1.029287 0.01728314 -0.7956223 0.2460629 -0.7891988 0.1968504 -0.7891988 0.2460629 -0.7891988 0.1968504 -0.7956223 0.2460629 -0.7891988 0.04921257 -0.7891988 0.04921257 -0.7956223 0.2460629 -0.7956223 0.04921257 -0.7956223 0.04921257 -0.7956223 0.2460629 -0.7956223 0.1968504 -1.022754 0.2883134 -1.029287 0.2754663 -1.022864 0.2754663 -1.029287 0.2754663 -1.022754 0.2883134 -1.029397 0.2883134 -1.022431 0.344967 -1.029397 0.33212 -1.022754 0.33212 -1.029397 0.33212 -1.022431 0.344967 -1.029719 0.344967 -1.021919 0.3785494 -1.029719 0.3657023 -1.022431 0.3657023 -1.029719 0.3657023 -1.021919 0.3785494 -1.030232 0.3785494 -1.021251 0.3867721 -1.030232 0.373925 -1.021919 0.373925 -1.030232 0.373925 -1.021251 0.3867721 -1.0309 0.3867721 -1.020473 0.3690746 -1.0309 0.3562275 -1.021251 0.3562275 -1.0309 0.3562275 -1.020473 0.3690746 -1.031678 0.3690746 -1.019638 0.3266631 -1.031678 0.313816 -1.020473 0.313816 -1.031678 0.313816 -1.019638 0.3266631 -1.032513 0.3266631 1.018803 -0.2624278 1.032513 -0.2495807 1.019638 -0.2495807 1.032513 -0.2495807 1.018803 -0.2624278 1.033347 -0.2624278 1.018025 -0.1807461 1.033347 -0.1678991 1.018803 -0.1678991 1.033347 -0.1678991 1.018025 -0.1807461 1.034125 -0.1807461 1.017357 -0.08718472 1.034125 -0.07433766 1.018025 -0.07433766 1.034125 -0.07433766 1.017357 -0.08718472 1.034793 -0.08718472 1.034793 0.0247274 1.016845 0.01188033 1.035306 0.01188033 1.016845 0.01188033 1.034793 0.0247274 1.017357 0.0247274 -0.7001302 0.2460629 -0.6937068 0.1968504 -0.6937068 0.2460629 -0.6937068 0.1968504 -0.7001302 0.2460629 -0.6937068 0.04921257 -0.6937068 0.04921257 -0.7001302 0.2460629 -0.7001302 0.04921257 -0.7001302 0.04921257 -0.7001302 0.2460629 -0.7001302 0.1968504 -0.7957322 0.3519138 -0.7891988 0.3390668 -0.7890889 0.3519138 -0.7891988 0.3390668 -0.7957322 0.3519138 -0.7956223 0.3390668 -0.7960544 0.531434 -0.7890889 0.5185869 -0.7887666 0.531434 -0.7890889 0.5185869 -0.7960544 0.531434 -0.7957322 0.5185869 -0.788254 0.6751756 -0.7960544 0.6623286 -0.7887666 0.6623286 -0.7960544 0.6623286 -0.788254 0.6751756 -0.796567 0.6751756 -0.787586 0.7733429 -0.796567 0.7604958 -0.788254 0.7604958 -0.796567 0.7604958 -0.787586 0.7733429 -0.7972351 0.7733429 -0.786808 0.8192458 -0.7972351 0.8063988 -0.787586 0.8063988 -0.7972351 0.8063988 -0.786808 0.8192458 -0.798013 0.8192458 -0.7859732 0.8097563 -0.798013 0.7969093 -0.786808 0.7969093 -0.798013 0.7969093 -0.7859732 0.8097563 -0.7988479 0.8097563 0.7851384 -0.745521 0.7988479 -0.732674 0.7859732 -0.732674 0.7988479 -0.732674 0.7851384 -0.745521 0.7996827 -0.745521 0.7843604 -0.6309174 0.7996827 -0.6180703 0.7851384 -0.6180703 0.7996827 -0.6180703 0.7843604 -0.6309174 0.8004606 -0.6309174 0.7836924 -0.4737555 0.8004606 -0.4609085 0.7843604 -0.4609085 0.8004606 -0.4609085 0.7836924 -0.4737555 0.8011286 -0.4737555 0.7831798 -0.2847458 0.8011286 -0.2718988 0.7836924 -0.2718988 0.8011286 -0.2718988 0.7831798 -0.2847458 0.8016412 -0.2847458 0.8019635 -0.07676887 0.7831798 -0.0639218 0.7828575 -0.07676887 0.7831798 -0.0639218 0.8019635 -0.07676887 0.8016412 -0.0639218 0.8020734 0.136002 0.7828575 0.148849 0.7827476 0.136002 0.7828575 0.148849 0.8020734 0.136002 0.8019635 0.148849 0.8020734 0.04921257 0.7827476 0.2460629 0.7827476 0.04921257 0.7827476 0.2460629 0.8020734 0.04921257 0.8020734 0.2460629 0.7828575 0.1439004 0.8020734 0.1567475 0.7827476 0.1567475 0.8020734 0.1567475 0.7828575 0.1439004 0.8019635 0.1439004 0.7831798 0.3367209 0.8019635 0.349568 0.7828575 0.349568 0.8019635 0.349568 0.7831798 0.3367209 0.8016412 0.3367209 0.8011286 0.5061566 0.7831798 0.5190037 0.7836924 0.5061566 0.7831798 0.5190037 0.8011286 0.5061566 0.8016412 0.5190037 0.8004606 0.6406609 0.7836924 0.653508 0.7843604 0.6406609 0.7836924 0.653508 0.8004606 0.6406609 0.8011286 0.653508 0.7996827 0.7310674 0.7843604 0.7439145 0.7851384 0.7310674 0.7843604 0.7439145 0.7996827 0.7310674 0.8004606 0.7439145 0.7988479 0.7712152 0.7851384 0.7840622 0.7859732 0.7712152 0.7851384 0.7840622 0.7988479 0.7712152 0.7996827 0.7840622 -0.798013 -0.7583681 -0.7859732 -0.7712152 -0.786808 -0.7583681 -0.7859732 -0.7712152 -0.798013 -0.7583681 -0.7988479 -0.7712152 -0.701743 -0.7835869 -0.691316 -0.796434 -0.692094 -0.7835869 -0.691316 -0.796434 -0.701743 -0.7835869 -0.702521 -0.796434 -0.701075 -0.6581872 -0.692094 -0.6710343 -0.692762 -0.6581872 -0.692094 -0.6710343 -0.701075 -0.6581872 -0.701743 -0.6710343 -0.6932746 -0.4874954 -0.701075 -0.5003425 -0.692762 -0.5003425 -0.701075 -0.5003425 -0.6932746 -0.4874954 -0.7005624 -0.4874954 -0.6935968 -0.2831438 -0.7005624 -0.2959909 -0.6932746 -0.2959909 -0.7005624 -0.2959909 -0.6935968 -0.2831438 -0.7002401 -0.2831438 -0.6937068 -0.05905866 -0.7002401 -0.07190573 -0.6935968 -0.07190573 -0.7002401 -0.07190573 -0.6937068 -0.05905866 -0.7001302 -0.05905866 -0.2197397 0.2460629 -0.2117017 0.1968504 -0.2117017 0.2460629 -0.2117017 0.1968504 -0.2197397 0.2460629 -0.2197397 0.04921257 -0.2197397 0.04921257 -0.2197397 0.2460629 -0.2197397 0.1968504 -0.2197397 0.04921257 -0.2117017 0.04921257 -0.2117017 0.1968504 -0.7002401 0.3646552 -0.6937068 0.3518081 -0.6935968 0.3646552 -0.6937068 0.3518081 -0.7002401 0.3646552 -0.7001302 0.3518081 -0.7005624 0.56879 -0.6935968 0.5559429 -0.6932746 0.56879 -0.6935968 0.5559429 -0.7005624 0.56879 -0.7002401 0.5559429 -0.1201547 0.09619253 -0.1111737 0.08334547 -0.1118417 0.09619253 -0.1111737 0.08334547 -0.1201547 0.09619253 -0.1208228 0.08334547 -0.2197946 0.396546 -0.2117017 0.3836989 -0.2115918 0.396546 -0.2117017 0.3836989 -0.2197946 0.396546 -0.2197397 0.3836989 -0.2199556 0.662289 -0.2115918 0.6494419 -0.2112696 0.662289 -0.2115918 0.6494419 -0.2199556 0.662289 -0.2197946 0.6494419 -0.2202116 0.8833358 -0.2112696 0.8704887 -0.210757 0.8833358 -0.2112696 0.8704887 -0.2202116 0.8833358 -0.2199556 0.8704887 -0.2100889 1.044622 -0.2202116 1.031775 -0.210757 1.031775 -0.2202116 1.031775 -0.2100889 1.044622 -0.2205452 1.044622 -0.209311 1.135158 -0.2205452 1.12231 -0.2100889 1.12231 -0.2205452 1.12231 -0.209311 1.135158 -0.2209338 1.135158 -0.2084761 1.148771 -0.2209338 1.135158 -0.209311 1.135158 -0.2209338 1.135158 -0.2084761 1.148771 -0.2213508 1.148771 0.2076413 -1.084536 0.2213508 -1.071689 0.2084761 -1.071689 0.2213508 -1.071689 0.2076413 -1.084536 0.2217678 -1.084536 0.2068634 -0.9468291 0.2217678 -0.9339821 0.2076413 -0.9339821 0.2217678 -0.9339821 0.2068634 -0.9468291 0.2221563 -0.9468291 0.2061954 -0.7450351 0.2221563 -0.7321881 0.2068634 -0.7321881 0.2221563 -0.7321881 0.2061954 -0.7450351 0.22249 -0.7450351 0.222746 -0.492906 0.2061954 -0.4800589 0.2056828 -0.492906 0.2061954 -0.4800589 0.222746 -0.492906 0.22249 -0.4800589 0.222907 -0.2076238 0.2056828 -0.1947767 0.2053605 -0.2076238 0.2056828 -0.1947767 0.222907 -0.2076238 0.222746 -0.1947767 0.2229619 0.09136974 0.2053605 0.1042168 0.2052506 0.09136974 0.2053605 0.1042168 0.2229619 0.09136974 0.222907 0.1042168 0.2229619 0.04921257 0.2052506 0.2460629 0.2052506 0.04921257 0.2052506 0.2460629 0.2229619 0.04921257 0.2229619 0.2460629 0.2053605 0.1885326 0.2229619 0.2013797 0.2052506 0.2013797 0.2229619 0.2013797 0.2053605 0.1885326 0.222907 0.1885326 0.2056828 0.4675759 0.222907 0.4804229 0.2053605 0.4804229 0.222907 0.4804229 0.2056828 0.4675759 0.222746 0.4675759 0.2061954 0.7143168 0.222746 0.7271639 0.2056828 0.7271639 0.222746 0.7271639 0.2061954 0.7143168 0.22249 0.7143168 0.2221563 0.9119405 0.2061954 0.9247875 0.2068634 0.9119405 0.2061954 0.9247875 0.2221563 0.9119405 0.22249 0.9247875 0.2217678 1.046979 0.2068634 1.059826 0.2076413 1.046979 0.2068634 1.059826 0.2217678 1.046979 0.2221563 1.059826 0.2213508 1.11023 0.2076413 1.123077 0.2084761 1.11023 0.2076413 1.123077 0.2213508 1.11023 0.2217678 1.123077 -0.2209338 -1.097383 -0.2084761 -1.11023 -0.209311 -1.097383 -0.2084761 -1.11023 -0.2209338 -1.097383 -0.2213508 -1.11023 -0.2460629 -1.020473 -0.1480547 -1.03332 -0.1484433 -1.020473 -0.1480547 -1.03332 -0.2460629 -1.020473 -0.2460629 -1.03332 -0.2460629 -0.8744533 -0.148777 -0.8616062 -0.2460629 -0.8616062 -0.148777 -0.8616062 -0.2460629 -0.8744533 -0.1484433 -0.8744533 -0.149033 -0.6435843 -0.2460629 -0.6564314 -0.148777 -0.6564314 -0.2460629 -0.6564314 -0.149033 -0.6435843 -0.2460629 -0.6435843 -0.149194 -0.3812654 -0.2460629 -0.3941125 -0.149033 -0.3941125 -0.2460629 -0.3941125 -0.149194 -0.3812654 -0.2460629 -0.3812654 -0.1492488 -0.09252613 -0.2460629 -0.1053732 -0.149194 -0.1053732 -0.2460629 -0.1053732 -0.1492488 -0.09252613 -0.2460629 -0.09252613 -0.3496317 0.2460629 -0.3432081 0.1968504 -0.3432081 0.2460629 -0.3432081 0.1968504 -0.3496317 0.2460629 -0.3432081 0.04921257 -0.3432081 0.04921257 -0.3496317 0.2460629 -0.3496317 0.04921257 -0.3496317 0.04921257 -0.3496317 0.2460629 -0.3496317 0.1968504 -0.2460629 0.3981227 -0.1492488 0.3852756 -0.149194 0.3981227 -0.1492488 0.3852756 -0.2460629 0.3981227 -0.2460629 0.3852756 -0.2460629 0.6669116 -0.149194 0.6540645 -0.149033 0.6669116 -0.149194 0.6540645 -0.2460629 0.6669116 -0.2460629 0.6540645 -0.2460629 0.8906893 -0.149033 0.8778422 -0.148777 0.8906893 -0.149033 0.8778422 -0.2460629 0.8906893 -0.2460629 0.8778422 -0.1484433 1.054206 -0.2460629 1.041359 -0.148777 1.041359 -0.2460629 1.041359 -0.1484433 1.054206 -0.2460629 1.054206 -0.1484433 1.133471 -0.2460629 1.146318 -0.2460629 1.133471 -0.2460629 1.146318 -0.1484433 1.133471 -0.1480547 1.146318 -0.1476378 1.160748 -0.2460629 1.1479 -0.1480547 1.1479 -0.2460629 1.1479 -0.1476378 1.160748 -0.2460629 1.160748 0.1472208 -1.096512 0.2460629 -1.083665 0.1476378 -1.083665 0.2460629 -1.083665 0.1472208 -1.096512 0.2460629 -1.096512 0.1472208 -0.945142 0.2460629 -0.9579891 0.2460629 -0.945142 0.2460629 -0.9579891 0.1472208 -0.945142 0.1468322 -0.9579891 0.1468322 -0.7417713 0.2460629 -0.7546184 0.2460629 -0.7417713 0.2460629 -0.7546184 0.1468322 -0.7417713 0.1464986 -0.7546184 0.2460629 -0.5002595 0.1464986 -0.4874124 0.1462426 -0.5002595 0.1464986 -0.4874124 0.2460629 -0.5002595 0.2460629 -0.4874124 0.2460629 -0.2122464 0.1462426 -0.1993994 0.1460816 -0.2122464 0.1462426 -0.1993994 0.2460629 -0.2122464 0.2460629 -0.1993994 0.2460629 0.08979308 0.1460816 0.1026402 0.1460267 0.08979308 0.1460816 0.1026402 0.2460629 0.08979308 0.2460629 0.1026402 0.2460629 0.04921257 0.1457141 0.2452045 0.1457141 0.04921257 0.1457141 0.2452045 0.2460629 0.04921257 0.2460629 0.2460629 0.1452422 0.1899901 0.2460629 0.2029563 0.1460267 0.2029563 0.2460629 0.2029563 0.1452422 0.1899901 0.2460629 0.1901093 0.1462426 0.4721984 0.2460629 0.4850455 0.1460816 0.4850455 0.2460629 0.4850455 0.1462426 0.4721984 0.2460629 0.4721984 0.1464986 0.7216703 0.2460629 0.7345173 0.1462426 0.7345173 0.2460629 0.7345173 0.1464986 0.7216703 0.2460629 0.7216703 0.2460629 0.9343708 0.1468322 0.9215238 0.2460629 0.9215238 0.1468322 0.9215238 0.2460629 0.9343708 0.1464986 0.9343708 0.2460629 1.058139 0.1468322 1.070986 0.1472208 1.058139 0.1468322 1.070986 0.2460629 1.058139 0.2460629 1.070986 0.2460629 1.135053 0.1476378 1.122206 0.2460629 1.122206 0.1476378 1.122206 0.2460629 1.135053 0.1472208 1.135053 -0.2460629 -1.122206 -0.1480547 -1.109359 -0.2460629 -1.109359 -0.1480547 -1.109359 -0.2460629 -1.122206 -0.1476378 -1.122206 -1.119153 0.001676857 -1.144627 0.001676857 -1.13189 0 -1.144627 0.001676857 -1.119153 0.001676857 -1.107283 0.006593227 -1.144627 0.001676857 -1.107283 0.006593227 -1.156496 0.006593227 -1.156496 0.006593227 -1.107283 0.006593227 -1.097091 0.01441401 -1.156496 0.006593227 -1.097091 0.01441401 -1.166688 0.01441401 -1.166688 0.01441401 -1.097091 0.01441401 -1.08927 0.02460628 -1.166688 0.01441401 -1.08927 0.02460628 -1.174509 0.02460628 -1.174509 0.02460628 -1.08927 0.02460628 -1.084354 0.03647541 -1.174509 0.02460628 -1.084354 0.03647541 -1.179425 0.03647541 -1.179425 0.03647541 -1.084354 0.03647541 -1.082677 0.04921257 -1.179425 0.03647541 -1.082677 0.04921257 -1.181102 0.04921257 -1.181102 0.04921257 -1.082677 0.04921257 -1.082677 0.1968504 -1.181102 0.04921257 -1.082677 0.1968504 -1.181102 0.2460629 -1.181102 0.2460629 -1.082677 0.1968504 -1.082677 0.2460629 -1.181102 0.2460629 -1.082677 0.2460629 -1.084354 0.2588002 -1.181102 0.2460629 -1.084354 0.2588002 -1.179425 0.2588002 -1.179425 0.2588002 -1.084354 0.2588002 -1.174509 0.2706693 -1.174509 0.2706693 -1.084354 0.2588002 -1.08927 0.2706693 -1.174509 0.2706693 -1.08927 0.2706693 -1.097091 0.2808616 -1.174509 0.2706693 -1.097091 0.2808616 -1.166688 0.2808616 -1.166688 0.2808616 -1.097091 0.2808616 -1.156496 0.2886824 -1.156496 0.2886824 -1.097091 0.2808616 -1.107283 0.2886824 -1.156496 0.2886824 -1.107283 0.2886824 -1.119153 0.2935987 -1.156496 0.2886824 -1.119153 0.2935987 -1.144627 0.2935987 -1.144627 0.2935987 -1.119153 0.2935987 -1.13189 0.2952756 0.04394489 0.04921257 0.03752142 0.1968504 0.03752142 0.04921257 0.03752142 0.1968504 0.04394489 0.04921257 0.03752142 0.2460629 0.03752142 0.2460629 0.04394489 0.04921257 0.04394489 0.2460629 0.04394489 0.2460629 0.04394489 0.04921257 0.04394489 0.1968504 -0.2460629 0.2460629 -0.1492488 0.1968504 -0.1492488 0.2460629 -0.1492488 0.1968504 -0.2460629 0.04921257 -0.1492488 0.04921257 -0.2460629 0.04921257 -0.1492488 0.1968504 -0.2460629 0.2460629 -0.2460629 0.04921257 -0.2460629 0.2460629 -0.2460629 0.1968504 -0.2117017 -0.09094947 -0.2197946 -0.1037965 -0.2115918 -0.1037965 -0.2197946 -0.1037965 -0.2117017 -0.09094947 -0.2197397 -0.09094947 -0.2115918 -0.3766428 -0.2199556 -0.3894899 -0.2112696 -0.3894899 -0.2199556 -0.3894899 -0.2115918 -0.3766428 -0.2197946 -0.3766428 -0.2112696 -0.6362308 -0.2202116 -0.6490779 -0.210757 -0.6490779 -0.2202116 -0.6490779 -0.2112696 -0.6362308 -0.2199556 -0.6362308 -0.2202116 -0.852023 -0.2100889 -0.8648701 -0.210757 -0.852023 -0.2100889 -0.8648701 -0.2202116 -0.852023 -0.2205452 -0.8648701 -0.2205452 -1.009313 -0.209311 -1.022161 -0.2100889 -1.009313 -0.209311 -1.022161 -0.2205452 -1.009313 -0.2209338 -1.022161 -0.3520224 -1.060906 -0.3399826 -1.073753 -0.3408174 -1.060906 -0.3399826 -1.073753 -0.3520224 -1.060906 -0.3528572 -1.073753 0.3528572 1.073753 0.3391478 1.0866 0.3399826 1.073753 0.3391478 1.0866 0.3528572 1.073753 0.3536921 1.0866 0.3536921 1.012988 0.3383698 1.025835 0.3391478 1.012988 0.3383698 1.025835 0.3536921 1.012988 0.35447 1.025835 0.35447 0.8827517 0.3377017 0.8955987 0.3383698 0.8827517 0.3377017 0.8955987 0.35447 0.8827517 0.355138 0.8955987 0.3377017 0.6919194 0.3556506 0.7047665 0.3371891 0.7047665 0.3556506 0.7047665 0.3377017 0.6919194 0.355138 0.6919194 0.3371891 0.4534962 0.3559729 0.4663433 0.3368669 0.4663433 0.3559729 0.4663433 0.3371891 0.4534962 0.3556506 0.4534962 0.3368669 0.1837303 0.3560828 0.1965774 0.336757 0.1965774 0.3560828 0.1965774 0.3368669 0.1837303 0.3559729 0.1837303 0.3560828 0.04921257 0.336757 0.2460629 0.336757 0.04921257 0.336757 0.2460629 0.3560828 0.04921257 0.3560828 0.2460629 0.3560828 0.09617203 0.3368669 0.1090191 0.336757 0.09617203 0.3368669 0.1090191 0.3560828 0.09617203 0.3559729 0.1090191 0.3559729 -0.1935442 0.3371891 -0.1806972 0.3368669 -0.1935442 0.3371891 -0.1806972 0.3559729 -0.1935442 0.3556506 -0.1806972 0.3556506 -0.4705086 0.3377017 -0.4576615 0.3371891 -0.4705086 0.3377017 -0.4576615 0.3556506 -0.4705086 0.355138 -0.4576615 0.3377017 -0.7158463 0.35447 -0.7029992 0.3383698 -0.7029992 0.35447 -0.7029992 0.3377017 -0.7158463 0.355138 -0.7158463 0.3383698 -0.9128381 0.3536921 -0.899991 0.3391478 -0.899991 0.3536921 -0.899991 0.3383698 -0.9128381 0.35447 -0.9128381 0.3391478 -1.048059 0.3528572 -1.035212 0.3399826 -1.035212 0.3528572 -1.035212 0.3391478 -1.048059 0.3536921 -1.048059 -0.3399826 1.112294 -0.3520224 1.099447 -0.3408174 1.099447 -0.3520224 1.099447 -0.3399826 1.112294 -0.3528572 1.112294 -0.3408174 1.101166 -0.3512445 1.088319 -0.3415954 1.088319 -0.3512445 1.088319 -0.3408174 1.101166 -0.3520224 1.101166 -0.3415954 1.015434 -0.3505764 1.002586 -0.3422634 1.002586 -0.3505764 1.002586 -0.3415954 1.015434 -0.3512445 1.015434 -0.3505764 0.8609384 -0.342776 0.8480913 -0.3422634 0.8609384 -0.342776 0.8480913 -0.3505764 0.8609384 -0.3500638 0.8480913 -0.3500638 0.6482094 -0.3430982 0.6353623 -0.342776 0.6482094 -0.3430982 0.6353623 -0.3500638 0.6482094 -0.3497416 0.6353623 -0.3497416 0.3917437 -0.3432081 0.3788967 -0.3430982 0.3917437 -0.3432081 0.3788967 -0.3497416 0.3917437 -0.3496317 0.3788967 -0.4752107 0.2460629 -0.4687872 0.1968504 -0.4687872 0.2460629 -0.4687872 0.1968504 -0.4752107 0.2460629 -0.4687872 0.04921257 -0.4687872 0.04921257 -0.4752107 0.2460629 -0.4752107 0.04921257 -0.4752107 0.04921257 -0.4752107 0.2460629 -0.4752107 0.1968504 -0.3432081 -0.08614718 -0.3497416 -0.09899425 -0.3430982 -0.09899425 -0.3497416 -0.09899425 -0.3432081 -0.08614718 -0.3496317 -0.08614718 -0.3430982 -0.3625632 -0.3500638 -0.3754103 -0.342776 -0.3754103 -0.3500638 -0.3754103 -0.3430982 -0.3625632 -0.3497416 -0.3625632 -0.342776 -0.6138334 -0.3505764 -0.6266805 -0.3422634 -0.6266805 -0.3505764 -0.6266805 -0.342776 -0.6138334 -0.3500638 -0.6138334 -0.3505764 -0.8228341 -0.3415954 -0.8356812 -0.3422634 -0.8228341 -0.3415954 -0.8356812 -0.3505764 -0.8228341 -0.3512445 -0.8356812 -0.3512445 -0.9753223 -0.3408174 -0.9881694 -0.3415954 -0.9753223 -0.3408174 -0.9881694 -0.3512445 -0.9753223 -0.3520224 -0.9881694 -0.4776014 -1.007723 -0.4655616 -1.02057 -0.4663965 -1.007723 -0.4655616 -1.02057 -0.4776014 -1.007723 -0.4784363 -1.02057 0.4784363 1.02057 0.4647268 1.033417 0.4655616 1.02057 0.4647268 1.033417 0.4784363 1.02057 0.4792711 1.033417 0.4792711 0.9634293 0.4639489 0.9762763 0.4647268 0.9634293 0.4639489 0.9762763 0.4792711 0.9634293 0.4800491 0.9762763 0.4800491 0.8401945 0.4632808 0.8530416 0.4639489 0.8401945 0.4632808 0.8530416 0.4800491 0.8401945 0.4807171 0.8530416 0.4632808 0.6592642 0.4812297 0.6721113 0.4627682 0.6721113 0.4812297 0.6721113 0.4632808 0.6592642 0.4807171 0.6592642 0.4627682 0.4329683 0.481552 0.4458154 0.462446 0.4458154 0.481552 0.4458154 0.4627682 0.4329683 0.4812297 0.4329683 0.462446 0.1767286 0.4816619 0.1895757 0.4623361 0.1895757 0.4816619 0.1895757 0.462446 0.1767286 0.481552 0.1767286 0.4816619 0.04921257 0.4623361 0.2460629 0.4623361 0.04921257 0.4623361 0.2460629 0.4816619 0.04921257 0.4816619 0.2460629 0.4816619 0.1031737 0.462446 0.1160208 0.4623361 0.1031737 0.462446 0.1160208 0.4816619 0.1031737 0.481552 0.1160208 0.481552 -0.1730163 0.4627682 -0.1601693 0.462446 -0.1730163 0.4627682 -0.1601693 0.481552 -0.1730163 0.4812297 -0.1601693 0.4812297 -0.4378534 0.4632808 -0.4250063 0.4627682 -0.4378534 0.4632808 -0.4250063 0.4812297 -0.4378534 0.4807171 -0.4250063 0.4632808 -0.6732892 0.4800491 -0.6604422 0.4639489 -0.6604422 0.4800491 -0.6604422 0.4632808 -0.6732892 0.4807171 -0.6732892 0.4639489 -0.8632793 0.4792711 -0.8504322 0.4647268 -0.8504322 0.4792711 -0.8504322 0.4639489 -0.8632793 0.4800491 -0.8632793 0.4647268 -0.994876 0.4784363 -0.9820289 0.4655616 -0.9820289 0.4784363 -0.9820289 0.4647268 -0.994876 0.4792711 -0.994876 -0.4655616 1.059111 -0.4776014 1.046264 -0.4663965 1.046264 -0.4776014 1.046264 -0.4655616 1.059111 -0.4784363 1.059111 -0.4663965 1.051608 -0.4768235 1.038761 -0.4671744 1.038761 -0.4768235 1.038761 -0.4663965 1.051608 -0.4776014 1.051608 -0.4671744 0.9728766 -0.4761555 0.9600295 -0.4678425 0.9600295 -0.4761555 0.9600295 -0.4671744 0.9728766 -0.4768235 0.9728766 -0.4761555 0.8282832 -0.4683551 0.8154361 -0.4678425 0.8282832 -0.4683551 0.8154361 -0.4761555 0.8282832 -0.4756429 0.8154361 -0.4756429 0.6276814 -0.4686773 0.6148344 -0.4683551 0.6276814 -0.4686773 0.6148344 -0.4756429 0.6276814 -0.4753206 0.6148344 -0.4753206 0.384742 -0.4687872 0.371895 -0.4686773 0.384742 -0.4687872 0.371895 -0.4753206 0.384742 -0.4752107 0.371895 -0.5927138 0.2460629 -0.5862902 0.1968504 -0.5862902 0.2460629 -0.5862902 0.1968504 -0.5927138 0.2460629 -0.5862902 0.04921257 -0.5862902 0.04921257 -0.5927138 0.2460629 -0.5927138 0.04921257 -0.5927138 0.04921257 -0.5927138 0.2460629 -0.5927138 0.1968504 -0.4687872 -0.07914549 -0.4753206 -0.09199255 -0.4686773 -0.09199255 -0.4753206 -0.09199255 -0.4687872 -0.07914549 -0.4752107 -0.07914549 -0.4686773 -0.3420353 -0.4756429 -0.3548824 -0.4683551 -0.3548824 -0.4756429 -0.3548824 -0.4686773 -0.3420353 -0.4753206 -0.3420353 -0.4683551 -0.5811783 -0.4761555 -0.5940253 -0.4678425 -0.5940253 -0.4761555 -0.5940253 -0.4683551 -0.5811783 -0.4756429 -0.5811783 -0.4761555 -0.7802771 -0.4671744 -0.7931241 -0.4678425 -0.7802771 -0.4671744 -0.7931241 -0.4761555 -0.7802771 -0.4768235 -0.7931241 -0.4768235 -0.9257636 -0.4663965 -0.9386107 -0.4671744 -0.9257636 -0.4663965 -0.9386107 -0.4768235 -0.9257636 -0.4776014 -0.9386107 -0.5951045 -0.9387438 -0.5830647 -0.9515909 -0.5838995 -0.9387438 -0.5830647 -0.9515909 -0.5951045 -0.9387438 -0.5959393 -0.9515909 0.5959393 0.9515909 0.5822299 0.964438 0.5830647 0.9515909 0.5822299 0.964438 0.5959393 0.9515909 0.5967742 0.964438 0.5967742 0.8991509 0.5814519 0.9119979 0.5822299 0.8991509 0.5814519 0.9119979 0.5967742 0.8991509 0.5975521 0.9119979 0.5975521 0.7849974 0.5807839 0.7978445 0.5814519 0.7849974 0.5807839 0.7978445 0.5975521 0.7849974 0.5982201 0.7978445 0.5807839 0.61691 0.5987328 0.6297571 0.5802713 0.6297571 0.5987328 0.6297571 0.5807839 0.61691 0.5982201 0.61691 0.5802713 0.4063434 0.599055 0.4191904 0.579949 0.4191904 0.599055 0.4191904 0.5802713 0.4063434 0.5987328 0.4063434 0.579949 0.1676473 0.5991649 0.1804944 0.5798391 0.1804944 0.5991649 0.1804944 0.579949 0.1676473 0.599055 0.1676473 0.5991649 0.04921257 0.5798391 0.2460629 0.5798391 0.04921257 0.5798391 0.2460629 0.5991649 0.04921257 0.5991649 0.2460629 0.5991649 0.112255 0.579949 0.1251021 0.5798391 0.112255 0.579949 0.1251021 0.5991649 0.112255 0.599055 0.1251021 0.599055 -0.1463913 0.5802713 -0.1335443 0.579949 -0.1463913 0.5802713 -0.1335443 0.599055 -0.1463913 0.5987328 -0.1335443 0.5987328 -0.3954991 0.5807839 -0.3826521 0.5802713 -0.3954991 0.5807839 -0.3826521 0.5987328 -0.3954991 0.5982201 -0.3826521 0.5807839 -0.6180921 0.5975521 -0.6052451 0.5814519 -0.6052451 0.5975521 -0.6052451 0.5807839 -0.6180921 0.5982201 -0.6180921 0.5814519 -0.7990009 0.5967742 -0.7861538 0.5822299 -0.7861538 0.5967742 -0.7861538 0.5814519 -0.7990009 0.5975521 -0.7990009 0.5822299 -0.9258968 0.5959393 -0.9130497 0.5830647 -0.9130497 0.5959393 -0.9130497 0.5822299 -0.9258968 0.5967742 -0.9258968 -0.5830647 0.9901321 -0.5951045 0.977285 -0.5838995 0.977285 -0.5951045 0.977285 -0.5830647 0.9901321 -0.5959393 0.9901321 -0.5838995 0.9873293 -0.5943266 0.9744822 -0.5846775 0.9744822 -0.5943266 0.9744822 -0.5838995 0.9873293 -0.5951045 0.9873293 -0.5846775 0.9176794 -0.5936585 0.9048324 -0.5853455 0.9048324 -0.5936585 0.9048324 -0.5846775 0.9176794 -0.5943266 0.9176794 -0.5936585 0.785929 -0.5858581 0.7730819 -0.5853455 0.785929 -0.5858581 0.7730819 -0.5936585 0.785929 -0.5931459 0.7730819 -0.5931459 0.6010565 -0.5861803 0.5882094 -0.5858581 0.6010565 -0.5861803 0.5882094 -0.5931459 0.6010565 -0.5928237 0.5882094 -0.5928237 0.3756607 -0.5862902 0.3628137 -0.5861803 0.3756607 -0.5862902 0.3628137 -0.5928237 0.3756607 -0.5927138 0.3628137 -0.8711324 0.1968504 -0.8775559 0.04921257 -0.8711324 0.04921257 -0.8775559 0.04921257 -0.8711324 0.1968504 -0.8775559 0.1968504 -0.8775559 0.1968504 -0.8711324 0.1968504 -0.8711324 0.2460629 -0.8775559 0.1968504 -0.8711324 0.2460629 -0.8775559 0.2460629 -0.5862902 -0.07006418 -0.5928237 -0.08291125 -0.5861803 -0.08291125 -0.5928237 -0.08291125 -0.5862902 -0.07006418 -0.5927138 -0.07006418 -0.5861803 -0.3154103 -0.5931459 -0.3282574 -0.5858581 -0.3282574 -0.5931459 -0.3282574 -0.5861803 -0.3154103 -0.5928237 -0.3154103 -0.5858581 -0.538824 -0.5936585 -0.5516711 -0.5853455 -0.5516711 -0.5936585 -0.5516711 -0.5858581 -0.538824 -0.5931459 -0.538824 -0.5936585 -0.72508 -0.5846775 -0.737927 -0.5853455 -0.72508 -0.5846775 -0.737927 -0.5936585 -0.72508 -0.5943266 -0.737927 -0.5943266 -0.8614852 -0.5838995 -0.8743323 -0.5846775 -0.8614852 -0.5838995 -0.8743323 -0.5943266 -0.8614852 -0.5951045 -0.8743323 -0.702521 -0.8551487 -0.6904812 -0.8679958 -0.691316 -0.8551487 -0.6904812 -0.8679958 -0.702521 -0.8551487 -0.7033558 -0.8679958 0.7033558 0.8679958 0.6896464 0.8808429 0.6904812 0.8679958 0.6896464 0.8808429 0.7033558 0.8679958 0.7041907 0.8808429 0.7041907 0.8212526 0.6888684 0.8340997 0.6896464 0.8212526 0.6888684 0.8340997 0.7041907 0.8212526 0.7049686 0.8340997 0.7049686 0.7181047 0.6882004 0.7309517 0.6888684 0.7181047 0.6882004 0.7309517 0.7049686 0.7181047 0.7056366 0.7309517 0.6882004 0.5655814 0.7061492 0.5784285 0.6876878 0.5784285 0.7061492 0.5784285 0.6882004 0.5655814 0.7056366 0.5655814 0.6876878 0.3740769 0.7064715 0.3869239 0.6873655 0.3869239 0.7064715 0.3869239 0.6876878 0.3740769 0.7061492 0.3740769 0.6873655 0.1566419 0.7065814 0.1694889 0.6872556 0.1694889 0.7065814 0.1694889 0.6873655 0.1566419 0.7064715 0.1566419 0.7065814 0.04921257 0.6872556 0.2460629 0.6872556 0.04921257 0.6872556 0.2460629 0.7065814 0.04921257 0.7065814 0.2460629 0.7065814 0.1232605 0.6873655 0.1361076 0.6872556 0.1232605 0.6873655 0.1361076 0.7065814 0.1232605 0.7064715 0.1361076 0.7064715 -0.1141248 0.6876878 -0.1012777 0.6873655 -0.1141248 0.6876878 -0.1012777 0.7064715 -0.1141248 0.7061492 -0.1012777 0.7061492 -0.3441705 0.6882004 -0.3313235 0.6876878 -0.3441705 0.6882004 -0.3313235 0.7061492 -0.3441705 0.7056366 -0.3313235 0.6882004 -0.5511994 0.7049686 -0.5383523 0.6888684 -0.5383523 0.7049686 -0.5383523 0.6882004 -0.5511994 0.7056366 -0.5511994 0.6888684 -0.7211026 0.7041907 -0.7082555 0.6896464 -0.7082555 0.7041907 -0.7082555 0.6888684 -0.7211026 0.7049686 -0.7211026 0.6896464 -0.8423017 0.7033558 -0.8294546 0.6904812 -0.8294546 0.7033558 -0.8294546 0.6896464 -0.8423017 0.7041907 -0.8423017 -0.6904812 0.906537 -0.702521 0.8936899 -0.691316 0.8936899 -0.702521 0.8936899 -0.6904812 0.906537 -0.7033558 0.906537 -0.691316 0.909431 -0.701743 0.896584 -0.692094 0.896584 -0.701743 0.896584 -0.691316 0.909431 -0.702521 0.909431 -0.692094 0.8507867 -0.701075 0.8379396 -0.692762 0.8379396 -0.701075 0.8379396 -0.692094 0.8507867 -0.701743 0.8507867 -0.701075 0.7346004 -0.6932746 0.7217533 -0.692762 0.7346004 -0.6932746 0.7217533 -0.701075 0.7346004 -0.7005624 0.7217533 -0.8687417 0.7183167 -0.8791687 0.7054697 -0.8695197 0.7054697 -0.8791687 0.7054697 -0.8687417 0.7183167 -0.8799467 0.7183167 -0.8695197 0.6866731 -0.8785006 0.673826 -0.8701876 0.673826 -0.8785006 0.673826 -0.8695197 0.6866731 -0.8791687 0.6866731 -0.8701876 0.6086716 -0.8779881 0.5958245 -0.8707002 0.5958245 -0.8779881 0.5958245 -0.8701876 0.6086716 -0.8785006 0.6086716 -0.8707002 0.4896278 -0.8776658 0.4767807 -0.8710225 0.4767807 -0.8776658 0.4767807 -0.8707002 0.4896278 -0.8779881 0.4896278 -0.8710225 0.3376545 -0.8775559 0.3248074 -0.8711324 0.3248074 -0.8775559 0.3248074 -0.8710225 0.3376545 -0.8776658 0.3376545 -0.9381058 0.1968504 -0.9445293 0.04921257 -0.9381058 0.04921257 -0.9445293 0.04921257 -0.9381058 0.1968504 -0.9445293 0.1968504 -0.9445293 0.1968504 -0.9381058 0.1968504 -0.9381058 0.2460629 -0.9445293 0.1968504 -0.9381058 0.2460629 -0.9445293 0.2460629 -0.8711324 -0.03205794 -0.8776658 -0.044905 -0.8710225 -0.044905 -0.8776658 -0.044905 -0.8711324 -0.03205794 -0.8775559 -0.03205794 -0.8710225 -0.2039816 -0.8779881 -0.2168287 -0.8707002 -0.2168287 -0.8779881 -0.2168287 -0.8710225 -0.2039816 -0.8776658 -0.2039816 -0.8779881 -0.3615666 -0.8701876 -0.3744137 -0.8707002 -0.3615666 -0.8701876 -0.3744137 -0.8779881 -0.3615666 -0.8785006 -0.3744137 -0.8785006 -0.4940736 -0.8695197 -0.5069207 -0.8701876 -0.4940736 -0.8695197 -0.5069207 -0.8785006 -0.4940736 -0.8791687 -0.5069207 -0.8791687 -0.5924726 -0.8687417 -0.6053197 -0.8695197 -0.5924726 -0.8687417 -0.6053197 -0.8791687 -0.5924726 -0.8799467 -0.6053197 -0.94692 -0.5320711 -0.9348803 -0.5449182 -0.9357151 -0.5320711 -0.9348803 -0.5449182 -0.94692 -0.5320711 -0.9477549 -0.5449182 0.9477549 0.5449182 0.9340454 0.5577653 0.9348803 0.5449182 0.9340454 0.5577653 0.9477549 0.5449182 0.9485897 0.5577653 0.9485897 0.5201922 0.9332675 0.5330393 0.9340454 0.5201922 0.9332675 0.5330393 0.9485897 0.5201922 0.9493677 0.5330393 0.9493677 0.4595783 0.9325994 0.4724254 0.9332675 0.4595783 0.9325994 0.4724254 0.9493677 0.4595783 0.9500357 0.4724254 0.9505483 0.3800541 0.9325994 0.3672071 0.9500357 0.3672071 0.9325994 0.3672071 0.9505483 0.3800541 0.9320868 0.3800541 0.9508705 0.2622206 0.9320868 0.2493735 0.9505483 0.2493735 0.9320868 0.2493735 0.9508705 0.2622206 0.9317646 0.2622206 0.9509804 0.1269549 0.9317646 0.1141079 0.9508705 0.1141079 0.9317646 0.1141079 0.9509804 0.1269549 0.9316547 0.1269549 0.9509804 0.2460629 0.9316547 0.04921257 0.9509804 0.04921257 0.9316547 0.04921257 0.9509804 0.2460629 0.9316547 0.2460629 0.9508705 0.1786416 0.9316547 0.1657945 0.9509804 0.1657945 0.9316547 0.1657945 0.9508705 0.1786416 0.9317646 0.1786416 0.9505483 0.02342551 0.9317646 0.01057845 0.9508705 0.01057845 0.9317646 0.01057845 0.9505483 0.02342551 0.9320868 0.02342551 0.9500357 -0.1329492 0.9320868 -0.1457962 0.9505483 -0.1457962 0.9320868 -0.1457962 0.9500357 -0.1329492 0.9325994 -0.1329492 0.9325994 -0.2926729 0.9493677 -0.2798259 0.9332675 -0.2798259 0.9493677 -0.2798259 0.9325994 -0.2926729 0.9500357 -0.2926729 0.9332675 -0.4200422 0.9485897 -0.4071952 0.9340454 -0.4071952 0.9485897 -0.4071952 0.9332675 -0.4200422 0.9493677 -0.4200422 0.9340454 -0.5192241 0.9477549 -0.506377 0.9348803 -0.506377 0.9477549 -0.506377 0.9340454 -0.5192241 0.9485897 -0.5192241 -0.9348803 0.5834594 -0.94692 0.5706123 -0.9357151 0.5706123 -0.94692 0.5706123 -0.9348803 0.5834594 -0.9477549 0.5834594 -0.9357151 0.6083707 -0.9461421 0.5955236 -0.936493 0.5955236 -0.9461421 0.5955236 -0.9357151 0.6083707 -0.94692 0.6083707 -0.936493 0.5922603 -0.945474 0.5794132 -0.937161 0.5794132 -0.945474 0.5794132 -0.936493 0.5922603 -0.9461421 0.5922603 -0.937161 0.536226 -0.9449614 0.523379 -0.9376736 0.523379 -0.9449614 0.523379 -0.937161 0.536226 -0.945474 0.536226 -0.9376736 0.4440867 -0.9446392 0.4312396 -0.9379959 0.4312396 -0.9446392 0.4312396 -0.9376736 0.4440867 -0.9449614 0.4440867 -0.9379959 0.3221213 -0.9445293 0.3092742 -0.9381058 0.3092742 -0.9445293 0.3092742 -0.9379959 0.3221213 -0.9446392 0.3221213 -0.988973 0.1968504 -0.9953965 0.04921257 -0.988973 0.04921257 -0.9953965 0.04921257 -0.988973 0.1968504 -0.9953965 0.1968504 -0.9953965 0.1968504 -0.988973 0.1968504 -0.988973 0.2460629 -0.9953965 0.1968504 -0.988973 0.2460629 -0.9953965 0.2460629 -0.9381058 -0.01652473 -0.9446392 -0.02937179 -0.9379959 -0.02937179 -0.9446392 -0.02937179 -0.9381058 -0.01652473 -0.9445293 -0.01652473 -0.9379959 -0.1584405 -0.9449614 -0.1712875 -0.9376736 -0.1712875 -0.9449614 -0.1712875 -0.9379959 -0.1584405 -0.9446392 -0.1584405 -0.9376736 -0.2891211 -0.945474 -0.3019682 -0.937161 -0.3019682 -0.945474 -0.3019682 -0.9376736 -0.2891211 -0.9449614 -0.2891211 -0.945474 -0.3996608 -0.936493 -0.4125079 -0.937161 -0.3996608 -0.936493 -0.4125079 -0.945474 -0.3996608 -0.9461421 -0.4125079 -0.9461421 -0.4825266 -0.9357151 -0.4953736 -0.936493 -0.4825266 -0.9357151 -0.4953736 -0.9461421 -0.4825266 -0.94692 -0.4953736 -0.9977872 -0.4064269 -0.9857474 -0.4192739 -0.9865822 -0.4064269 -0.9857474 -0.4192739 -0.9977872 -0.4064269 -0.9986221 -0.4192739 0.9986221 0.4192739 0.9849126 0.432121 0.9857474 0.4192739 0.9849126 0.432121 0.9986221 0.4192739 0.9994569 0.432121 0.9994569 0.4031104 0.9841346 0.4159575 0.9849126 0.4031104 0.9841346 0.4159575 0.9994569 0.4031104 1.000235 0.4159575 1.000235 0.3590378 0.9834666 0.3718849 0.9841346 0.3590378 0.9834666 0.3718849 1.000235 0.3590378 1.000903 0.3718849 1.001415 0.3029068 0.9834666 0.2900597 1.000903 0.2900597 0.9834666 0.2900597 1.001415 0.3029068 0.982954 0.3029068 1.001738 0.2137237 0.982954 0.2008767 1.001415 0.2008767 0.982954 0.2008767 1.001738 0.2137237 0.9826318 0.2137237 1.001848 0.1104136 0.9826318 0.09756648 1.001738 0.09756648 0.9826318 0.09756648 1.001848 0.1104136 0.9825218 0.1104136 1.001848 0.2460629 0.9825218 0.04921257 1.001848 0.04921257 0.9825218 0.04921257 1.001848 0.2460629 0.9825218 0.2460629 1.001738 0.1951829 0.9825218 0.1823359 1.001848 0.1823359 0.9825218 0.1823359 1.001738 0.1951829 0.9826318 0.1951829 1.001415 0.07192236 0.9826318 0.05907529 1.001738 0.05907529 0.9826318 0.05907529 1.001415 0.07192236 0.982954 0.07192236 1.000903 -0.0558018 0.982954 -0.06864887 1.001415 -0.06864887 0.982954 -0.06864887 1.000903 -0.0558018 0.9834666 -0.0558018 0.9834666 -0.1921325 1.000235 -0.1792854 0.9841346 -0.1792854 1.000235 -0.1792854 0.9834666 -0.1921325 1.000903 -0.1921325 0.9841346 -0.3029604 0.9994569 -0.2901133 0.9849126 -0.2901133 0.9994569 -0.2901133 0.9841346 -0.3029604 1.000235 -0.3029604 0.9849126 -0.3935798 0.9986221 -0.3807327 0.9857474 -0.3807327 0.9986221 -0.3807327 0.9849126 -0.3935798 0.9994569 -0.3935798 -0.9857474 0.4578151 -0.9977872 0.4449681 -0.9865822 0.4449681 -0.9977872 0.4449681 -0.9857474 0.4578151 -0.9986221 0.4578151 -0.9865822 0.4912889 -0.9970093 0.4784418 -0.9873602 0.4784418 -0.9970093 0.4784418 -0.9865822 0.4912889 -0.9977872 0.4912889 -0.9865822 0.4912889 -0.9970093 0.4784418 -0.9873602 0.4784418 -0.9970093 0.4784418 -0.9865822 0.4912889 -0.9977872 0.4912889 -0.9880282 0.4590787 -0.9958286 0.4462316 -0.9885408 0.4462316 -0.9958286 0.4462316 -0.9880282 0.4590787 -0.9963412 0.4590787 -0.9885408 0.3955898 -0.9955064 0.3827427 -0.9888631 0.3827427 -0.9955064 0.3827427 -0.9885408 0.3955898 -0.9958286 0.3955898 -0.9888631 0.3055799 -0.9953965 0.2927328 -0.988973 0.2927328 -0.9953965 0.2927328 -0.9888631 0.3055799 -0.9955064 0.3055799 0.07032549 0.04921257 0.06390202 0.1968504 0.06390202 0.04921257 0.06390202 0.1968504 0.07032549 0.04921257 0.06390202 0.2460629 0.06390202 0.2460629 0.07032549 0.04921257 0.07032549 0.2460629 0.07032549 0.2460629 0.07032549 0.04921257 0.07032549 0.1968504 -0.988973 1.66498e-5 -0.9955064 -0.01283037 -0.9888631 -0.01283037 -0.9955064 -0.01283037 -0.988973 1.66498e-5 -0.9953965 1.66498e-5 -0.9888631 -0.1099436 -0.9958286 -0.1227907 -0.9885408 -0.1227907 -0.9958286 -0.1227907 -0.9888631 -0.1099436 -0.9955064 -0.1099436 -0.9970093 -0.3654447 -0.9865822 -0.3782918 -0.9873602 -0.3654447 -0.9865822 -0.3782918 -0.9970093 -0.3654447 -0.9977872 -0.3782918 -1.031678 -0.2752748 -1.019638 -0.2881219 -1.020473 -0.2752748 -1.019638 -0.2881219 -1.031678 -0.2752748 -1.032513 -0.2881219 -0.9963412 -0.2991204 -0.9873602 -0.3119674 -0.9880282 -0.2991204 -0.9873602 -0.3119674 -0.9963412 -0.2991204 -0.9970093 -0.3119674 -0.9885408 -0.2119737 -0.9963412 -0.2248207 -0.9880282 -0.2248207 -0.9963412 -0.2248207 -0.9885408 -0.2119737 -0.9958286 -0.2119737 1.035628 0.2124494 1.016412 0.1996024 1.035738 0.1996024 1.016412 0.1996024 1.035628 0.2124494 1.016522 0.2124494 1.035076 0.2460629 1.016412 0.04921257 1.035076 0.04879152 1.016412 0.04921257 1.035076 0.2460629 1.016412 0.2460629 1.035738 0.09314703 1.016522 0.08029997 1.035628 0.08029997 1.016522 0.08029997 1.035738 0.09314703 1.016412 0.09314703 1.035628 0.1631009 1.016845 0.1502538 1.035306 0.1502538 1.016845 0.1502538 1.035628 0.1631009 1.016522 0.1631009 1.035306 0.2223775 1.017357 0.2095304 1.034793 0.2095304 1.017357 0.2095304 1.035306 0.2223775 1.016845 0.2223775 1.034125 0.2540901 1.017357 0.2669371 1.018025 0.2540901 1.017357 0.2669371 1.034125 0.2540901 1.034793 0.2669371 1.033347 0.2808962 1.018025 0.2937433 1.018803 0.2808962 1.018025 0.2937433 1.033347 0.2808962 1.034125 0.2937433 1.032513 0.2881219 1.018803 0.300969 1.019638 0.2881219 1.018803 0.300969 1.032513 0.2881219 1.033347 0.300969 0.865626 -0.3870857 0.8823943 -0.3742387 0.8662941 -0.3742387 0.8823943 -0.3742387 0.865626 -0.3870857 0.8830623 -0.3870857 0.8662941 -0.5299883 0.8816163 -0.5171412 0.867072 -0.5171412 0.8816163 -0.5171412 0.8662941 -0.5299883 0.8823943 -0.5299883 0.867072 -0.6372107 0.8807815 -0.6243637 0.8679069 -0.6243637 0.8807815 -0.6243637 0.867072 -0.6372107 0.8816163 -0.6372107 1.035306 0.1225452 1.016522 0.1096981 1.035628 0.1096981 1.016522 0.1096981 1.035306 0.1225452 1.016845 0.1225452 -0.05788302 0.2718317 -0.07666671 0.2589846 -0.0575608 0.2589846 -0.07666671 0.2589846 -0.05788302 0.2718317 -0.07634449 0.2718317 -0.05839562 0.262208 -0.07634449 0.2493609 -0.05788302 0.2493609 -0.07634449 0.2493609 -0.05839562 0.262208 -0.07583189 0.262208 -0.05839562 0.2223059 -0.07516384 0.235153 -0.07583189 0.2223059 -0.07516384 0.235153 -0.05839562 0.2223059 -0.05906367 0.235153 -0.05906367 0.1796633 -0.07438594 0.1925104 -0.07516384 0.1796633 -0.07438594 0.1925104 -0.05906367 0.1796633 -0.05984163 0.1925104 -0.05984163 0.1243393 -0.07355105 0.1371864 -0.07438594 0.1243393 -0.07355105 0.1371864 -0.05984163 0.1243393 -0.06067645 0.1371864 0.06067645 -0.06010395 0.07271623 -0.07295101 0.07355105 -0.06010395 0.07271623 -0.07295101 0.06067645 -0.06010395 0.06151127 -0.07295101 0.06151127 0.008665084 0.07193827 -0.004181921 0.07271623 0.008665084 0.07193827 -0.004181921 0.06151127 0.008665084 0.06228923 -0.004181921 0.06228923 0.07728141 0.07127028 0.06443434 0.07193827 0.07728141 0.07127028 0.06443434 0.06228923 0.07728141 0.06295728 0.06443434 0.06346988 0.1282218 0.07127028 0.1410688 0.06295728 0.1410688 0.07127028 0.1410688 0.06346988 0.1282218 0.07075768 0.1282218 0.0637921 0.1828334 0.07075768 0.1956804 0.06346988 0.1956804 0.07075768 0.1956804 0.0637921 0.1828334 0.0704354 0.1828334 0.06390202 0.2245475 0.0704354 0.2373945 0.0637921 0.2373945 0.0704354 0.2373945 0.06390202 0.2245475 0.07032549 0.2245475 0.1424919 0.04921257 0.134454 0.1968504 0.134454 0.04921257 0.134454 0.1968504 0.1424919 0.04921257 0.134454 0.2460629 0.134454 0.2460629 0.1424919 0.04921257 0.1424919 0.2460629 0.1424919 0.2460629 0.1424919 0.04921257 0.1424919 0.1968504 0.0704354 0.05535489 0.06390202 0.06820195 0.0637921 0.05535489 0.06390202 0.06820195 0.0704354 0.05535489 0.07032549 0.06820195 0.07075768 0.07711857 0.0637921 0.08996564 0.06346988 0.07711857 0.0637921 0.08996564 0.07075768 0.07711857 0.0704354 0.08996564 0.07127028 0.093189 0.06346988 0.1060361 0.06295728 0.093189 0.06346988 0.1060361 0.07127028 0.093189 0.07075768 0.1060361 0.07127028 0.115318 0.06228923 0.1024709 0.07193827 0.1024709 0.06228923 0.1024709 0.07127028 0.115318 0.06295728 0.115318 0.07193827 0.117179 0.06151127 0.104332 0.07271623 0.104332 0.06151127 0.104332 0.07193827 0.117179 0.06228923 0.117179 0.09794855 0.1011301 0.08590871 0.088283 0.09878337 0.088283 0.08590871 0.088283 0.09794855 0.1011301 0.08674359 0.1011301 -0.09878337 -0.088283 -0.08507388 -0.07543593 -0.09961819 -0.07543593 -0.08507388 -0.07543593 -0.09878337 -0.088283 -0.08590871 -0.088283 -0.09961819 -0.06985735 -0.08429592 -0.05701029 -0.1003962 -0.05701029 -0.08429592 -0.05701029 -0.09961819 -0.06985735 -0.08507388 -0.06985735 -0.1003962 -0.04710876 -0.08362793 -0.0342617 -0.1010642 -0.0342617 -0.08362793 -0.0342617 -0.1003962 -0.04710876 -0.08429592 -0.04710876 0.1429638 0.0830022 0.1320632 0.0711075 0.143686 0.0711075 0.1320632 0.0711075 0.1429638 0.0830022 0.1335092 0.0830022 -0.0200929 -0.07064646 -0.008053123 -0.08349353 -0.007218241 -0.07064646 -0.008053123 -0.08349353 -0.0200929 -0.07064646 -0.01925808 -0.08349353 0.1429638 0.06839221 0.1340218 0.08123928 0.1335092 0.06839221 0.1340218 0.08123928 0.1429638 0.06839221 0.1427078 0.08123928 0.1427078 0.06153064 0.1343441 0.07437771 0.1340218 0.06153064 0.1343441 0.07437771 0.1427078 0.06153064 0.1425468 0.07437771 0.1424919 0.04921257 0.134454 0.06288522 0.134454 0.04921257 0.134454 0.06288522 0.1424919 0.04921257 0.1424919 0.06288522 0.01686733 0.04921257 0.0104438 0.1968504 0.0104438 0.04921257 0.0104438 0.1968504 0.01686733 0.04921257 0.0104438 0.2460629 0.0104438 0.2460629 0.01686733 0.04921257 0.01686733 0.2460629 0.01686733 0.2460629 0.01686733 0.04921257 0.01686733 0.1968504 0.134454 0.2298642 0.1425468 0.2427113 0.1343441 0.2427113 0.1425468 0.2427113 0.134454 0.2298642 0.1424919 0.2298642 0.1343441 0.1984213 0.1427078 0.2112684 0.1340218 0.2112684 0.1427078 0.2112684 0.1343441 0.1984213 0.1425468 0.1984213 0.1340218 0.1530185 0.1429638 0.1658656 0.1335092 0.1658656 0.1429638 0.1658656 0.1340218 0.1530185 0.1427078 0.1530185 0.1328412 0.1095972 0.1429638 0.09675014 0.1432975 0.1095972 0.1429638 0.09675014 0.1328412 0.1095972 0.1335092 0.09675014 0.1320632 0.0462976 0.1432975 0.03345054 0.143686 0.0462976 0.1432975 0.03345054 0.1320632 0.0462976 0.1328412 0.03345054 0.1312284 -0.01971924 0.143686 -0.0325663 0.144103 -0.01971924 0.143686 -0.0325663 0.1312284 -0.01971924 0.1320632 -0.0325663 -0.1303935 0.08395457 -0.144103 0.09680163 -0.14452 0.08395457 -0.144103 0.09680163 -0.1303935 0.08395457 -0.1312284 0.09680163 -0.1296156 0.1420308 -0.14452 0.1548779 -0.1449086 0.1420308 -0.14452 0.1548779 -0.1296156 0.1420308 -0.1303935 0.1548779 -0.1289476 0.1899901 -0.1449086 0.2028371 -0.1452422 0.1899901 -0.1449086 0.2028371 -0.1289476 0.1899901 -0.1296156 0.2028371 -0.1289476 0.2374112 -0.1454982 0.2245641 -0.128435 0.2245641 -0.1454982 0.2245641 -0.1289476 0.2374112 -0.1452422 0.2374112 -0.128435 0.2562438 -0.1456592 0.2433967 -0.1281127 0.2433967 -0.1456592 0.2433967 -0.128435 0.2562438 -0.1454982 0.2562438 -0.1281127 0.2580516 -0.1457141 0.2452045 -0.1280028 0.2452045 -0.1457141 0.2452045 -0.1281127 0.2580516 -0.1456592 0.2580516 -0.1280028 0.2452045 -0.1457141 0.04921257 -0.1280028 0.04921257 -0.1457141 0.04921257 -0.1280028 0.2452045 -0.1457141 0.2452045 -0.1457141 0.04754495 -0.1281127 0.03469789 -0.1280028 0.04754495 -0.1281127 0.03469789 -0.1457141 0.04754495 -0.1456592 0.03469789 -0.1456592 0.02940231 -0.128435 0.01655524 -0.1281127 0.02940231 -0.128435 0.01655524 -0.1456592 0.02940231 -0.1454982 0.01655524 -0.1454982 0.009693682 -0.1289476 -0.003153324 -0.128435 0.009693682 -0.1289476 -0.003153324 -0.1454982 0.009693682 -0.1452422 -0.003153324 -0.1449086 -0.02308475 -0.1289476 -0.01023769 -0.1452422 -0.01023769 -0.1289476 -0.01023769 -0.1449086 -0.02308475 -0.1296156 -0.02308475 -0.14452 -0.04188078 -0.1296156 -0.02903372 -0.1449086 -0.02903372 -0.1296156 -0.02903372 -0.14452 -0.04188078 -0.1303935 -0.04188078 0.007218241 -0.07064646 0.01925808 -0.08349353 0.0200929 -0.07064646 0.01925808 -0.08349353 0.007218241 -0.07064646 0.008053123 -0.08349353 0.008053123 -0.001158952 0.01848012 -0.01400601 0.01925808 -0.001158952 0.01848012 -0.01400601 0.008053123 -0.001158952 0.008831024 -0.01400601 0.008831024 0.06884527 0.01781207 0.0559982 0.01848012 0.06884527 0.01781207 0.0559982 0.008831024 0.06884527 0.009499073 0.0559982 0.009499073 0.1345956 0.01729947 0.1217485 0.01781207 0.1345956 0.01729947 0.1217485 0.009499073 0.1345956 0.01001167 0.1217485 0.01033389 0.1787641 0.01729947 0.1916112 0.01001167 0.1916112 0.01729947 0.1916112 0.01033389 0.1787641 0.01697725 0.1787641 0.0104438 0.2231595 0.01697725 0.2360066 0.01033389 0.2360066 0.01697725 0.2360066 0.0104438 0.2231595 0.01686733 0.2231595 0.472441 0.04879152 0.1492488 0.1968504 0.1492488 0.04921257 0.1492488 0.1968504 0.472441 0.04879152 0.1492488 0.2460629 0.1492488 0.2460629 0.472441 0.04879152 0.472441 0.2460629 0.472441 0.2460629 0.472441 0.04879152 0.472441 0.1968504 0.01781207 0.0559982 0.0104438 0.06958991 0.009499073 0.0559982 0.0104438 0.06958991 0.01781207 0.0559982 0.01686733 0.06958991 0.01729947 0.08118784 0.01033389 0.09403491 0.01001167 0.08118784 0.01033389 0.09403491 0.01729947 0.08118784 0.01697725 0.09403491 0.01729947 0.1125093 0.009499073 0.09966224 0.01781207 0.09966224 0.009499073 0.09966224 0.01729947 0.1125093 0.01001167 0.1125093 0.01781207 0.1237542 0.008831024 0.1109071 0.01848012 0.1109071 0.008831024 0.1109071 0.01781207 0.1237542 0.009499073 0.1237542 0.01848012 0.1270031 0.008053123 0.114156 0.01925808 0.114156 0.008053123 0.114156 0.01848012 0.1270031 0.008831024 0.1270031 0.04633563 0.1185004 0.03429585 0.1056534 0.04717046 0.1056534 0.03429585 0.1056534 0.04633563 0.1185004 0.03513067 0.1185004 -0.04717046 -0.1056534 -0.03346097 -0.09280627 -0.04800528 -0.09280627 -0.03346097 -0.09280627 -0.04717046 -0.1056534 -0.03429585 -0.1056534 -0.04800528 -0.08604395 -0.03268307 -0.07319688 -0.04878324 -0.07319688 -0.03268307 -0.07319688 -0.04800528 -0.08604395 -0.03346097 -0.08604395 -0.04878324 -0.06100851 -0.03201502 -0.04816144 -0.04945129 -0.04816144 -0.03201502 -0.04816144 -0.04878324 -0.06100851 -0.03268307 -0.06100851 -0.04996389 -0.01940613 -0.03201502 -0.0322532 -0.03150242 -0.01940613 -0.03201502 -0.0322532 -0.04996389 -0.01940613 -0.04945129 -0.0322532 -0.05028611 0.01110935 -0.03150242 -0.001737654 -0.0311802 0.01110935 -0.03150242 -0.001737654 -0.05028611 0.01110935 -0.04996389 -0.001737654 -0.05039602 0.04130554 -0.0311802 0.02845847 -0.03107029 0.04130554 -0.0311802 0.02845847 -0.05039602 0.04130554 -0.05028611 0.02845847 -0.03107029 0.2460629 -0.05039602 0.04921257 -0.03107029 0.04921257 -0.05039602 0.04921257 -0.03107029 0.2460629 -0.05039602 0.2460629 -0.0311802 0.2642909 -0.05039602 0.2514439 -0.03107029 0.2514439 -0.05039602 0.2514439 -0.0311802 0.2642909 -0.05028611 0.2642909 -0.03150242 0.2745367 -0.05028611 0.2616897 -0.0311802 0.2616897 -0.05028611 0.2616897 -0.03150242 0.2745367 -0.04996389 0.2745367 -0.03201502 0.2665111 -0.04996389 0.253664 -0.03150242 0.253664 -0.04996389 0.253664 -0.03201502 0.2665111 -0.04945129 0.2665111 -0.03201502 0.2279138 -0.04878324 0.2407609 -0.04945129 0.2279138 -0.04878324 0.2407609 -0.03201502 0.2279138 -0.03268307 0.2407609 0.472441 0.07072287 0.1480547 0.05787581 0.472441 0.05787581 0.1480547 0.05787581 0.472441 0.07072287 0.1484433 0.07072287 0.472441 0.0754252 0.1480547 0.06163859 0.472441 0.06163859 0.1480547 0.06163859 0.472441 0.0754252 0.148777 0.0754252 0.472441 0.06163859 0.148777 0.0754252 0.1480547 0.06163859 0.148777 0.0754252 0.472441 0.06163859 0.472441 0.0754252 0.472441 0.05787581 0.1484433 0.07072287 0.1480547 0.05787581 0.1484433 0.07072287 0.472441 0.05787581 0.472441 0.07072287 0.472441 0.04879152 0.1492488 0.06163859 0.1492488 0.04921257 0.1492488 0.06163859 0.472441 0.04879152 0.472441 0.06163859 -0.0104438 0.1968504 -0.01686733 0.04921257 -0.0104438 0.04921257 -0.01686733 0.04921257 -0.0104438 0.1968504 -0.01686733 0.1968504 -0.01686733 0.1968504 -0.0104438 0.1968504 -0.0104438 0.2460629 -0.01686733 0.1968504 -0.0104438 0.2460629 -0.01686733 0.2460629 0.1492488 0.2311108 0.472441 0.2439579 0.149194 0.2439579 0.472441 0.2439579 0.1492488 0.2311108 0.472441 0.2311108 0.149194 0.2020761 0.472441 0.2149232 0.149033 0.2149232 0.472441 0.2149232 0.149194 0.2020761 0.472441 0.2020761 0.149033 0.1588326 0.472441 0.1716797 0.148777 0.1716797 0.472441 0.1716797 0.149033 0.1588326 0.472441 0.1588326 0.1484433 0.1171742 0.472441 0.1043272 0.472441 0.1171742 0.472441 0.1043272 0.1484433 0.1171742 0.148777 0.1043272 0.1480547 0.05512124 0.472441 0.04227417 0.472441 0.05512124 0.472441 0.04227417 0.1480547 0.05512124 0.1484433 0.04227417 0.1476378 -0.01025032 0.472441 -0.02309739 0.472441 -0.01025032 0.472441 -0.02309739 0.1476378 -0.01025032 0.1480547 -0.02309739 -0.1472208 0.07448571 -0.472441 0.08733278 -0.472441 0.07448571 -0.472441 0.08733278 -0.1472208 0.07448571 -0.1476378 0.08733278 -0.1468322 0.1332072 -0.472441 0.1460543 -0.472441 0.1332072 -0.472441 0.1460543 -0.1468322 0.1332072 -0.1472208 0.1460543 -0.1464986 0.1824131 -0.472441 0.1952601 -0.472441 0.1824131 -0.472441 0.1952601 -0.1464986 0.1824131 -0.1468322 0.1952601 -0.1464986 0.2315971 -0.472441 0.2187501 -0.1462426 0.2187501 -0.472441 0.2187501 -0.1464986 0.2315971 -0.472441 0.2315971 -0.1462426 0.2525889 -0.472441 0.2397419 -0.1460816 0.2397419 -0.472441 0.2397419 -0.1462426 0.2525889 -0.472441 0.2525889 -0.1454982 0.2562438 -0.472441 0.2439579 -0.1456592 0.2433967 -0.472441 0.2439579 -0.1454982 0.2562438 -0.472441 0.256805 -0.1457141 0.2452045 -0.472441 0.04921257 -0.1457141 0.04921257 -0.472441 0.04921257 -0.1457141 0.2452045 -0.472441 0.2460629 -0.472441 0.04921257 -0.1460816 0.03594446 -0.1457141 0.04921257 -0.1460816 0.03594446 -0.472441 0.04921257 -0.472441 0.03594446 -0.472441 0.03305715 -0.1462426 0.02021008 -0.1460816 0.03305715 -0.1462426 0.02021008 -0.472441 0.03305715 -0.472441 0.02021008 -0.472441 0.01550775 -0.1464986 0.002660691 -0.1462426 0.01550775 -0.1464986 0.002660691 -0.472441 0.01550775 -0.472441 0.002660691 -0.472441 -0.01550775 -0.1464986 -0.002660691 -0.472441 -0.002660691 -0.1464986 -0.002660691 -0.472441 -0.01550775 -0.1468322 -0.01550775 -0.01925808 -0.001158952 -0.008831024 -0.01400601 -0.008053123 -0.001158952 -0.008831024 -0.01400601 -0.01925808 -0.001158952 -0.01848012 -0.01400601 -0.472441 -0.03305715 -0.1468322 -0.02021008 -0.472441 -0.02021008 -0.1468322 -0.02021008 -0.472441 -0.03305715 -0.1472208 -0.03305715 -0.144103 -0.05826044 -0.1303935 -0.04541337 -0.14452 -0.04541337 -0.1303935 -0.04541337 -0.144103 -0.05826044 -0.1312284 -0.05826044 -0.03647541 0.001676857 -0.06194972 0.001676857 -0.04921257 0 -0.06194972 0.001676857 -0.03647541 0.001676857 -0.07381886 0.006593227 -0.07381886 0.006593227 -0.03647541 0.001676857 -0.02460628 0.006593227 -0.07381886 0.006593227 -0.02460628 0.006593227 -0.01441401 0.01441401 -0.07381886 0.006593227 -0.01441401 0.01441401 -0.08401113 0.01441401 -0.08401113 0.01441401 -0.01441401 0.01441401 -0.006593227 0.02460628 -0.08401113 0.01441401 -0.006593227 0.02460628 -0.09183192 0.02460628 -0.09183192 0.02460628 -0.006593227 0.02460628 -0.001676857 0.03647541 -0.09183192 0.02460628 -0.001676857 0.03647541 -0.09674829 0.03647541 -0.09674829 0.03647541 -0.001676857 0.03647541 0 0.04921257 -0.09674829 0.03647541 0 0.04921257 -0.09842514 0.04921257 -0.09842514 0.04921257 0 0.04921257 0 0.2460629 -0.09842514 0.04921257 0 0.2460629 -0.09842514 0.1968504 -0.09842514 0.1968504 0 0.2460629 -0.09842514 0.2460629 -0.09842514 0.2460629 0 0.2460629 -0.001676857 0.2588002 -0.09842514 0.2460629 -0.001676857 0.2588002 -0.09674829 0.2588002 -0.09674829 0.2588002 -0.001676857 0.2588002 -0.006593227 0.2706693 -0.09674829 0.2588002 -0.006593227 0.2706693 -0.09183192 0.2706693 -0.09183192 0.2706693 -0.006593227 0.2706693 -0.01441401 0.2808616 -0.09183192 0.2706693 -0.01441401 0.2808616 -0.08401113 0.2808616 -0.08401113 0.2808616 -0.01441401 0.2808616 -0.02460628 0.2886824 -0.08401113 0.2808616 -0.02460628 0.2886824 -0.07381886 0.2886824 -0.07381886 0.2886824 -0.02460628 0.2886824 -0.03647541 0.2935987 -0.07381886 0.2886824 -0.03647541 0.2935987 -0.06194972 0.2935987 -0.06194972 0.2935987 -0.03647541 0.2935987 -0.04921257 0.2952756 -0.08279305 0.2620041 -0.1020089 0.249157 -0.08268314 0.249157 -0.1020089 0.249157 -0.08279305 0.2620041 -0.101899 0.2620041 -0.0104438 0.06958991 -0.01781207 0.0559982 -0.009499073 0.0559982 -0.01781207 0.0559982 -0.0104438 0.06958991 -0.01686733 0.06958991 -0.01033389 0.09403491 -0.01729947 0.08118784 -0.01001167 0.08118784 -0.01729947 0.08118784 -0.01033389 0.09403491 -0.01697725 0.09403491 -0.01001167 0.1125093 -0.01781207 0.09966224 -0.009499073 0.09966224 -0.01781207 0.09966224 -0.01001167 0.1125093 -0.01729947 0.1125093 -0.009499073 0.1237542 -0.01848012 0.1109071 -0.008831024 0.1109071 -0.01848012 0.1109071 -0.009499073 0.1237542 -0.01781207 0.1237542 -0.008831024 0.1270031 -0.01925808 0.114156 -0.008053123 0.114156 -0.01925808 0.114156 -0.008831024 0.1270031 -0.01848012 0.1270031 0.01925808 0.1220347 0.007218241 0.1091877 0.0200929 0.1091877 0.007218241 0.1091877 0.01925808 0.1220347 0.008053123 0.1220347 -0.0200929 -0.1091877 -0.006383419 -0.09634059 -0.02092772 -0.09634059 -0.006383419 -0.09634059 -0.0200929 -0.1091877 -0.007218241 -0.1091877 -0.02092772 -0.0893374 -0.005605459 -0.07649034 -0.02170568 -0.07649034 -0.005605459 -0.07649034 -0.02092772 -0.0893374 -0.006383419 -0.0893374 -0.02170568 -0.06383669 -0.004937469 -0.05098962 -0.02237373 -0.05098962 -0.004937469 -0.05098962 -0.02170568 -0.06383669 -0.005605459 -0.06383669 -0.02237373 -0.03442335 -0.00442487 -0.02157628 -0.02288633 -0.02157628 -0.00442487 -0.02157628 -0.02237373 -0.03442335 -0.004937469 -0.03442335 -0.02320855 0.009745121 -0.00442487 -0.003101885 -0.004102587 0.009745121 -0.00442487 -0.003101885 -0.02320855 0.009745121 -0.02288633 -0.003101885 -0.02331846 0.04084026 -0.004102587 0.0279932 -0.003992676 0.04084026 -0.004102587 0.0279932 -0.02331846 0.04084026 -0.02320855 0.0279932 -0.003992676 0.2460629 -0.02331846 0.04921257 -0.003992676 0.04921257 -0.02331846 0.04921257 -0.003992676 0.2460629 -0.02331846 0.2460629 -0.004102587 0.2647563 -0.02331846 0.2519092 -0.003992676 0.2519092 -0.02331846 0.2519092 -0.004102587 0.2647563 -0.02320855 0.2647563 -0.00442487 0.275901 -0.02320855 0.2630539 -0.004102587 0.2630539 -0.02320855 0.2630539 -0.00442487 0.275901 -0.02288633 0.275901 -0.006383419 0.1348818 -0.0200929 0.1477289 -0.02092772 0.1348818 -0.0200929 0.1477289 -0.006383419 0.1348818 -0.007218241 0.1477289 -0.005605459 0.1894874 -0.02092772 0.2023345 -0.02170568 0.1894874 -0.02092772 0.2023345 -0.005605459 0.1894874 -0.006383419 0.2023345 -0.00442487 0.2558342 -0.02237373 0.2686812 -0.02288633 0.2558342 -0.02237373 0.2686812 -0.00442487 0.2558342 -0.004937469 0.2686812 -0.004937469 0.230742 -0.02170568 0.2435891 -0.02237373 0.230742 -0.02170568 0.2435891 -0.004937469 0.230742 -0.005605459 0.2435891</float_array>
          <technique_common>
            <accessor source="#Síť_019-mesh-map-1-array" count="4524" stride="2">
              <param name="S" type="float"/>
              <param name="T" type="float"/>
            </accessor>
          </technique_common>
        </source>
        <vertices id="Síť_019-mesh-vertices">
          <input semantic="POSITION" source="#Síť_019-mesh-positions"/>
        </vertices>
        <triangles count="1508">
          <input semantic="VERTEX" source="#Síť_019-mesh-vertices" offset="0"/>
          <input semantic="NORMAL" source="#Síť_019-mesh-normals" offset="1"/>
          <input semantic="TEXCOORD" source="#Síť_019-mesh-map-0" offset="2" set="0"/>
          <input semantic="TEXCOORD" source="#Síť_019-mesh-map-1" offset="2" set="1"/>
          <p>0 0 0 1 1 1 2 2 2 1 1 3 0 0 4 3 3 5 2 2 6 4 4 7 5 5 8 4 4 9 2 2 10 1 1 11 4 4 12 6 6 13 5 5 14 6 6 15 4 4 16 7 7 17 7 7 18 8 8 19 6 6 20 8 8 21 7 7 22 9 9 23 9 9 24 10 10 25 8 8 26 10 10 27 9 9 28 11 11 29 12 12 30 10 10 31 11 11 32 10 10 33 12 12 34 13 13 35 14 14 36 13 13 37 12 12 38 13 13 39 14 14 40 15 15 41 16 16 42 15 15 43 14 14 44 15 15 45 16 16 46 17 17 47 18 18 48 17 17 49 16 16 50 17 17 51 18 18 52 19 19 53 20 20 54 21 21 55 19 19 56 21 21 57 20 20 58 22 22 59 23 23 60 22 22 61 20 20 62 22 22 63 23 23 64 24 24 65 23 23 66 25 25 67 24 24 68 25 25 69 23 23 70 26 26 71 26 26 72 27 27 73 25 25 74 27 27 75 26 26 76 28 28 77 28 28 78 29 29 79 27 27 80 29 29 81 28 28 82 30 30 83 31 31 84 32 32 85 33 33 86 32 32 87 31 31 88 34 34 89 34 34 90 31 31 91 35 35 92 35 35 93 31 31 94 36 36 95 37 37 96 38 38 97 39 39 98 38 38 99 37 37 100 40 40 101 39 39 102 41 41 103 42 42 104 41 41 105 39 39 106 38 38 107 42 42 108 43 43 109 44 44 110 43 43 111 42 42 112 41 41 113 45 45 114 43 43 115 46 46 116 43 43 117 45 45 118 44 44 119 47 47 120 46 46 121 48 48 122 46 46 123 47 47 124 45 45 125 49 49 126 48 48 127 50 50 128 48 48 129 49 49 130 47 47 131 51 51 132 50 50 133 52 52 134 50 50 135 51 51 136 49 49 137 53 53 138 52 52 139 54 54 140 52 52 141 53 53 142 51 51 143 55 55 144 56 56 145 3 3 146 56 56 147 55 55 148 57 57 149 58 58 150 57 57 151 55 55 152 57 57 153 58 58 154 59 59 155 58 58 156 60 60 157 59 59 158 60 60 159 58 58 160 61 61 161 61 61 162 62 62 163 60 60 164 62 62 165 61 61 166 63 63 167 63 63 168 64 64 169 62 62 170 64 64 171 63 63 172 65 65 173 65 65 174 66 66 175 64 64 176 66 66 177 65 65 178 67 67 179 67 67 180 68 68 181 66 66 182 68 68 183 67 67 184 69 69 185 69 69 186 70 70 187 68 68 188 70 70 189 69 69 190 71 71 191 72 72 192 70 70 193 71 71 194 70 70 195 72 72 196 73 73 197 74 74 198 73 73 199 72 72 200 73 73 201 74 74 202 75 75 203 34 34 204 75 75 205 74 74 206 75 75 207 34 34 208 35 35 209 76 76 210 36 36 211 31 31 212 36 36 213 77 77 214 35 35 215 77 77 216 36 36 217 76 76 218 77 77 219 76 76 220 78 78 221 79 79 222 33 33 223 80 80 224 33 33 225 79 79 226 31 31 227 81 81 228 80 80 229 82 82 230 80 80 231 81 81 232 79 79 233 83 83 234 82 82 235 84 84 236 82 82 237 83 83 238 81 81 239 83 83 240 85 85 241 86 86 242 85 85 243 83 83 244 84 84 245 86 86 246 18 18 247 87 87 248 18 18 249 86 86 250 85 85 251 88 88 252 89 89 253 90 90 254 89 89 255 88 88 256 87 87 257 90 90 258 91 91 259 92 92 260 91 91 261 90 90 262 89 89 263 92 92 264 93 93 265 94 94 266 93 93 267 92 92 268 91 91 269 94 94 270 95 95 271 96 96 272 95 95 273 94 94 274 93 93 275 97 97 276 95 95 277 98 98 278 95 95 279 97 97 280 96 96 281 99 99 282 98 98 283 100 100 284 98 98 285 99 99 286 97 97 287 101 101 288 100 100 289 102 102 290 100 100 291 101 101 292 99 99 293 103 103 294 102 102 295 104 104 296 102 102 297 103 103 298 101 101 299 56 56 300 103 103 301 104 104 302 103 103 303 56 56 304 105 105 305 57 57 306 105 105 307 56 56 308 105 105 309 57 57 310 106 106 311 59 59 312 106 106 313 57 57 314 106 106 315 59 59 316 107 107 317 59 59 318 108 108 319 107 107 320 108 108 321 59 59 322 60 60 323 60 60 324 109 109 325 108 108 326 109 109 327 60 60 328 62 62 329 62 62 330 110 110 331 109 109 332 110 110 333 62 62 334 64 64 335 64 64 336 111 111 337 110 110 338 111 111 339 64 64 340 66 66 341 66 66 342 112 112 343 111 111 344 112 112 345 66 66 346 68 68 347 68 68 348 113 113 349 112 112 350 113 113 351 68 68 352 70 70 353 73 73 354 113 113 355 70 70 356 113 113 357 73 73 358 114 114 359 75 75 360 114 114 361 73 73 362 114 114 363 75 75 364 115 115 365 35 35 366 115 115 367 75 75 368 115 115 369 35 35 370 77 77 371 116 116 372 117 117 373 118 118 374 117 117 375 116 116 376 119 119 377 119 119 378 116 116 379 120 120 380 119 119 381 120 120 382 121 121 383 122 122 384 31 31 385 79 79 386 31 31 387 122 122 388 76 76 389 123 123 390 79 79 391 81 81 392 79 79 393 123 123 394 122 122 395 124 124 396 81 81 397 83 83 398 81 81 399 124 124 400 123 123 401 124 124 402 86 86 403 125 125 404 86 86 405 124 124 406 83 83 407 125 125 408 87 87 409 88 88 410 87 87 411 125 125 412 86 86 413 126 126 414 90 90 415 127 127 416 90 90 417 126 126 418 88 88 419 128 128 420 88 88 421 126 126 422 88 88 423 128 128 424 125 125 425 129 129 426 127 127 427 130 130 428 127 127 429 129 129 430 126 126 431 130 130 432 131 131 433 132 132 434 131 131 435 130 130 436 127 127 437 98 98 438 11 11 439 9 9 440 11 11 441 98 98 442 95 95 443 100 100 444 9 9 445 7 7 446 9 9 447 100 100 448 98 98 449 102 102 450 7 7 451 4 4 452 7 7 453 102 102 454 100 100 455 133 133 456 134 134 457 135 135 458 134 134 459 133 133 460 136 136 461 137 137 462 135 135 463 138 138 464 135 135 465 137 137 466 133 133 467 104 104 468 4 4 469 1 1 470 4 4 471 104 104 472 102 102 473 139 139 474 120 120 475 140 140 476 120 120 477 139 139 478 141 141 479 134 134 480 141 141 481 139 139 482 141 141 483 134 134 484 136 136 485 142 142 486 143 143 487 144 144 488 143 143 489 142 142 490 145 145 491 146 146 492 144 144 493 147 147 494 144 144 495 146 146 496 142 142 497 148 148 498 147 147 499 149 149 500 147 147 501 148 148 502 146 146 503 150 150 504 149 149 505 151 151 506 149 149 507 150 150 508 148 148 509 150 150 510 152 152 511 153 153 512 152 152 513 150 150 514 151 151 515 153 153 516 154 154 517 155 155 518 154 154 519 153 153 520 152 152 521 155 155 522 156 156 523 157 157 524 156 156 525 155 155 526 154 154 527 157 157 528 158 158 529 159 159 530 158 158 531 157 157 532 156 156 533 159 159 534 160 160 535 161 161 536 160 160 537 159 159 538 158 158 539 162 162 540 161 161 541 160 160 542 161 161 543 162 162 544 163 163 545 164 164 546 163 163 547 162 162 548 163 163 549 164 164 550 165 165 551 166 166 552 165 165 553 164 164 554 165 165 555 166 166 556 167 167 557 168 168 558 167 167 559 166 166 560 167 167 561 168 168 562 169 169 563 170 170 564 169 169 565 168 168 566 169 169 567 170 170 568 171 171 569 172 172 570 173 173 571 171 171 572 173 173 573 172 172 574 174 174 575 175 175 576 174 174 577 172 172 578 174 174 579 175 175 580 176 176 581 177 177 582 176 176 583 175 175 584 176 176 585 177 177 586 178 178 587 179 179 588 178 178 589 177 177 590 178 178 591 179 179 592 180 180 593 118 118 594 180 180 595 179 179 596 180 180 597 118 118 598 117 117 599 119 119 600 181 181 601 117 117 602 181 181 603 119 119 604 182 182 605 182 182 606 119 119 607 121 121 608 182 182 609 121 121 610 183 183 611 141 141 612 121 121 613 120 120 614 121 121 615 141 141 616 184 184 617 136 136 618 184 184 619 141 141 620 184 184 621 136 136 622 185 185 623 133 133 624 185 185 625 136 136 626 185 185 627 133 133 628 186 186 629 187 187 630 133 133 631 137 137 632 133 133 633 187 187 634 186 186 635 188 188 636 137 137 637 189 189 638 137 137 639 188 188 640 187 187 641 190 190 642 189 189 643 145 145 644 189 189 645 190 190 646 188 188 647 191 191 648 145 145 649 142 142 650 145 145 651 191 191 652 190 190 653 192 192 654 142 142 655 146 146 656 142 142 657 192 192 658 191 191 659 193 193 660 146 146 661 148 148 662 146 146 663 193 193 664 192 192 665 193 193 666 150 150 667 194 194 668 150 150 669 193 193 670 148 148 671 194 194 672 153 153 673 195 195 674 153 153 675 194 194 676 150 150 677 195 195 678 155 155 679 196 196 680 155 155 681 195 195 682 153 153 683 196 196 684 157 157 685 197 197 686 157 157 687 196 196 688 155 155 689 197 197 690 159 159 691 198 198 692 159 159 693 197 197 694 157 157 695 198 198 696 161 161 697 199 199 698 161 161 699 198 198 700 159 159 701 199 199 702 163 163 703 200 200 704 163 163 705 199 199 706 161 161 707 165 165 708 200 200 709 163 163 710 200 200 711 165 165 712 201 201 713 167 167 714 201 201 715 165 165 716 201 201 717 167 167 718 202 202 719 169 169 720 202 202 721 167 167 722 202 202 723 169 169 724 203 203 725 171 171 726 203 203 727 169 169 728 203 203 729 171 171 730 173 173 731 174 174 732 204 204 733 173 173 734 204 204 735 174 174 736 205 205 737 176 176 738 205 205 739 174 174 740 205 205 741 176 176 742 206 206 743 178 178 744 206 206 745 176 176 746 206 206 747 178 178 748 207 207 749 180 180 750 207 207 751 178 178 752 207 207 753 180 180 754 208 208 755 117 117 756 208 208 757 180 180 758 208 208 759 117 117 760 181 181 761 182 182 762 209 209 763 181 181 764 209 209 765 182 182 766 210 210 767 210 210 768 182 182 769 183 183 770 210 210 771 183 183 772 211 211 773 184 184 774 183 183 775 121 121 776 183 183 777 184 184 778 212 212 779 184 184 780 213 213 781 212 212 782 213 213 783 184 184 784 185 185 785 186 186 786 213 213 787 185 185 788 213 213 789 186 186 790 214 214 791 215 215 792 186 186 793 187 187 794 186 186 795 215 215 796 214 214 797 216 216 798 187 187 799 188 188 800 187 187 801 216 216 802 215 215 803 217 217 804 188 188 805 190 190 806 188 188 807 217 217 808 216 216 809 218 218 810 190 190 811 191 191 812 190 190 813 218 218 814 217 217 815 219 219 816 191 191 817 192 192 818 191 191 819 219 219 820 218 218 821 220 220 822 192 192 823 193 193 824 192 192 825 220 220 826 219 219 827 220 220 828 194 194 829 221 221 830 194 194 831 220 220 832 193 193 833 221 221 834 195 195 835 222 222 836 195 195 837 221 221 838 194 194 839 223 223 840 195 195 841 196 196 842 195 195 843 223 223 844 222 222 845 223 223 846 197 197 847 224 224 848 197 197 849 223 223 850 196 196 851 224 224 852 198 198 853 225 225 854 198 198 855 224 224 856 197 197 857 225 225 858 199 199 859 226 226 860 199 199 861 225 225 862 198 198 863 226 226 864 200 200 865 227 227 866 200 200 867 226 226 868 199 199 869 201 201 870 227 227 871 200 200 872 227 227 873 201 201 874 228 228 875 202 202 876 228 228 877 201 201 878 228 228 879 202 202 880 229 229 881 203 203 882 229 229 883 202 202 884 229 229 885 203 203 886 230 230 887 173 173 888 230 230 889 203 203 890 230 230 891 173 173 892 204 204 893 205 205 894 231 231 895 204 204 896 231 231 897 205 205 898 232 232 899 206 206 900 232 232 901 205 205 902 232 232 903 206 206 904 233 233 905 207 207 906 233 233 907 206 206 908 233 233 909 207 207 910 234 234 911 208 208 912 234 234 913 207 207 914 234 234 915 208 208 916 235 235 917 181 181 918 235 235 919 208 208 920 235 235 921 181 181 922 209 209 923 210 210 924 236 236 925 209 209 926 236 236 927 210 210 928 237 237 929 237 237 930 210 210 931 211 211 932 237 237 933 211 211 934 238 238 935 212 212 936 211 211 937 183 183 938 211 211 939 212 212 940 239 239 941 213 213 942 239 239 943 212 212 944 239 239 945 213 213 946 240 240 947 214 214 948 240 240 949 213 213 950 240 240 951 214 214 952 241 241 953 242 242 954 214 214 955 215 215 956 214 214 957 242 242 958 241 241 959 243 243 960 215 215 961 216 216 962 215 215 963 243 243 964 242 242 965 244 244 966 216 216 967 217 217 968 216 216 969 244 244 970 243 243 971 245 245 972 217 217 973 218 218 974 217 217 975 245 245 976 244 244 977 246 246 978 218 218 979 219 219 980 218 218 981 246 246 982 245 245 983 247 247 984 219 219 985 220 220 986 219 219 987 247 247 988 246 246 989 247 247 990 221 221 991 248 248 992 221 221 993 247 247 994 220 220 995 248 248 996 222 222 997 249 249 998 222 222 999 248 248 1000 221 221 1001 249 249 1002 223 223 1003 250 250 1004 223 223 1005 249 249 1006 222 222 1007 250 250 1008 224 224 1009 251 251 1010 224 224 1011 250 250 1012 223 223 1013 251 251 1014 225 225 1015 252 252 1016 225 225 1017 251 251 1018 224 224 1019 252 252 1020 226 226 1021 253 253 1022 226 226 1023 252 252 1024 225 225 1025 253 253 1026 227 227 1027 254 254 1028 227 227 1029 253 253 1030 226 226 1031 228 228 1032 254 254 1033 227 227 1034 254 254 1035 228 228 1036 255 255 1037 229 229 1038 255 255 1039 228 228 1040 255 255 1041 229 229 1042 256 256 1043 230 230 1044 256 256 1045 229 229 1046 256 256 1047 230 230 1048 257 257 1049 204 204 1050 257 257 1051 230 230 1052 257 257 1053 204 204 1054 231 231 1055 232 232 1056 258 258 1057 231 231 1058 258 258 1059 232 232 1060 259 259 1061 233 233 1062 259 259 1063 232 232 1064 259 259 1065 233 233 1066 260 260 1067 234 234 1068 260 260 1069 233 233 1070 260 260 1071 234 234 1072 261 261 1073 235 235 1074 261 261 1075 234 234 1076 261 261 1077 235 235 1078 262 262 1079 209 209 1080 262 262 1081 235 235 1082 262 262 1083 209 209 1084 236 236 1085 236 236 1086 263 263 1087 264 264 1088 263 263 1089 236 236 1090 237 237 1091 263 263 1092 237 237 1093 265 265 1094 265 265 1095 237 237 1096 238 238 1097 239 239 1098 238 238 1099 211 211 1100 238 238 1101 239 239 1102 266 266 1103 240 240 1104 266 266 1105 239 239 1106 266 266 1107 240 240 1108 267 267 1109 241 241 1110 267 267 1111 240 240 1112 267 267 1113 241 241 1114 268 268 1115 269 269 1116 245 245 1117 246 246 1118 245 245 1119 269 269 1120 270 270 1121 270 270 1122 244 244 1123 245 245 1124 244 244 1125 270 270 1126 271 271 1127 271 271 1128 243 243 1129 244 244 1130 243 243 1131 271 271 1132 272 272 1133 272 272 1134 242 242 1135 243 243 1136 242 242 1137 272 272 1138 273 273 1139 274 274 1140 246 246 1141 247 247 1142 246 246 1143 274 274 1144 269 269 1145 274 274 1146 248 248 1147 275 275 1148 248 248 1149 274 274 1150 247 247 1151 275 275 1152 249 249 1153 276 276 1154 249 249 1155 275 275 1156 248 248 1157 276 276 1158 250 250 1159 277 277 1160 250 250 1161 276 276 1162 249 249 1163 277 277 1164 251 251 1165 278 278 1166 251 251 1167 277 277 1168 250 250 1169 231 231 1170 279 279 1171 257 257 1172 279 279 1173 231 231 1174 258 258 1175 259 259 1176 280 280 1177 258 258 1178 280 280 1179 259 259 1180 281 281 1181 278 278 1182 252 252 1183 282 282 1184 252 252 1185 278 278 1186 251 251 1187 282 282 1188 253 253 1189 283 283 1190 253 253 1191 282 282 1192 252 252 1193 255 255 1194 284 284 1195 254 254 1196 284 284 1197 255 255 1198 285 285 1199 283 283 1200 254 254 1201 284 284 1202 254 254 1203 283 283 1204 253 253 1205 260 260 1206 281 281 1207 259 259 1208 281 281 1209 260 260 1210 286 286 1211 257 257 1212 287 287 1213 256 256 1214 287 287 1215 257 257 1216 279 279 1217 256 256 1218 285 285 1219 255 255 1220 285 285 1221 256 256 1222 287 287 1223 288 288 1224 289 289 1225 290 290 1226 289 289 1227 288 288 1228 291 291 1229 292 292 1230 293 293 1231 294 294 1232 293 293 1233 292 292 1234 295 295 1235 295 295 1236 296 296 1237 293 293 1238 296 296 1239 295 295 1240 297 297 1241 290 290 1242 298 298 1243 299 299 1244 298 298 1245 290 290 1246 289 289 1247 298 298 1248 300 300 1249 299 299 1250 300 300 1251 298 298 1252 301 301 1253 302 302 1254 303 303 1255 304 304 1256 303 303 1257 302 302 1258 305 305 1259 301 301 1260 304 304 1261 300 300 1262 304 304 1263 301 301 1264 302 302 1265 297 297 1266 306 306 1267 296 296 1268 306 306 1269 297 297 1270 307 307 1271 308 308 1272 294 294 1273 309 309 1274 294 294 1275 308 308 1276 292 292 1277 303 303 1278 309 309 1279 310 310 1280 309 309 1281 303 303 1282 308 308 1283 311 311 1284 306 306 1285 307 307 1286 306 306 1287 311 311 1288 312 312 1289 313 313 1290 312 312 1291 311 311 1292 312 312 1293 313 313 1294 314 314 1295 315 315 1296 314 314 1297 313 313 1298 314 314 1299 315 315 1300 316 316 1301 317 317 1302 316 316 1303 315 315 1304 316 316 1305 317 317 1306 318 318 1307 319 319 1308 318 318 1309 317 317 1310 318 318 1311 319 319 1312 320 320 1313 320 320 1314 321 321 1315 322 322 1316 321 321 1317 320 320 1318 319 319 1319 238 238 1320 323 323 1321 265 265 1322 323 323 1323 238 238 1324 266 266 1325 266 266 1326 324 324 1327 323 323 1328 324 324 1329 266 266 1330 267 267 1331 267 267 1332 325 325 1333 324 324 1334 325 325 1335 267 267 1336 268 268 1337 326 326 1338 268 268 1339 273 273 1340 268 268 1341 326 326 1342 325 325 1343 327 327 1344 273 273 1345 272 272 1346 273 273 1347 327 327 1348 326 326 1349 328 328 1350 272 272 1351 271 271 1352 272 272 1353 328 328 1354 327 327 1355 329 329 1356 271 271 1357 270 270 1358 271 271 1359 329 329 1360 328 328 1361 330 330 1362 270 270 1363 269 269 1364 270 270 1365 330 330 1366 329 329 1367 331 331 1368 269 269 1369 274 274 1370 269 269 1371 331 331 1372 330 330 1373 331 331 1374 275 275 1375 332 332 1376 275 275 1377 331 331 1378 274 274 1379 332 332 1380 276 276 1381 333 333 1382 276 276 1383 332 332 1384 275 275 1385 333 333 1386 277 277 1387 334 334 1388 277 277 1389 333 333 1390 276 276 1391 334 334 1392 278 278 1393 335 335 1394 278 278 1395 334 334 1396 277 277 1397 335 335 1398 282 282 1399 336 336 1400 282 282 1401 335 335 1402 278 278 1403 336 336 1404 283 283 1405 337 337 1406 283 283 1407 336 336 1408 282 282 1409 337 337 1410 284 284 1411 338 338 1412 284 284 1413 337 337 1414 283 283 1415 285 285 1416 338 338 1417 284 284 1418 338 338 1419 285 285 1420 339 339 1421 287 287 1422 339 339 1423 285 285 1424 339 339 1425 287 287 1426 340 340 1427 263 263 1428 341 341 1429 264 264 1430 341 341 1431 263 263 1432 342 342 1433 342 342 1434 263 263 1435 265 265 1436 342 342 1437 265 265 1438 343 343 1439 262 262 1440 264 264 1441 344 344 1442 264 264 1443 262 262 1444 236 236 1445 261 261 1446 344 344 1447 345 345 1448 344 344 1449 261 261 1450 262 262 1451 260 260 1452 345 345 1453 286 286 1454 345 345 1455 260 260 1456 261 261 1457 346 346 1458 336 336 1459 347 347 1460 336 336 1461 346 346 1462 335 335 1463 348 348 1464 349 349 1465 350 350 1466 349 349 1467 348 348 1468 351 351 1469 279 279 1470 340 340 1471 287 287 1472 340 340 1473 279 279 1474 352 352 1475 353 353 1476 335 335 1477 346 346 1478 335 335 1479 353 353 1480 334 334 1481 354 354 1482 334 334 1483 353 353 1484 334 334 1485 354 354 1486 333 333 1487 355 355 1488 333 333 1489 354 354 1490 333 333 1491 355 355 1492 332 332 1493 356 356 1494 332 332 1495 355 355 1496 332 332 1497 356 356 1498 331 331 1499 356 356 1500 330 330 1501 331 331 1502 330 330 1503 356 356 1504 357 357 1505 357 357 1506 329 329 1507 330 330 1508 329 329 1509 357 357 1510 358 358 1511 358 358 1512 328 328 1513 329 329 1514 328 328 1515 358 358 1516 359 359 1517 359 359 1518 327 327 1519 328 328 1520 327 327 1521 359 359 1522 360 360 1523 360 360 1524 326 326 1525 327 327 1526 326 326 1527 360 360 1528 361 361 1529 361 361 1530 325 325 1531 326 326 1532 325 325 1533 361 361 1534 362 362 1535 325 325 1536 363 363 1537 324 324 1538 363 363 1539 325 325 1540 362 362 1541 324 324 1542 364 364 1543 323 323 1544 364 364 1545 324 324 1546 363 363 1547 323 323 1548 343 343 1549 265 265 1550 343 343 1551 323 323 1552 364 364 1553 342 342 1554 365 365 1555 341 341 1556 365 365 1557 342 342 1558 366 366 1559 366 366 1560 342 342 1561 343 343 1562 366 366 1563 343 343 1564 367 367 1565 264 264 1566 368 368 1567 344 344 1568 368 368 1569 264 264 1570 341 341 1571 344 344 1572 369 369 1573 345 345 1574 369 369 1575 344 344 1576 368 368 1577 345 345 1578 370 370 1579 286 286 1580 370 370 1581 345 345 1582 369 369 1583 286 286 1584 371 371 1585 281 281 1586 371 371 1587 286 286 1588 370 370 1589 281 281 1590 372 372 1591 280 280 1592 372 372 1593 281 281 1594 371 371 1595 258 258 1596 352 352 1597 279 279 1598 352 352 1599 258 258 1600 280 280 1601 347 347 1602 337 337 1603 373 373 1604 337 337 1605 347 347 1606 336 336 1607 373 373 1608 338 338 1609 374 374 1610 338 338 1611 373 373 1612 337 337 1613 339 339 1614 374 374 1615 338 338 1616 374 374 1617 339 339 1618 375 375 1619 340 340 1620 375 375 1621 339 339 1622 375 375 1623 340 340 1624 376 376 1625 352 352 1626 376 376 1627 340 340 1628 376 376 1629 352 352 1630 377 377 1631 280 280 1632 377 377 1633 352 352 1634 377 377 1635 280 280 1636 372 372 1637 378 378 1638 372 372 1639 371 371 1640 372 372 1641 378 378 1642 379 379 1643 380 380 1644 371 371 1645 370 370 1646 371 371 1647 380 380 1648 378 378 1649 369 369 1650 380 380 1651 370 370 1652 380 380 1653 369 369 1654 381 381 1655 368 368 1656 381 381 1657 369 369 1658 381 381 1659 368 368 1660 382 382 1661 341 341 1662 382 382 1663 368 368 1664 382 382 1665 341 341 1666 365 365 1667 366 366 1668 383 383 1669 365 365 1670 383 383 1671 366 366 1672 384 384 1673 384 384 1674 366 366 1675 367 367 1676 384 384 1677 367 367 1678 385 385 1679 364 364 1680 367 367 1681 343 343 1682 367 367 1683 364 364 1684 386 386 1685 363 363 1686 386 386 1687 364 364 1688 386 386 1689 363 363 1690 387 387 1691 362 362 1692 387 387 1693 363 363 1694 387 387 1695 362 362 1696 388 388 1697 361 361 1698 388 388 1699 362 362 1700 388 388 1701 361 361 1702 389 389 1703 360 360 1704 389 389 1705 361 361 1706 389 389 1707 360 360 1708 390 390 1709 359 359 1710 390 390 1711 360 360 1712 390 390 1713 359 359 1714 391 391 1715 358 358 1716 391 391 1717 359 359 1718 391 391 1719 358 358 1720 392 392 1721 357 357 1722 392 392 1723 358 358 1724 392 392 1725 357 357 1726 393 393 1727 356 356 1728 393 393 1729 357 357 1730 393 393 1731 356 356 1732 394 394 1733 395 395 1734 356 356 1735 355 355 1736 356 356 1737 395 395 1738 394 394 1739 396 396 1740 355 355 1741 354 354 1742 355 355 1743 396 396 1744 395 395 1745 397 397 1746 354 354 1747 353 353 1748 354 354 1749 397 397 1750 396 396 1751 398 398 1752 353 353 1753 346 346 1754 353 353 1755 398 398 1756 397 397 1757 399 399 1758 346 346 1759 347 347 1760 346 346 1761 399 399 1762 398 398 1763 400 400 1764 347 347 1765 373 373 1766 347 347 1767 400 400 1768 399 399 1769 401 401 1770 373 373 1771 374 374 1772 373 373 1773 401 401 1774 400 400 1775 402 402 1776 374 374 1777 375 375 1778 374 374 1779 402 402 1780 401 401 1781 403 403 1782 375 375 1783 376 376 1784 375 375 1785 403 403 1786 402 402 1787 404 404 1788 376 376 1789 377 377 1790 376 376 1791 404 404 1792 403 403 1793 379 379 1794 377 377 1795 372 372 1796 377 377 1797 379 379 1798 404 404 1799 405 405 1800 379 379 1801 378 378 1802 379 379 1803 405 405 1804 406 406 1805 407 407 1806 378 378 1807 380 380 1808 378 378 1809 407 407 1810 405 405 1811 381 381 1812 407 407 1813 380 380 1814 407 407 1815 381 381 1816 408 408 1817 382 382 1818 408 408 1819 381 381 1820 408 408 1821 382 382 1822 409 409 1823 365 365 1824 409 409 1825 382 382 1826 409 409 1827 365 365 1828 383 383 1829 384 384 1830 410 410 1831 383 383 1832 410 410 1833 384 384 1834 411 411 1835 411 411 1836 384 384 1837 385 385 1838 411 411 1839 385 385 1840 412 412 1841 386 386 1842 385 385 1843 367 367 1844 385 385 1845 386 386 1846 413 413 1847 387 387 1848 413 413 1849 386 386 1850 413 413 1851 387 387 1852 414 414 1853 388 388 1854 414 414 1855 387 387 1856 414 414 1857 388 388 1858 415 415 1859 389 389 1860 415 415 1861 388 388 1862 415 415 1863 389 389 1864 416 416 1865 390 390 1866 416 416 1867 389 389 1868 416 416 1869 390 390 1870 417 417 1871 391 391 1872 417 417 1873 390 390 1874 417 417 1875 391 391 1876 418 418 1877 392 392 1878 418 418 1879 391 391 1880 418 418 1881 392 392 1882 419 419 1883 393 393 1884 419 419 1885 392 392 1886 419 419 1887 393 393 1888 420 420 1889 394 394 1890 420 420 1891 393 393 1892 420 420 1893 394 394 1894 421 421 1895 421 421 1896 395 395 1897 422 422 1898 395 395 1899 421 421 1900 394 394 1901 422 422 1902 396 396 1903 423 423 1904 396 396 1905 422 422 1906 395 395 1907 423 423 1908 397 397 1909 424 424 1910 397 397 1911 423 423 1912 396 396 1913 424 424 1914 398 398 1915 425 425 1916 398 398 1917 424 424 1918 397 397 1919 425 425 1920 399 399 1921 426 426 1922 399 399 1923 425 425 1924 398 398 1925 426 426 1926 400 400 1927 427 427 1928 400 400 1929 426 426 1930 399 399 1931 427 427 1932 401 401 1933 428 428 1934 401 401 1935 427 427 1936 400 400 1937 429 429 1938 401 401 1939 402 402 1940 401 401 1941 429 429 1942 428 428 1943 430 430 1944 402 402 1945 403 403 1946 402 402 1947 430 430 1948 429 429 1949 431 431 1950 403 403 1951 404 404 1952 403 403 1953 431 431 1954 430 430 1955 406 406 1956 404 404 1957 379 379 1958 404 404 1959 406 406 1960 431 431 1961 432 432 1962 406 406 1963 405 405 1964 406 406 1965 432 432 1966 433 433 1967 434 434 1968 405 405 1969 407 407 1970 405 405 1971 434 434 1972 432 432 1973 408 408 1974 434 434 1975 407 407 1976 434 434 1977 408 408 1978 435 435 1979 409 409 1980 435 435 1981 408 408 1982 435 435 1983 409 409 1984 436 436 1985 383 383 1986 436 436 1987 409 409 1988 436 436 1989 383 383 1990 410 410 1991 437 437 1992 438 438 1993 439 439 1994 438 438 1995 437 437 1996 288 288 1997 288 288 1998 437 437 1999 291 291 2000 291 291 2001 437 437 2002 440 440 2003 413 413 2004 412 412 2005 385 385 2006 412 412 2007 413 413 2008 441 441 2009 414 414 2010 441 441 2011 413 413 2012 441 441 2013 414 414 2014 442 442 2015 415 415 2016 442 442 2017 414 414 2018 442 442 2019 415 415 2020 443 443 2021 416 416 2022 443 443 2023 415 415 2024 443 443 2025 416 416 2026 444 444 2027 417 417 2028 444 444 2029 416 416 2030 444 444 2031 417 417 2032 445 445 2033 418 418 2034 445 445 2035 417 417 2036 445 445 2037 418 418 2038 446 446 2039 419 419 2040 446 446 2041 418 418 2042 446 446 2043 419 419 2044 447 447 2045 420 420 2046 447 447 2047 419 419 2048 447 447 2049 420 420 2050 448 448 2051 421 421 2052 448 448 2053 420 420 2054 448 448 2055 421 421 2056 449 449 2057 449 449 2058 422 422 2059 450 450 2060 422 422 2061 449 449 2062 421 421 2063 451 451 2064 440 440 2065 437 437 2066 440 440 2067 451 451 2068 291 291 2069 291 291 2070 451 451 2071 452 452 2072 452 452 2073 451 451 2074 453 453 2075 454 454 2076 439 439 2077 455 455 2078 439 439 2079 454 454 2080 437 437 2081 456 456 2082 455 455 2083 457 457 2084 455 455 2085 456 456 2086 454 454 2087 458 458 2088 456 456 2089 457 457 2090 456 456 2091 458 458 2092 459 459 2093 460 460 2094 459 459 2095 458 458 2096 459 459 2097 460 460 2098 461 461 2099 349 349 2100 461 461 2101 460 460 2102 461 461 2103 349 349 2104 462 462 2105 351 351 2106 462 462 2107 349 349 2108 462 462 2109 351 351 2110 463 463 2111 464 464 2112 463 463 2113 351 351 2114 463 463 2115 464 464 2116 465 465 2117 466 466 2118 465 465 2119 464 464 2120 465 465 2121 466 466 2122 467 467 2123 321 321 2124 467 467 2125 466 466 2126 467 467 2127 321 321 2128 468 468 2129 319 319 2130 468 468 2131 321 321 2132 468 468 2133 319 319 2134 469 469 2135 470 470 2136 319 319 2137 317 317 2138 319 319 2139 470 470 2140 469 469 2141 471 471 2142 317 317 2143 315 315 2144 317 317 2145 471 471 2146 470 470 2147 472 472 2148 315 315 2149 313 313 2150 315 315 2151 472 472 2152 471 471 2153 311 311 2154 472 472 2155 313 313 2156 472 472 2157 311 311 2158 473 473 2159 307 307 2160 473 473 2161 311 311 2162 473 473 2163 307 307 2164 474 474 2165 475 475 2166 307 307 2167 297 297 2168 307 307 2169 475 475 2170 474 474 2171 476 476 2172 297 297 2173 295 295 2174 297 297 2175 476 476 2176 475 475 2177 477 477 2178 295 295 2179 292 292 2180 295 295 2181 477 477 2182 476 476 2183 478 478 2184 292 292 2185 308 308 2186 292 292 2187 478 478 2188 477 477 2189 305 305 2190 308 308 2191 303 303 2192 308 308 2193 305 305 2194 478 478 2195 479 479 2196 305 305 2197 302 302 2198 305 305 2199 479 479 2200 480 480 2201 481 481 2202 302 302 2203 301 301 2204 302 302 2205 481 481 2206 479 479 2207 298 298 2208 481 481 2209 301 301 2210 481 481 2211 298 298 2212 482 482 2213 289 289 2214 482 482 2215 298 298 2216 482 482 2217 289 289 2218 483 483 2219 291 291 2220 483 483 2221 289 289 2222 483 483 2223 291 291 2224 452 452 2225 484 484 2226 485 485 2227 486 486 2228 485 485 2229 484 484 2230 487 487 2231 487 487 2232 484 484 2233 488 488 2234 487 487 2235 489 489 2236 485 485 2237 490 490 2238 437 437 2239 454 454 2240 437 437 2241 490 490 2242 451 451 2243 491 491 2244 454 454 2245 456 456 2246 454 454 2247 491 491 2248 490 490 2249 273 273 2250 241 241 2251 242 242 2252 241 241 2253 273 273 2254 268 268 2255 492 492 2256 486 486 2257 493 493 2258 486 486 2259 492 492 2260 484 484 2261 494 494 2262 493 493 2263 495 495 2264 493 493 2265 494 494 2266 492 492 2267 496 496 2268 495 495 2269 497 497 2270 495 495 2271 496 496 2272 494 494 2273 498 498 2274 496 496 2275 497 497 2276 496 496 2277 498 498 2278 499 499 2279 500 500 2280 499 499 2281 498 498 2282 499 499 2283 500 500 2284 501 501 2285 502 502 2286 501 501 2287 500 500 2288 501 501 2289 502 502 2290 503 503 2291 504 504 2292 503 503 2293 502 502 2294 503 503 2295 504 504 2296 505 505 2297 506 506 2298 505 505 2299 504 504 2300 505 505 2301 506 506 2302 507 507 2303 508 508 2304 507 507 2305 506 506 2306 507 507 2307 508 508 2308 509 509 2309 510 510 2310 508 508 2311 511 511 2312 508 508 2313 510 510 2314 509 509 2315 512 512 2316 511 511 2317 513 513 2318 511 511 2319 512 512 2320 510 510 2321 514 514 2322 513 513 2323 515 515 2324 513 513 2325 514 514 2326 512 512 2327 516 516 2328 515 515 2329 517 517 2330 515 515 2331 516 516 2332 514 514 2333 518 518 2334 516 516 2335 517 517 2336 516 516 2337 518 518 2338 519 519 2339 520 520 2340 519 519 2341 518 518 2342 519 519 2343 520 520 2344 521 521 2345 522 522 2346 521 521 2347 520 520 2348 521 521 2349 522 522 2350 523 523 2351 524 524 2352 522 522 2353 525 525 2354 522 522 2355 524 524 2356 523 523 2357 526 526 2358 525 525 2359 527 527 2360 525 525 2361 526 526 2362 524 524 2363 528 528 2364 527 527 2365 529 529 2366 527 527 2367 528 528 2368 526 526 2369 530 530 2370 529 529 2371 531 531 2372 529 529 2373 530 530 2374 528 528 2375 532 532 2376 530 530 2377 533 533 2378 530 530 2379 532 532 2380 534 534 2381 532 532 2382 535 535 2383 536 536 2384 535 535 2385 532 532 2386 533 533 2387 537 537 2388 536 536 2389 535 535 2390 536 536 2391 537 537 2392 538 538 2393 539 539 2394 538 538 2395 537 537 2396 538 538 2397 539 539 2398 540 540 2399 487 487 2400 540 540 2401 539 539 2402 540 540 2403 487 487 2404 541 541 2405 486 486 2406 542 542 2407 543 543 2408 542 542 2409 486 486 2410 544 544 2411 544 544 2412 486 486 2413 489 489 2414 489 489 2415 486 486 2416 485 485 2417 545 545 2418 484 484 2419 492 492 2420 484 484 2421 545 545 2422 546 546 2423 547 547 2424 492 492 2425 494 494 2426 492 492 2427 547 547 2428 545 545 2429 548 548 2430 494 494 2431 496 496 2432 494 494 2433 548 548 2434 547 547 2435 499 499 2436 548 548 2437 496 496 2438 548 548 2439 499 499 2440 549 549 2441 499 499 2442 550 550 2443 549 549 2444 550 550 2445 499 499 2446 501 501 2447 503 503 2448 550 550 2449 501 501 2450 550 550 2451 503 503 2452 551 551 2453 505 505 2454 551 551 2455 503 503 2456 551 551 2457 505 505 2458 552 552 2459 505 505 2460 553 553 2461 552 552 2462 553 553 2463 505 505 2464 507 507 2465 507 507 2466 554 554 2467 553 553 2468 554 554 2469 507 507 2470 509 509 2471 555 555 2472 509 509 2473 510 510 2474 509 509 2475 555 555 2476 554 554 2477 556 556 2478 510 510 2479 512 512 2480 510 510 2481 556 556 2482 555 555 2483 557 557 2484 512 512 2485 514 514 2486 512 512 2487 557 557 2488 556 556 2489 558 558 2490 514 514 2491 516 516 2492 514 514 2493 558 558 2494 557 557 2495 519 519 2496 558 558 2497 516 516 2498 558 558 2499 519 519 2500 559 559 2501 521 521 2502 559 559 2503 519 519 2504 559 559 2505 521 521 2506 560 560 2507 523 523 2508 560 560 2509 521 521 2510 560 560 2511 523 523 2512 561 561 2513 561 561 2514 524 524 2515 562 562 2516 524 524 2517 561 561 2518 523 523 2519 563 563 2520 524 524 2521 526 526 2522 524 524 2523 563 563 2524 562 562 2525 563 563 2526 528 528 2527 564 564 2528 528 528 2529 563 563 2530 526 526 2531 564 564 2532 530 530 2533 534 534 2534 530 530 2535 564 564 2536 528 528 2537 534 565 2538 563 565 2539 564 565 2540 563 565 2541 534 565 2542 532 565 2543 563 565 2544 532 565 2545 562 565 2546 562 565 2547 532 565 2548 536 566 2549 562 565 2550 536 566 2551 561 567 2552 561 567 2553 536 566 2554 538 568 2555 561 567 2556 538 568 2557 560 565 2558 560 565 2559 538 568 2560 540 565 2561 560 565 2562 540 565 2563 559 565 2564 559 565 2565 540 565 2566 541 565 2567 559 565 2568 541 565 2569 558 565 2570 558 565 2571 541 565 2572 565 565 2573 558 565 2574 565 565 2575 557 569 2576 557 569 2577 565 565 2578 546 565 2579 557 569 2580 546 565 2581 545 570 2582 557 569 2583 545 570 2584 556 571 2585 556 571 2586 545 570 2587 555 572 2588 555 572 2589 545 570 2590 547 573 2591 555 572 2592 547 573 2593 548 574 2594 555 572 2595 548 574 2596 554 575 2597 554 575 2598 548 574 2599 553 576 2600 553 576 2601 548 574 2602 549 565 2603 553 576 2604 549 565 2605 550 565 2606 553 576 2607 550 565 2608 552 565 2609 552 565 2610 550 565 2611 551 565 2612 30 30 2613 566 577 2614 29 29 2615 566 577 2616 30 30 2617 37 37 2618 37 37 2619 30 30 2620 40 40 2621 40 40 2622 30 30 2623 567 578 2624 546 546 2625 488 488 2626 484 484 2627 488 488 2628 541 541 2629 487 487 2630 541 541 2631 488 488 2632 546 546 2633 541 541 2634 546 546 2635 565 579 2636 489 489 2637 539 539 2638 568 580 2639 539 539 2640 489 489 2641 487 487 2642 568 580 2643 537 537 2644 569 581 2645 537 537 2646 568 580 2647 539 539 2648 569 581 2649 535 535 2650 570 582 2651 535 535 2652 569 581 2653 537 537 2654 535 535 2655 571 583 2656 570 582 2657 571 583 2658 535 535 2659 533 533 2660 533 533 2661 531 531 2662 571 583 2663 531 531 2664 533 533 2665 530 530 2666 531 531 2667 572 584 2668 573 585 2669 572 584 2670 531 531 2671 529 529 2672 529 529 2673 574 586 2674 572 584 2675 574 586 2676 529 529 2677 527 527 2678 527 527 2679 575 587 2680 574 586 2681 575 587 2682 527 527 2683 525 525 2684 525 525 2685 576 588 2686 575 587 2687 576 588 2688 525 525 2689 522 522 2690 576 588 2691 520 520 2692 577 589 2693 520 520 2694 576 588 2695 522 522 2696 577 589 2697 518 518 2698 578 590 2699 518 518 2700 577 589 2701 520 520 2702 578 590 2703 517 517 2704 579 591 2705 517 517 2706 578 590 2707 518 518 2708 517 517 2709 580 592 2710 579 591 2711 580 592 2712 517 517 2713 515 515 2714 515 515 2715 581 593 2716 580 592 2717 581 593 2718 515 515 2719 513 513 2720 513 513 2721 582 594 2722 581 593 2723 582 594 2724 513 513 2725 511 511 2726 511 511 2727 583 595 2728 582 594 2729 583 595 2730 511 511 2731 508 508 2732 583 595 2733 506 506 2734 584 596 2735 506 506 2736 583 595 2737 508 508 2738 584 596 2739 504 504 2740 585 597 2741 504 504 2742 584 596 2743 506 506 2744 585 597 2745 502 502 2746 586 598 2747 502 502 2748 585 597 2749 504 504 2750 586 598 2751 500 500 2752 587 599 2753 500 500 2754 586 598 2755 502 502 2756 587 599 2757 498 498 2758 588 600 2759 498 498 2760 587 599 2761 500 500 2762 588 600 2763 497 497 2764 589 601 2765 497 497 2766 588 600 2767 498 498 2768 497 497 2769 590 602 2770 589 601 2771 590 602 2772 497 497 2773 495 495 2774 495 495 2775 591 603 2776 590 602 2777 591 603 2778 495 495 2779 493 493 2780 493 493 2781 543 543 2782 591 603 2783 543 543 2784 493 493 2785 486 486 2786 543 543 2787 592 604 2788 593 605 2789 592 604 2790 543 543 2791 594 606 2792 594 606 2793 543 543 2794 544 544 2795 544 544 2796 543 543 2797 542 542 2798 544 544 2799 568 580 2800 595 607 2801 568 580 2802 544 544 2803 489 489 2804 595 607 2805 569 581 2806 596 608 2807 569 581 2808 595 607 2809 568 580 2810 596 608 2811 570 582 2812 597 609 2813 570 582 2814 596 608 2815 569 581 2816 570 582 2817 598 610 2818 597 609 2819 598 610 2820 570 582 2821 571 583 2822 571 583 2823 573 585 2824 598 610 2825 573 585 2826 571 583 2827 531 531 2828 573 585 2829 599 611 2830 600 612 2831 599 611 2832 573 585 2833 572 584 2834 572 584 2835 601 613 2836 599 611 2837 601 613 2838 572 584 2839 574 586 2840 574 586 2841 602 614 2842 601 613 2843 602 614 2844 574 586 2845 575 587 2846 575 587 2847 603 615 2848 602 614 2849 603 615 2850 575 587 2851 576 588 2852 603 615 2853 577 589 2854 604 616 2855 577 589 2856 603 615 2857 576 588 2858 604 616 2859 578 590 2860 605 617 2861 578 590 2862 604 616 2863 577 589 2864 605 617 2865 579 591 2866 606 618 2867 579 591 2868 605 617 2869 578 590 2870 579 591 2871 607 619 2872 606 618 2873 607 619 2874 579 591 2875 580 592 2876 580 592 2877 608 620 2878 607 619 2879 608 620 2880 580 592 2881 581 593 2882 581 593 2883 609 621 2884 608 620 2885 609 621 2886 581 593 2887 582 594 2888 582 594 2889 610 622 2890 609 621 2891 610 622 2892 582 594 2893 583 595 2894 610 622 2895 584 596 2896 611 623 2897 584 596 2898 610 622 2899 583 595 2900 611 623 2901 585 597 2902 612 624 2903 585 597 2904 611 623 2905 584 596 2906 612 624 2907 586 598 2908 613 625 2909 586 598 2910 612 624 2911 585 597 2912 613 625 2913 587 599 2914 614 626 2915 587 599 2916 613 625 2917 586 598 2918 614 626 2919 588 600 2920 615 627 2921 588 600 2922 614 626 2923 587 599 2924 615 627 2925 589 601 2926 616 628 2927 589 601 2928 615 627 2929 588 600 2930 589 601 2931 617 629 2932 616 628 2933 617 629 2934 589 601 2935 590 602 2936 590 602 2937 618 630 2938 617 629 2939 618 630 2940 590 602 2941 591 603 2942 591 603 2943 593 605 2944 618 630 2945 593 605 2946 591 603 2947 543 543 2948 593 605 2949 453 453 2950 451 451 2951 453 453 2952 593 605 2953 452 452 2954 452 452 2955 593 605 2956 594 606 2957 594 606 2958 593 605 2959 592 604 2960 594 606 2961 595 607 2962 619 631 2963 595 607 2964 594 606 2965 544 544 2966 619 631 2967 596 608 2968 620 632 2969 596 608 2970 619 631 2971 595 607 2972 620 632 2973 597 609 2974 621 633 2975 597 609 2976 620 632 2977 596 608 2978 597 609 2979 622 634 2980 621 633 2981 622 634 2982 597 609 2983 598 610 2984 598 610 2985 600 612 2986 622 634 2987 600 612 2988 598 610 2989 573 585 2990 600 612 2991 623 635 2992 480 480 2993 623 635 2994 600 612 2995 599 611 2996 599 611 2997 624 636 2998 623 635 2999 624 636 3000 599 611 3001 601 613 3002 601 613 3003 625 637 3004 624 636 3005 625 637 3006 601 613 3007 602 614 3008 602 614 3009 626 638 3010 625 637 3011 626 638 3012 602 614 3013 603 615 3014 626 638 3015 604 616 3016 627 639 3017 604 616 3018 626 638 3019 603 615 3020 627 639 3021 605 617 3022 628 640 3023 605 617 3024 627 639 3025 604 616 3026 628 640 3027 606 618 3028 629 641 3029 606 618 3030 628 640 3031 605 617 3032 606 618 3033 630 642 3034 629 641 3035 630 642 3036 606 618 3037 607 619 3038 607 619 3039 631 643 3040 630 642 3041 631 643 3042 607 619 3043 608 620 3044 608 620 3045 632 644 3046 631 643 3047 632 644 3048 608 620 3049 609 621 3050 609 621 3051 633 645 3052 632 644 3053 633 645 3054 609 621 3055 610 622 3056 633 645 3057 611 623 3058 634 646 3059 611 623 3060 633 645 3061 610 622 3062 634 646 3063 612 624 3064 635 647 3065 612 624 3066 634 646 3067 611 623 3068 635 647 3069 613 625 3070 636 648 3071 613 625 3072 635 647 3073 612 624 3074 636 648 3075 614 626 3076 637 649 3077 614 626 3078 636 648 3079 613 625 3080 637 649 3081 615 627 3082 638 650 3083 615 627 3084 637 649 3085 614 626 3086 638 650 3087 616 628 3088 639 651 3089 616 628 3090 638 650 3091 615 627 3092 616 628 3093 491 491 3094 639 651 3095 491 491 3096 616 628 3097 617 629 3098 617 629 3099 490 490 3100 491 491 3101 490 490 3102 617 629 3103 618 630 3104 618 630 3105 451 451 3106 490 490 3107 451 451 3108 618 630 3109 593 605 3110 640 652 3111 288 288 3112 641 653 3113 288 288 3114 640 652 3115 438 438 3116 438 438 3117 640 652 3118 642 654 3119 438 438 3120 642 654 3121 439 439 3122 452 452 3123 619 631 3124 483 483 3125 619 631 3126 452 452 3127 594 606 3128 483 483 3129 620 632 3130 482 482 3131 620 632 3132 483 483 3133 619 631 3134 482 482 3135 621 633 3136 481 481 3137 621 633 3138 482 482 3139 620 632 3140 621 633 3141 479 479 3142 481 481 3143 479 479 3144 621 633 3145 622 634 3146 622 634 3147 480 480 3148 479 479 3149 480 480 3150 622 634 3151 600 612 3152 480 480 3153 478 478 3154 305 305 3155 478 478 3156 480 480 3157 623 635 3158 623 635 3159 477 477 3160 478 478 3161 477 477 3162 623 635 3163 624 636 3164 624 636 3165 476 476 3166 477 477 3167 476 476 3168 624 636 3169 625 637 3170 625 637 3171 475 475 3172 476 476 3173 475 475 3174 625 637 3175 626 638 3176 475 475 3177 627 639 3178 474 474 3179 627 639 3180 475 475 3181 626 638 3182 474 474 3183 628 640 3184 473 473 3185 628 640 3186 474 474 3187 627 639 3188 473 473 3189 629 641 3190 472 472 3191 629 641 3192 473 473 3193 628 640 3194 629 641 3195 471 471 3196 472 472 3197 471 471 3198 629 641 3199 630 642 3200 630 642 3201 470 470 3202 471 471 3203 470 470 3204 630 642 3205 631 643 3206 631 643 3207 469 469 3208 470 470 3209 469 469 3210 631 643 3211 632 644 3212 632 644 3213 468 468 3214 469 469 3215 468 468 3216 632 644 3217 633 645 3218 468 468 3219 634 646 3220 467 467 3221 634 646 3222 468 468 3223 633 645 3224 467 467 3225 635 647 3226 465 465 3227 635 647 3228 467 467 3229 634 646 3230 465 465 3231 636 648 3232 463 463 3233 636 648 3234 465 465 3235 635 647 3236 463 463 3237 637 649 3238 462 462 3239 637 649 3240 463 463 3241 636 648 3242 462 462 3243 638 650 3244 461 461 3245 638 650 3246 462 462 3247 637 649 3248 461 461 3249 639 651 3250 459 459 3251 639 651 3252 461 461 3253 638 650 3254 639 651 3255 456 456 3256 459 459 3257 456 456 3258 639 651 3259 491 491 3260 350 350 3261 460 460 3262 643 655 3263 460 460 3264 350 350 3265 349 349 3266 643 655 3267 458 458 3268 644 656 3269 458 458 3270 643 655 3271 460 460 3272 644 656 3273 457 457 3274 645 657 3275 457 457 3276 644 656 3277 458 458 3278 645 657 3279 455 455 3280 646 658 3281 455 455 3282 645 657 3283 457 457 3284 646 658 3285 439 439 3286 642 654 3287 439 439 3288 646 658 3289 455 455 3290 647 659 3291 641 653 3292 648 660 3293 641 653 3294 647 659 3295 640 652 3296 640 652 3297 647 659 3298 649 661 3299 640 652 3300 649 661 3301 642 654 3302 641 653 3303 290 290 3304 650 662 3305 290 290 3306 641 653 3307 288 288 3308 650 662 3309 299 299 3310 651 663 3311 299 299 3312 650 662 3313 290 290 3314 299 299 3315 652 664 3316 651 663 3317 652 664 3318 299 299 3319 300 300 3320 300 300 3321 653 665 3322 652 664 3323 653 665 3324 300 300 3325 304 304 3326 304 304 3327 310 310 3328 653 665 3329 310 310 3330 304 304 3331 303 303 3332 310 310 3333 654 666 3334 655 667 3335 654 666 3336 310 310 3337 309 309 3338 309 309 3339 656 668 3340 654 666 3341 656 668 3342 309 309 3343 294 294 3344 294 294 3345 657 669 3346 656 668 3347 657 669 3348 294 294 3349 293 293 3350 293 293 3351 658 670 3352 657 669 3353 658 670 3354 293 293 3355 296 296 3356 306 306 3357 658 670 3358 296 296 3359 658 670 3360 306 306 3361 659 671 3362 312 312 3363 659 671 3364 306 306 3365 659 671 3366 312 312 3367 660 672 3368 314 314 3369 660 672 3370 312 312 3371 660 672 3372 314 314 3373 661 673 3374 316 316 3375 661 673 3376 314 314 3377 661 673 3378 316 316 3379 662 674 3380 318 318 3381 662 674 3382 316 316 3383 662 674 3384 318 318 3385 663 675 3386 320 320 3387 663 675 3388 318 318 3389 663 675 3390 320 320 3391 664 676 3392 322 322 3393 664 676 3394 320 320 3395 664 676 3396 322 322 3397 665 677 3398 665 677 3399 666 678 3400 667 679 3401 666 678 3402 665 677 3403 322 322 3404 667 679 3405 668 680 3406 669 681 3407 668 680 3408 667 679 3409 666 678 3410 669 681 3411 348 348 3412 670 682 3413 348 348 3414 669 681 3415 668 680 3416 670 682 3417 350 350 3418 671 683 3419 350 350 3420 670 682 3421 348 348 3422 671 683 3423 643 655 3424 672 684 3425 643 655 3426 671 683 3427 350 350 3428 672 684 3429 644 656 3430 673 685 3431 644 656 3432 672 684 3433 643 655 3434 673 685 3435 645 657 3436 674 686 3437 645 657 3438 673 685 3439 644 656 3440 674 686 3441 646 658 3442 675 687 3443 646 658 3444 674 686 3445 645 657 3446 675 687 3447 642 654 3448 649 661 3449 642 654 3450 675 687 3451 646 658 3452 411 411 3453 648 660 3454 410 410 3455 648 660 3456 411 411 3457 647 659 3458 647 659 3459 411 411 3460 412 412 3461 647 659 3462 412 412 3463 649 661 3464 648 660 3465 650 662 3466 676 688 3467 650 662 3468 648 660 3469 641 653 3470 676 688 3471 651 663 3472 677 689 3473 651 663 3474 676 688 3475 650 662 3476 677 689 3477 652 664 3478 678 690 3479 652 664 3480 677 689 3481 651 663 3482 652 664 3483 679 691 3484 678 690 3485 679 691 3486 652 664 3487 653 665 3488 653 665 3489 655 667 3490 679 691 3491 655 667 3492 653 665 3493 310 310 3494 655 667 3495 680 692 3496 433 433 3497 680 692 3498 655 667 3499 654 666 3500 654 666 3501 681 693 3502 680 692 3503 681 693 3504 654 666 3505 656 668 3506 656 668 3507 682 694 3508 681 693 3509 682 694 3510 656 668 3511 657 669 3512 657 669 3513 683 695 3514 682 694 3515 683 695 3516 657 669 3517 658 670 3518 659 671 3519 683 695 3520 658 670 3521 683 695 3522 659 671 3523 684 696 3524 660 672 3525 684 696 3526 659 671 3527 684 696 3528 660 672 3529 685 697 3530 661 673 3531 685 697 3532 660 672 3533 685 697 3534 661 673 3535 686 698 3536 662 674 3537 686 698 3538 661 673 3539 686 698 3540 662 674 3541 687 699 3542 663 675 3543 687 699 3544 662 674 3545 687 699 3546 663 675 3547 688 700 3548 664 676 3549 688 700 3550 663 675 3551 688 700 3552 664 676 3553 450 450 3554 665 677 3555 450 450 3556 664 676 3557 450 450 3558 665 677 3559 449 449 3560 449 449 3561 667 679 3562 448 448 3563 667 679 3564 449 449 3565 665 677 3566 448 448 3567 669 681 3568 447 447 3569 669 681 3570 448 448 3571 667 679 3572 447 447 3573 670 682 3574 446 446 3575 670 682 3576 447 447 3577 669 681 3578 446 446 3579 671 683 3580 445 445 3581 671 683 3582 446 446 3583 670 682 3584 445 445 3585 672 684 3586 444 444 3587 672 684 3588 445 445 3589 671 683 3590 444 444 3591 673 685 3592 443 443 3593 673 685 3594 444 444 3595 672 684 3596 443 443 3597 674 686 3598 442 442 3599 674 686 3600 443 443 3601 673 685 3602 442 442 3603 675 687 3604 441 441 3605 675 687 3606 442 442 3607 674 686 3608 441 441 3609 649 661 3610 412 412 3611 649 661 3612 441 441 3613 675 687 3614 33 33 3615 567 578 3616 30 30 3617 567 578 3618 33 33 3619 40 40 3620 40 40 3621 33 33 3622 34 34 3623 34 34 3624 33 33 3625 32 32 3626 410 410 3627 676 688 3628 436 436 3629 676 688 3630 410 410 3631 648 660 3632 436 436 3633 677 689 3634 435 435 3635 677 689 3636 436 436 3637 676 688 3638 679 691 3639 433 433 3640 432 432 3641 433 433 3642 679 691 3643 655 667 3644 433 433 3645 431 431 3646 406 406 3647 431 431 3648 433 433 3649 680 692 3650 678 690 3651 432 432 3652 434 434 3653 432 432 3654 678 690 3655 679 691 3656 435 435 3657 678 690 3658 434 434 3659 678 690 3660 435 435 3661 677 689 3662 688 700 3663 424 424 3664 687 699 3665 424 424 3666 688 700 3667 423 423 3668 687 699 3669 425 425 3670 686 698 3671 425 425 3672 687 699 3673 424 424 3674 686 698 3675 426 426 3676 685 697 3677 426 426 3678 686 698 3679 425 425 3680 685 697 3681 427 427 3682 684 696 3683 427 427 3684 685 697 3685 426 426 3686 684 696 3687 428 428 3688 683 695 3689 428 428 3690 684 696 3691 427 427 3692 682 694 3693 428 428 3694 429 429 3695 428 428 3696 682 694 3697 683 695 3698 681 693 3699 429 429 3700 430 430 3701 429 429 3702 681 693 3703 682 694 3704 680 692 3705 430 430 3706 431 431 3707 430 430 3708 680 692 3709 681 693 3710 322 322 3711 466 466 3712 666 678 3713 466 466 3714 322 322 3715 321 321 3716 666 678 3717 464 464 3718 668 680 3719 464 464 3720 666 678 3721 466 466 3722 668 680 3723 351 351 3724 348 348 3725 351 351 3726 668 680 3727 464 464 3728 450 450 3729 423 423 3730 688 700 3731 423 423 3732 450 450 3733 422 422 3734 689 701 3735 3 3 3736 0 0 3737 3 3 3738 689 701 3739 55 55 3740 690 702 3741 55 55 3742 689 701 3743 55 55 3744 690 702 3745 58 58 3746 690 702 3747 61 61 3748 58 58 3749 61 61 3750 690 702 3751 54 54 3752 54 54 3753 63 63 3754 61 61 3755 63 63 3756 54 54 3757 52 52 3758 52 52 3759 65 65 3760 63 63 3761 65 65 3762 52 52 3763 50 50 3764 50 50 3765 67 67 3766 65 65 3767 67 67 3768 50 50 3769 48 48 3770 48 48 3771 69 69 3772 67 67 3773 69 69 3774 48 48 3775 46 46 3776 46 46 3777 71 71 3778 69 69 3779 71 71 3780 46 46 3781 43 43 3782 41 41 3783 71 71 3784 43 43 3785 71 71 3786 41 41 3787 72 72 3788 38 38 3789 72 72 3790 41 41 3791 72 72 3792 38 38 3793 74 74 3794 40 40 3795 74 74 3796 38 38 3797 74 74 3798 40 40 3799 34 34 3800 691 703 3801 78 78 3802 76 76 3803 78 78 3804 691 703 3805 77 77 3806 77 77 3807 691 703 3808 692 704 3809 692 704 3810 691 703 3811 693 705 3812 80 80 3813 30 30 3814 28 28 3815 30 30 3816 80 80 3817 33 33 3818 82 82 3819 28 28 3820 26 26 3821 28 28 3822 82 82 3823 80 80 3824 84 84 3825 26 26 3826 23 23 3827 26 26 3828 84 84 3829 82 82 3830 84 84 3831 20 20 3832 85 85 3833 20 20 3834 84 84 3835 23 23 3836 85 85 3837 19 19 3838 18 18 3839 19 19 3840 85 85 3841 20 20 3842 87 87 3843 16 16 3844 89 89 3845 16 16 3846 87 87 3847 18 18 3848 89 89 3849 14 14 3850 91 91 3851 14 14 3852 89 89 3853 16 16 3854 91 91 3855 12 12 3856 93 93 3857 12 12 3858 91 91 3859 14 14 3860 93 93 3861 11 11 3862 95 95 3863 11 11 3864 93 93 3865 12 12 3866 694 706 3867 125 125 3868 128 128 3869 125 125 3870 694 706 3871 124 124 3872 145 145 3873 695 707 3874 143 143 3875 695 707 3876 145 145 3877 189 189 3878 694 706 3879 123 123 3880 124 124 3881 123 123 3882 694 706 3883 696 708 3884 696 708 3885 122 122 3886 123 123 3887 122 122 3888 696 708 3889 697 709 3890 697 709 3891 76 76 3892 122 122 3893 76 76 3894 697 709 3895 691 703 3896 29 29 3897 698 710 3898 699 711 3899 698 710 3900 29 29 3901 140 140 3902 140 140 3903 29 29 3904 37 37 3905 37 37 3906 29 29 3907 566 577 3908 77 77 3909 700 712 3910 115 115 3911 700 712 3912 77 77 3913 692 704 3914 115 115 3915 701 713 3916 114 114 3917 701 713 3918 115 115 3919 700 712 3920 114 114 3921 702 714 3922 113 113 3923 702 714 3924 114 114 3925 701 713 3926 112 112 3927 702 714 3928 703 715 3929 702 714 3930 112 112 3931 113 113 3932 111 111 3933 703 715 3934 704 716 3935 703 715 3936 111 111 3937 112 112 3938 110 110 3939 704 716 3940 705 717 3941 704 716 3942 110 110 3943 111 111 3944 109 109 3945 705 717 3946 706 718 3947 705 717 3948 109 109 3949 110 110 3950 108 108 3951 706 718 3952 707 719 3953 706 718 3954 108 108 3955 109 109 3956 107 107 3957 707 719 3958 708 720 3959 707 719 3960 107 107 3961 108 108 3962 107 107 3963 709 721 3964 106 106 3965 709 721 3966 107 107 3967 708 720 3968 106 106 3969 710 722 3970 105 105 3971 710 722 3972 106 106 3973 709 721 3974 105 105 3975 711 723 3976 103 103 3977 711 723 3978 105 105 3979 710 722 3980 103 103 3981 712 724 3982 101 101 3983 712 724 3984 103 103 3985 711 723 3986 712 724 3987 99 99 3988 101 101 3989 99 99 3990 712 724 3991 713 725 3992 713 725 3993 97 97 3994 99 99 3995 97 97 3996 713 725 3997 714 726 3998 714 726 3999 96 96 4000 97 97 4001 96 96 4002 714 726 4003 715 727 4004 716 728 4005 96 96 4006 715 727 4007 96 96 4008 716 728 4009 94 94 4010 131 131 4011 94 94 4012 716 728 4013 94 94 4014 131 131 4015 92 92 4016 143 143 4017 47 47 4018 49 49 4019 47 47 4020 143 143 4021 695 707 4022 695 707 4023 45 45 4024 47 47 4025 45 45 4026 695 707 4027 138 138 4028 138 138 4029 44 44 4030 45 45 4031 44 44 4032 138 138 4033 135 135 4034 135 135 4035 42 42 4036 44 44 4037 42 42 4038 135 135 4039 134 134 4040 139 139 4041 42 42 4042 134 134 4043 42 42 4044 139 139 4045 39 39 4046 140 140 4047 39 39 4048 139 139 4049 39 39 4050 140 140 4051 37 37 4052 717 729 4053 693 705 4054 691 703 4055 693 705 4056 717 729 4057 692 704 4058 692 704 4059 717 729 4060 718 730 4061 718 730 4062 717 729 4063 719 731 4064 27 27 4065 699 711 4066 720 732 4067 699 711 4068 27 27 4069 29 29 4070 25 25 4071 720 732 4072 721 733 4073 720 732 4074 25 25 4075 27 27 4076 25 25 4077 722 734 4078 24 24 4079 722 734 4080 25 25 4081 721 733 4082 24 24 4083 723 735 4084 22 22 4085 723 735 4086 24 24 4087 722 734 4088 22 22 4089 170 170 4090 21 21 4091 170 170 4092 22 22 4093 723 735 4094 19 19 4095 724 736 4096 17 17 4097 724 736 4098 19 19 4099 21 21 4100 17 17 4101 725 737 4102 15 15 4103 725 737 4104 17 17 4105 724 736 4106 15 15 4107 726 738 4108 13 13 4109 726 738 4110 15 15 4111 725 737 4112 13 13 4113 727 739 4114 10 10 4115 727 739 4116 13 13 4117 726 738 4118 8 8 4119 727 739 4120 728 740 4121 727 739 4122 8 8 4123 10 10 4124 6 6 4125 728 740 4126 729 741 4127 728 740 4128 6 6 4129 8 8 4130 5 5 4131 729 741 4132 730 742 4133 729 741 4134 5 5 4135 6 6 4136 731 743 4137 5 5 4138 730 742 4139 5 5 4140 731 743 4141 2 2 4142 732 744 4143 2 2 4144 731 743 4145 2 2 4146 732 744 4147 0 0 4148 733 745 4149 0 0 4150 732 744 4151 0 0 4152 733 745 4153 689 701 4154 734 746 4155 689 701 4156 733 745 4157 689 701 4158 734 746 4159 690 702 4160 734 746 4161 54 54 4162 690 702 4163 54 54 4164 734 746 4165 53 53 4166 735 747 4167 126 126 4168 129 129 4169 126 126 4170 735 747 4171 128 128 4172 736 748 4173 128 128 4174 735 747 4175 128 128 4176 736 748 4177 694 706 4178 736 748 4179 696 708 4180 694 706 4181 696 708 4182 736 748 4183 737 749 4184 737 749 4185 697 709 4186 696 708 4187 697 709 4188 737 749 4189 738 750 4190 738 750 4191 691 703 4192 697 709 4193 691 703 4194 738 750 4195 717 729 4196 698 710 4197 118 118 4198 699 711 4199 118 118 4200 698 710 4201 116 116 4202 116 116 4203 698 710 4204 140 140 4205 116 116 4206 140 140 4207 120 120 4208 692 704 4209 739 751 4210 700 712 4211 739 751 4212 692 704 4213 718 730 4214 700 712 4215 740 752 4216 701 713 4217 740 752 4218 700 712 4219 739 751 4220 701 713 4221 741 753 4222 702 714 4223 741 753 4224 701 713 4225 740 752 4226 703 715 4227 741 753 4228 742 754 4229 741 753 4230 703 715 4231 702 714 4232 704 716 4233 742 754 4234 743 755 4235 742 754 4236 704 716 4237 703 715 4238 705 717 4239 743 755 4240 744 756 4241 743 755 4242 705 717 4243 704 716 4244 706 718 4245 744 756 4246 745 757 4247 744 756 4248 706 718 4249 705 717 4250 707 719 4251 745 757 4252 746 758 4253 745 757 4254 707 719 4255 706 718 4256 708 720 4257 746 758 4258 747 759 4259 746 758 4260 708 720 4261 707 719 4262 708 720 4263 748 760 4264 709 721 4265 748 760 4266 708 720 4267 747 759 4268 709 721 4269 749 761 4270 710 722 4271 749 761 4272 709 721 4273 748 760 4274 710 722 4275 750 762 4276 711 723 4277 750 762 4278 710 722 4279 749 761 4280 711 723 4281 751 763 4282 712 724 4283 751 763 4284 711 723 4285 750 762 4286 751 763 4287 713 725 4288 712 724 4289 713 725 4290 751 763 4291 752 764 4292 752 764 4293 714 726 4294 713 725 4295 714 726 4296 752 764 4297 753 765 4298 753 765 4299 715 727 4300 714 726 4301 715 727 4302 753 765 4303 754 766 4304 755 767 4305 715 727 4306 754 766 4307 715 727 4308 755 767 4309 716 728 4310 189 189 4311 138 138 4312 695 707 4313 138 138 4314 189 189 4315 137 137 4316 132 132 4317 716 728 4318 755 767 4319 716 728 4320 132 132 4321 131 131 4322 127 127 4323 92 92 4324 131 131 4325 92 92 4326 127 127 4327 90 90 4328 132 565 4329 129 565 4330 130 565 4331 129 565 4332 132 565 4333 735 565 4334 735 565 4335 132 565 4336 755 565 4337 735 565 4338 755 565 4339 754 768 4340 735 565 4341 754 768 4342 736 769 4343 736 769 4344 754 768 4345 753 770 4346 736 769 4347 753 770 4348 737 771 4349 737 771 4350 753 770 4351 752 772 4352 737 771 4353 752 772 4354 738 773 4355 738 773 4356 752 772 4357 751 774 4358 738 773 4359 751 774 4360 717 565 4361 717 565 4362 751 774 4363 750 775 4364 717 565 4365 750 775 4366 719 565 4367 719 565 4368 750 775 4369 718 776 4370 718 776 4371 750 775 4372 749 777 4373 718 776 4374 749 777 4375 739 778 4376 739 778 4377 749 777 4378 748 779 4379 739 778 4380 748 779 4381 740 780 4382 740 780 4383 748 779 4384 747 781 4385 740 780 4386 747 781 4387 741 565 4388 741 565 4389 747 781 4390 746 565 4391 741 565 4392 746 565 4393 742 565 4394 742 565 4395 746 565 4396 745 565 4397 742 565 4398 745 565 4399 743 565 4400 743 565 4401 745 565 4402 744 565 4403 3 3 4404 104 104 4405 1 1 4406 104 104 4407 3 3 4408 56 56 4409 699 711 4410 179 179 4411 720 732 4412 179 179 4413 699 711 4414 118 118 4415 720 732 4416 177 177 4417 721 733 4418 177 177 4419 720 732 4420 179 179 4421 721 733 4422 175 175 4423 722 734 4424 175 175 4425 721 733 4426 177 177 4427 722 734 4428 172 172 4429 723 735 4430 172 172 4431 722 734 4432 175 175 4433 723 735 4434 171 171 4435 170 170 4436 171 171 4437 723 735 4438 172 172 4439 21 21 4440 168 168 4441 724 736 4442 168 168 4443 21 21 4444 170 170 4445 724 736 4446 166 166 4447 725 737 4448 166 166 4449 724 736 4450 168 168 4451 725 737 4452 164 164 4453 726 738 4454 164 164 4455 725 737 4456 166 166 4457 726 738 4458 162 162 4459 727 739 4460 162 162 4461 726 738 4462 164 164 4463 727 739 4464 160 160 4465 728 740 4466 160 160 4467 727 739 4468 162 162 4469 729 741 4470 160 160 4471 158 158 4472 160 160 4473 729 741 4474 728 740 4475 730 742 4476 158 158 4477 156 156 4478 158 158 4479 730 742 4480 729 741 4481 154 154 4482 730 742 4483 156 156 4484 730 742 4485 154 154 4486 731 743 4487 152 152 4488 731 743 4489 154 154 4490 731 743 4491 152 152 4492 732 744 4493 151 151 4494 732 744 4495 152 152 4496 732 744 4497 151 151 4498 733 745 4499 144 144 4500 49 49 4501 51 51 4502 49 49 4503 144 144 4504 143 143 4505 147 147 4506 51 51 4507 53 53 4508 51 51 4509 147 147 4510 144 144 4511 151 151 4512 734 746 4513 733 745 4514 734 746 4515 151 151 4516 149 149 4517 149 149 4518 53 53 4519 734 746 4520 53 53 4521 149 149 4522 147 147 4523</p>
        </triangles>
      </mesh>
    </geometry>
    <geometry id="Síť_016-mesh" name="Síť.016">
      <mesh>
        <source id="Síť_016-mesh-positions">
          <float_array id="Síť_016-mesh-positions-array" count="546">1.020141 0.7467347 -4.414e-7 1.741489 0.3415697 -8.000001 1.020141 0.7467347 -8.000001 1.741489 0.3415697 -4.414e-7 1.02014 15.20784 -4.414e-7 0.4666301 14.67982 -8.000001 1.02014 15.20784 -8.000001 0.4666301 14.67982 -4.414e-7 6.965952 2.549513 -4.414e-7 6.847272 1.889651 -8.000001 6.847272 1.889651 -4.414e-7 6.965952 2.549513 -8.000001 0.118681 1.88965 -8.000001 0.4666318 1.274756 -4.414e-7 0.4666318 1.274756 -8.000001 0.118681 1.88965 -4.414e-7 6.847271 14.06493 -4.414e-7 6.49932 14.67982 -8.000001 6.847271 14.06493 -8.000001 6.49932 14.67982 -4.414e-7 5.94581 15.20784 -8.000001 5.94581 15.20784 -4.414e-7 6.499321 1.274757 -8.000001 6.499321 1.274757 -4.414e-7 4.384435 15.86771 -4.414e-7 3.482975 15.95458 -1 4.384435 15.85573 -1 5.224464 0.3415702 -4.414e-7 5.945812 0.7467353 -8.000001 5.224464 0.3415702 -8.000001 5.945812 0.7467353 -4.414e-7 2.47652 0.1187075 -0.9999363 2.581517 0.09884333 -1 2.581517 0.08687239 -4.414e-7 3.482975 15.95458 -4.414e-7 5.224462 15.61301 -4.414e-7 5.224462 15.61301 -8.000001 1.40751e-6 2.900832 -8.000001 1.40751e-6 2.900832 -1 1.45457e-6 2.549512 -8.000001 1.45457e-6 2.549512 -4.414e-7 0 13.40506 -4.414e-7 0 13.05375 -1 0 13.05375 -8.000001 0 13.40506 -8.000001 0.1186794 14.06493 -4.414e-7 0.1186794 14.06493 -8.000001 6.96595 13.40507 -4.414e-7 6.96595 13.40507 -8.000001 1.741487 15.61301 -8.000001 1.741487 15.61301 -4.414e-7 2.581515 15.85573 -1 2.581515 15.8677 -4.414e-7 2.581517 0.08687239 -8.000001 5.576631 14.79747 -8.000001 4.963413 15.18936 -1 4.963413 15.18936 -8.000001 5.576631 14.79747 -1 6.047169 14.28674 -8.000001 6.047169 14.28674 -1 6.342962 13.69199 -8.000001 6.342962 13.69199 -1 6.448318 13.02549 -8.000001 6.448318 13.02549 -1 6.448319 2.92909 -8.000001 6.448319 2.92909 -1 2.716646 0.5188624 -1 3.482977 0.4348357 -8.000001 2.716646 0.5188624 -8.000001 3.482977 0.4348357 -1 2.002539 0.7652164 -8.000001 2.002539 0.7652164 -1 1.389321 1.157109 -1 1.389321 1.157109 -8.000001 0.918783 1.667834 -1 0.918783 1.667834 -8.000001 0.6229901 2.262585 -1 0.6229901 2.262585 -8.000001 0.517634 2.929089 -1 0.517634 2.929089 -8.000001 6.342963 2.262586 -8.000001 6.342963 2.262586 -1 6.047171 1.667834 -8.000001 6.047171 1.667834 -1 5.576632 1.15711 -8.000001 5.576632 1.15711 -1 4.963415 0.7652168 -8.000001 4.963415 0.7652168 -1 4.249308 0.5188626 -8.000001 4.249308 0.5188626 -1 0.1186794 13.80453 -1 0.1186794 13.80453 -8.000001 0.118681 2.150041 -8.000001 0.4666301 14.50416 -8.000001 0.4666318 1.450416 -8.000001 0.5176326 13.02549 -8.000001 0.6229885 13.69199 -8.000001 1.02014 15.10494 -8.000001 0.9187812 14.28674 -8.000001 1.389319 14.79747 -8.000001 1.741487 15.56594 -8.000001 2.002537 15.18936 -8.000001 2.581515 15.8677 -8.000001 2.716644 15.43571 -8.000001 3.482975 15.95458 -8.000001 3.482975 15.51974 -8.000001 4.384435 15.86771 -8.000001 4.249306 15.43571 -8.000001 5.224462 15.56594 -8.000001 5.94581 15.10494 -8.000001 6.49932 14.50416 -8.000001 1.020141 0.8496338 -8.000001 1.741489 0.3886376 -8.000001 3.482977 0 -8.000001 4.384438 0.08687263 -8.000001 5.224464 0.3886381 -8.000001 5.945812 0.8496344 -8.000001 6.499321 1.450416 -8.000001 6.847271 13.80454 -8.000001 6.847272 2.150042 -8.000001 6.96595 13.05375 -8.000001 6.965951 2.900833 -8.000001 6.499321 1.450416 -1 5.945812 0.8496344 -1 6.847272 2.150042 -1 5.224462 15.56594 -1 5.94581 15.10494 -1 6.96595 13.05375 -1 6.965951 2.900833 -1 6.49932 14.50416 -1 6.847271 13.80454 -1 0.4666318 1.450416 -1 0.5176326 13.02549 -1 1.020141 0.8496338 -1 1.741489 0.3886376 -1 3.482977 0 -1 4.384438 0.09884357 -1 5.224464 0.3886381 -1 0.118681 2.150041 -1 0.4666301 14.50416 -1 0.6229885 13.69199 -1 1.02014 15.10494 -1 0.9187812 14.28674 -1 1.389319 14.79747 -1 1.741487 15.56594 -1 2.002537 15.18936 -1 2.476518 15.83587 -0.9999363 2.716644 15.43571 -1 3.482975 15.51974 -1 4.249306 15.43571 -1 3.482977 0 -4.414e-7 4.384438 0.08687263 -4.414e-7 0 13.05375 -8.000001 0.1186794 14.06493 -8.000001 0 13.40506 -8.000001 1.40751e-6 2.900832 -8.000001 1.45457e-6 2.549512 -8.000001 0.118681 1.88965 -8.000001 0.4666301 14.67982 -8.000001 0.4666318 1.274756 -8.000001 1.02014 15.20784 -8.000001 1.020141 0.7467347 -8.000001 1.741487 15.61301 -8.000001 1.741489 0.3415697 -8.000001 2.581515 15.8677 -8.000001 2.581517 0.08687239 -8.000001 3.482975 15.95458 -8.000001 3.482977 0 -8.000001 4.384435 15.86771 -8.000001 4.384438 0.08687263 -8.000001 5.224462 15.61301 -8.000001 5.224464 0.3415702 -8.000001 5.94581 15.20784 -8.000001 5.945812 0.7467353 -8.000001 6.49932 14.67982 -8.000001 6.499321 1.274757 -8.000001 6.847271 14.06493 -8.000001 6.847272 1.889651 -8.000001 6.96595 13.40507 -8.000001 6.965952 2.549513 -8.000001 6.96595 13.05375 -8.000001 6.965951 2.900833 -8.000001</float_array>
          <technique_common>
            <accessor source="#Síť_016-mesh-positions-array" count="182" stride="3">
              <param name="X" type="float"/>
              <param name="Y" type="float"/>
              <param name="Z" type="float"/>
            </accessor>
          </technique_common>
        </source>
        <source id="Síť_016-mesh-normals">
          <float_array id="Síť_016-mesh-normals-array" count="1041">0.5946257 0.8040028 0 0.3917785 0.9200593 -7.01335e-4 0.5946258 0.8040027 0 0.391878 0.9200171 -5.53949e-4 0.5946259 -0.8040027 0 0.7887932 -0.6146588 0 0.594626 -0.8040025 0 0.7887932 -0.6146589 0 -0.9842081 0.1770154 0 -0.9405922 0.3395386 0 -0.9405841 0.3395609 0 -0.940582 0.339567 0 -0.9842081 0.1770153 0 0.9405843 0.3395605 0 0.7887929 0.6146592 0 0.788793 0.6146591 0 0.9405922 0.3395384 0 -0.9405843 -0.3395603 0 -0.788793 -0.6146591 0 -0.9405841 -0.339561 0 -0.7887927 -0.6146594 0 -0.5946259 -0.8040027 0 -0.5946255 -0.8040028 0 -0.788793 0.6146591 0 -0.7887929 0.6146591 0 -0.1968661 -0.9803932 0.008551955 0.003079354 -0.9999903 0.003179848 -0.2244972 -0.9744582 0.005690336 -0.3895173 0.9210191 -4.3834e-4 -0.594626 0.8040025 0 -0.3922517 0.919858 0 -0.5946259 0.8040025 0 0.2383692 0.9711567 0.005889296 0.1631715 0.9865311 0.01146411 0.1631826 0.9865293 0.01146346 0.1933118 0.9811321 0.003206312 0.003080964 -0.9999903 0.003179848 -0.3894921 -0.9210245 0.003127396 -0.3917745 -0.9200609 -7.58037e-4 1 1.33952e-7 0 1 1.33953e-7 0 1 1.33952e-7 0 1 1.33993e-7 0 1 1.33993e-7 0 1 1.34002e-7 0 1 1.33953e-7 0 1 1.34017e-7 0 1 1.34034e-7 0 1 1.34034e-7 0 0.9405844 -0.3395602 0 0.9405923 -0.3395383 0 -0.9842083 -0.1770143 0 -0.9842081 -0.1770156 0 0.9842083 0.1770148 0 0.9405822 0.3395664 0 0.9842082 0.1770148 0 0.9405823 -0.3395659 0 0.9842083 -0.1770142 0 0.9842084 -0.1770143 0 0.3916051 -0.9201334 -2.74514e-4 0.3916357 -0.9201204 -1.54525e-4 0.1028739 -0.9946787 0.005582749 0.09591907 -0.9953179 0.01191538 0.2901569 0.9569777 -0.001636505 -0.6422986 -0.7664545 0 -0.4353511 -0.9002609 0 -0.4353507 -0.9002609 0 -0.6422987 -0.7664546 0 -0.823642 -0.5671102 0 -0.8236428 -0.5671091 0 -0.9525936 -0.3042457 0 -0.9525941 -0.3042443 0 -0.9877358 -0.1561349 0 -0.9877358 -0.1561349 0 -1 -1.49613e-7 0 -1 -1.74239e-7 0 -1 -2.15901e-7 0 -1 0 0 0.2189171 0.9757435 0 0 1 0 0.2189173 0.9757435 0 -1.1929e-7 1 0 0.4353505 0.9002611 0 0.4353504 0.9002612 0 0.6422982 0.7664549 0 0.6422984 0.7664548 0 0.8236426 0.5671092 0 0.8236426 0.5671094 0 0.9525939 0.3042451 0 0.9525938 0.3042452 0 0.9877359 0.1561342 0 0.9877359 0.1561341 0 -0.9877358 0.1561346 0 -0.9525938 0.3042454 0 -0.9525938 0.3042453 0 -0.9877358 0.1561347 0 -0.8236429 0.5671088 0 -0.8236427 0.5671092 0 -0.6422989 0.7664542 0 -0.6422984 0.7664548 0 -0.4353508 0.9002609 0 -0.4353505 0.9002611 0 -0.2189174 0.9757435 0 -0.2189174 0.9757434 0 1 1.33993e-7 0 1 1.33993e-7 0 -0.9525939 0.3042449 0 -0.9877359 0.1561341 0 -0.9877359 0.1561341 0 -0.9525939 0.3042449 0 -6.84519e-6 0 -1 1.09917e-5 0 -1 0 0 -1 5.373e-7 0 -1 2.17649e-7 0 -1 0 0 -1 1.85732e-5 0 -1 -4.12404e-6 0 -1 0 0 -1 -4.03611e-6 0 -1 1.72811e-7 0 -1 3.02979e-7 0 -1 2.4922e-7 0 -1 -1.302e-7 0 -1 -5.5045e-7 0 -1 5.06456e-7 0 -1 1.28544e-7 0 -1 4.70821e-7 0 -1 5.9634e-7 0 -1 0 0 -1 -3.02979e-7 0 -1 4.67383e-7 0 -1 1.05686e-6 0 -1 8.85086e-7 0 -1 1.56294e-6 0 -1 8.14976e-6 0 -1 5.82762e-7 0 -1 -2.12682e-5 0 -1 0 0 -1 5.19156e-7 0 -1 3.45624e-7 0 -1 -4.77301e-7 0 -1 0 0 -1 0 0 -1 0 0 -1 1.37846e-6 0 -1 5.40572e-7 0 -1 -4.98442e-7 0 -1 -8.44612e-7 0 -1 -8.13008e-7 0 -1 -1.97139e-7 0 -1 -1.37823e-6 0 -1 -3.95868e-7 0 -1 3.53368e-6 0 -1 -2.72486e-7 0 -1 6.45963e-7 0 -1 -1.3278e-6 0 -1 1.26635e-5 0 -1 0.6422981 -0.7664549 0 0.8236431 -0.5671086 0 0.6422991 -0.7664542 0 0.8236425 -0.5671095 0 0.9525939 -0.3042449 0 0.9525926 -0.3042491 4.03915e-6 0.4353511 0.9002608 0 0.4405822 0.8977121 7.50032e-4 0.642299 0.7664542 0 -1 0 0 -1 0 0 -1 0 0 -1 0 0 0.952594 0.3042444 0 0.8236423 0.5671097 0 0.9525921 0.3042503 -4.02611e-6 0.8236423 0.5671097 0 0.9877358 0.1561353 0 0.9526002 0.3042253 -1.08318e-5 0.9877361 0.1561326 0 3.21413e-7 0 1 0 0 1 0 0 1 -4.8596e-7 0 1 0 0 1 -5.69409e-7 0 1 0 0 1 -3.13682e-5 2.17221e-5 1 -1.7309e-5 4.15386e-5 1 -2.38853e-4 1.39452e-5 1 5.77861e-5 4.11911e-5 1 -8.87569e-7 5.00717e-7 1 0 0 1 0 0 1 0 0 1 0 0 1 -3.57741e-7 0 1 -1.85623e-7 0 1 0 0 1 0 0 1 1.60049e-7 0 1 1.23996e-7 0 1 0 0 1 0 0 1 9.5107e-7 0 1 0 0 1 -1.84161e-7 0 1 -4.64094e-7 0 1 4.6287e-7 0 1 -1.37899e-6 0 1 -9.89339e-7 0 1 -5.93601e-7 0 1 4.66355e-7 0 1 -5.17121e-7 0 1 0 0 1 0 0 1 -5.0936e-7 0 1 -3.13681e-5 -2.17221e-5 1 -1.73089e-5 -4.15384e-5 1 2.39888e-4 1.39409e-5 1 5.78522e-5 -4.11908e-5 1 -7.1375e-7 -4.67135e-7 1 0 0 1 0 0 1 0 0 1 0 0 1 0 0 1 0 0 1 0 0 1 -1.9036e-7 0 1 4.41711e-7 0 1 0 0 1 0.9877359 -0.1561341 0 0.9877362 -0.1561328 0 0.952601 -0.3042227 1.08318e-5 -0.6422984 0.7664547 0 -0.823643 0.5671089 0 -0.8236429 0.5671089 0 -1 -1.30561e-6 7.00105e-7 -1 -3.34292e-6 3.54201e-7 -1 -5.4291e-6 0 -1 -1.75703e-7 8.91946e-7 -1 0 0 -1 5.45489e-7 0 -1 1.80776e-6 0 -1 0 0 -1 -3.10234e-6 0 -0.3334246 -0.9427769 -9.65595e-6 -0.4386435 -0.8986613 -6.12065e-5 -0.441035 -0.8974896 7.34164e-4 -0.3334388 -0.9427719 -1.99778e-5 -0.3380796 -0.9411162 0.001609385 1.28792e-5 0.9999798 0.006357729 0 1 0 -0.1020398 0.9947648 0.005567014 -0.1020677 0.9947618 0.00559169 -0.1089873 0.993972 0.01189875 -7.15256e-7 0.9999799 0.006350517 -3.258e-5 1 4.72617e-5 0.09699732 0.9952846 1.39396e-4 2.1188e-5 1 -3.09644e-5 0.1089949 0.9940409 0.001699686 0 -0.9999988 0.001569867 1.33424e-7 -1 0 0.09699696 -0.9952847 1.39415e-4 0.1089948 -0.994041 0.001699924 0.3270912 0.9449928 1.29375e-4 0.4406121 0.8976973 7.51351e-4 0.3380787 0.9411165 0.001609325 0.32702 0.9450175 1.20729e-4 0.3261209 -0.9453267 0.001616597 0.3371208 -0.9414615 1.29991e-4 0.4358114 -0.9000378 7.48234e-4 0.4410488 -0.8974831 0 -0.1089946 -0.994041 0.001699924 -0.09699672 -0.9952848 1.39415e-4 0.2893825 -0.9572136 -1.85238e-4 0.2893804 -0.9572142 -1.82896e-4 0.2893955 -0.9572097 -1.85998e-4 0.2893799 -0.9572144 -1.68275e-4 0.2893982 -0.9572088 -1.86204e-4 -0.2840113 0.9588208 -6.031e-4 -0.2897104 0.9571145 -4.45484e-5 -0.3894842 0.9210332 -2.7965e-4 -0.2840058 0.9588224 -6.03677e-4 -0.2840048 0.9588227 -6.03112e-4 -0.2901571 -0.9569777 -0.001636445 -0.107927 0.9941589 1.39448e-4 -0.0959258 0.9953871 0.001702308 -0.3334243 0.942777 -1.57001e-5 -0.3380798 0.9411162 0.001609325 -0.440591 0.8977077 7.44707e-4 -0.4386377 0.8986641 -7.2245e-5 -0.3334347 0.9427732 -2.01333e-5 -0.9877359 -0.1561341 0 -0.9525938 -0.3042452 0 -0.9525939 -0.3042452 0 -0.9877359 -0.1561342 0 -0.8236426 -0.5671094 0 -0.8236427 -0.5671093 0 -0.6422982 -0.7664549 0 -0.6422984 -0.7664547 0 1 1.33399e-7 0 1 1.36478e-7 0 1 1.28191e-7 0 1 1.41685e-7 0 0.987736 -0.1561335 0 0.9525939 -0.3042448 0 0.987736 -0.1561336 0 0.9525939 -0.3042448 0 0.8236426 -0.5671094 0 0.6422981 -0.7664549 0 0.4357747 -0.9000557 6.88684e-4 0.4357903 -0.900048 7.14091e-4 0.2189182 -0.9757432 0 0.2189182 -0.9757432 0 0 -1 0 -0.2189168 -0.9757435 0 -0.2189171 -0.9757435 0 -1.13419e-5 0 1 0 0 1 2.2873e-5 0 1 1.77188e-5 0 1 1.89059e-6 0 1 2.50546e-6 0 1 -1.65921e-6 0 1 1.31543e-6 0 1 -5.3238e-7 0 1 0 0 1 0 0 1 1.68342e-7 0 1 0 0 1 0 0 1 0 0 1 -3.91954e-7 0 1 0 0 1 1.28455e-7 0 1 0 0 1 3.16262e-7 0 1 0 0 1 -6.29345e-7 0 1 5.86212e-7 0 1 -8.62999e-7 0 1 2.99935e-6 0 1 -3.11821e-6 0 1 0 0 1 7.40236e-7 0 1 4.30055e-5 -2.07993e-5 1 2.45571e-5 -4.05821e-5 1</float_array>
          <technique_common>
            <accessor source="#Síť_016-mesh-normals-array" count="347" stride="3">
              <param name="X" type="float"/>
              <param name="Y" type="float"/>
              <param name="Z" type="float"/>
            </accessor>
          </technique_common>
        </source>
        <source id="Síť_016-mesh-map-0">
          <float_array id="Síť_016-mesh-map-0-array" count="1848">-0.005155026 0 -0.01329821 -0.07874011 -0.005155026 -0.07874011 -0.01329821 -0.07874011 -0.005155026 0 -0.01329821 0 0.1105843 0 0.1030551 -0.07874011 0.1105843 -0.07874011 0.1030551 -0.07874011 0.1105843 0 0.1030551 0 -0.03683388 0 -0.03023499 -0.07874011 -0.03023499 0 -0.03023499 -0.07874011 -0.03683388 0 -0.03683388 -0.07874011 0.0156117 -0.07874011 0.008657753 0 0.008657753 -0.07874011 0.008657753 0 0.0156117 -0.07874011 0.0156117 0 -0.08729106 0 -0.09424495 -0.07874011 -0.08729106 -0.07874011 -0.09424495 -0.07874011 -0.08729106 0 -0.09424495 0 -0.05344527 0 -0.06097453 -0.07874011 -0.05344527 -0.07874011 -0.06097453 -0.07874011 -0.05344527 0 -0.06097453 0 0.005337178 0 -0.00219202 -0.07874011 0.005337178 -0.07874011 -0.00219202 -0.07874011 0.005337178 0 -0.00219202 0 -0.04937791 0 -0.04242402 -0.07874011 -0.04242402 0 -0.04242402 -0.07874011 -0.04937791 0 -0.04937791 -0.07874011 0.02587413 0.001903176 0.01696115 -0.007939994 0.02588701 -0.007939994 -0.04648017 0 -0.0546233 -0.07874011 -0.04648017 -0.07874011 -0.0546233 -0.07874011 -0.04648017 0 -0.0546233 0 -0.02373307 -0.00990796 -0.02478486 -0.009908616 -0.01621687 -0.07881104 -0.02478486 -0.009908616 -0.02373307 -0.00990796 -0.02480673 -6.54398e-5 -0.0154277 0 -0.02373307 -0.00990796 -0.01621687 -0.07881104 -0.02373307 -0.00990796 -0.0154277 0 -0.02480673 -6.54398e-5 0.02797359 0 0.01905983 0 0.01905983 -0.009842514 -0.02227842 -0.07874011 -0.03023499 0 -0.03023499 -0.07874011 -0.03023499 0 -0.02227842 -0.07874011 -0.02227842 0 0.02855145 -0.07874011 0.02855145 -0.009842514 0.02509361 -0.07874011 0.02509361 0 0.02855145 -0.009842514 0.1319396 0 0.02855145 -0.009842514 0.02509361 0 0.02509361 -0.07874011 0.1319396 0 0.02855145 -0.009842514 0.1284817 -0.009842514 0.1319396 0 0.1284817 -0.009842514 0.1284817 -0.07874011 0.1319396 0 0.1284817 -0.07874011 0.1319396 -0.07874011 0.1284817 -0.07874011 0.1210573 0 0.1210573 -0.07874011 0.1210573 0 0.1284817 -0.07874011 0.1280112 0 -0.1177194 0 -0.1243184 -0.07874011 -0.1177194 -0.07874011 -0.1243184 -0.07874011 -0.1177194 0 -0.1243184 0 -0.04648017 -0.07874011 -0.0546233 0 -0.0546233 -0.07874011 -0.0546233 0 -0.04648017 -0.07874011 -0.04648017 0 0.02509361 -0.07874011 0.01905983 0 0.01809841 -0.07874011 0.01905983 0 0.02509361 -0.07874011 0.02509361 0 0.1364549 -0.07874011 0.129856 0 0.129856 -0.07874011 0.129856 0 0.1364549 -0.07874011 0.1364549 0 0.0902 -0.07874011 0.08205682 0 0.08205682 -0.07874011 0.08205682 0 0.0902 -0.07874011 0.0902 0 0.05119282 0 0.04226702 -0.009842514 0.05119282 -0.009842514 0.04918646 0.001823186 0.04027271 0.001823186 0.04026138 -0.008019983 -0.02373307 -0.00990796 -0.0240674 -0.07872664 -0.01621687 -0.07881104 -0.03217959 -0.07874011 -0.03934246 -0.009842514 -0.03934246 -0.07874011 -0.03934246 -0.009842514 -0.03217959 -0.07874011 -0.03217959 -0.009842514 -0.06992286 -0.009842514 -0.06308782 -0.07874011 -0.06308782 -0.009842514 -0.06308782 -0.07874011 -0.06992286 -0.009842514 -0.06992286 -0.07874011 -0.09940153 -0.009842514 -0.09286367 -0.07874011 -0.09286367 -0.009842514 -0.09286367 -0.07874011 -0.09940153 -0.009842514 -0.09940153 -0.07874011 -0.1233633 -0.009842514 -0.1177194 -0.07874011 -0.1167218 -0.009842514 -0.1177194 -0.07874011 -0.1233633 -0.009842514 -0.1243184 -0.07874011 -0.1282036 -0.009842514 -0.02882957 -0.07874011 -0.02882957 -0.009842514 -0.02882957 -0.07874011 -0.1282036 -0.009842514 -0.1282036 -0.07874011 -0.02602267 -0.009842514 -0.03361052 -0.07874011 -0.02602267 -0.07874011 -0.03361052 -0.07874011 -0.02602267 -0.009842514 -0.03361052 -0.009842514 -0.01621687 -0.07881104 -0.02373307 -0.00990796 -0.0240674 -0.07872664 -0.02373307 -0.00990796 -0.01621687 -0.07881104 -0.01617616 -0.009842514 -0.005389451 -0.009842514 -0.01329821 -0.07874011 -0.005155026 -0.07874011 -0.01329821 -0.07874011 -0.005389451 -0.009842514 -0.01255232 -0.009842514 -8.8959e-4 -0.07874011 0.005945384 -0.009842514 -8.8959e-4 -0.009842514 0.005945384 -0.009842514 -8.8959e-4 -0.07874011 0.005337178 -0.07874011 0.01067125 -0.07874011 0.01720911 -0.009842514 0.01067125 -0.009842514 0.01720911 -0.009842514 0.01067125 -0.07874011 0.01809841 -0.07874011 0.021039 -0.07874011 0.02855145 -0.009842514 0.021039 -0.009842514 0.02855145 -0.009842514 0.021039 -0.07874011 0.02855145 -0.07874011 -0.03934246 -0.009842514 -0.03217959 -0.07874011 -0.03217959 -0.009842514 -0.03217959 -0.07874011 -0.03934246 -0.009842514 -0.03934246 -0.07874011 -0.04774045 -0.009842514 -0.0412026 -0.07874011 -0.0412026 -0.009842514 -0.0412026 -0.07874011 -0.04774045 -0.009842514 -0.04774045 -0.07874011 -0.05240201 -0.009842514 -0.04648017 -0.07874011 -0.04556703 -0.009842514 -0.04648017 -0.07874011 -0.05240201 -0.009842514 -0.05240201 -0.07874011 -0.04522013 -0.07874011 -0.05240201 -0.009842514 -0.05240201 -0.07874011 -0.05240201 -0.009842514 -0.04522013 -0.07874011 -0.04556703 -0.009842514 -0.0412026 -0.07874011 -0.04774045 -0.009842514 -0.04937791 -0.07874011 -0.04774045 -0.009842514 -0.0412026 -0.07874011 -0.0412026 -0.009842514 -0.03361052 -0.009842514 -0.04242402 -0.07874011 -0.03361052 -0.07874011 -0.04242402 -0.07874011 -0.03361052 -0.009842514 -0.0412026 -0.009842514 0.02855145 -0.07874011 0.1284817 -0.009842514 0.02855145 -0.009842514 0.1284817 -0.009842514 0.02855145 -0.07874011 0.1284817 -0.07874011 -0.1343874 -0.009842514 -0.126906 -0.07874011 -0.126906 -0.009842514 -0.126906 -0.07874011 -0.1343874 -0.009842514 -0.1343874 -0.07874011 -0.001168072 0.1358714 0 0.02855145 0 0.1284817 0 0.02855145 -0.001168072 0.1358714 -0.001168072 0.02116179 -0.001168072 0.02116179 -0.001168072 0.1358714 -0.004592776 0.1427575 -0.001168072 0.02116179 -0.004592776 0.1427575 -0.004592776 0.01427572 -0.004592776 0.01427572 -0.004592776 0.1427575 -0.005094766 0.1282036 -0.005094766 0.1282036 -0.004592776 0.1427575 -0.006131768 0.1347637 -0.006131768 0.1347637 -0.004592776 0.1427575 -0.0100407 0.1486707 -0.006131768 0.1347637 -0.0100407 0.1486707 -0.009043097 0.1406175 -0.009043097 0.1406175 -0.0100407 0.1486707 -0.01367437 0.1456443 -0.01367437 0.1456443 -0.0100407 0.1486707 -0.01714062 0.153208 -0.01367437 0.1456443 -0.01714062 0.153208 -0.01971 0.1495016 -0.01971 0.1495016 -0.01714062 0.153208 -0.02540856 0.1561782 -0.01971 0.1495016 -0.02540856 0.1561782 -0.02673858 0.1519263 -0.02673858 0.1519263 -0.02540856 0.1561782 -0.03428125 0.1570332 -0.02673858 0.1519263 -0.03428125 0.1570332 -0.03428125 0.1527534 -0.03428125 0.1527534 -0.03428125 0.1570332 -0.04315388 0.1561782 -0.03428125 0.1527534 -0.04315388 0.1561782 -0.04182386 0.1519263 -0.04182386 0.1519263 -0.04315388 0.1561782 -0.04885244 0.1495016 -0.04885244 0.1495016 -0.04315388 0.1561782 -0.05142188 0.153208 -0.04885244 0.1495016 -0.05142188 0.153208 -0.05488806 0.1456443 -0.05488806 0.1456443 -0.05142188 0.153208 -0.05852174 0.1486707 -0.05488806 0.1456443 -0.05852174 0.1486707 -0.05951935 0.1406176 -0.05951935 0.1406176 -0.05852174 0.1486707 -0.06396967 0.1427575 -0.05951935 0.1406176 -0.06396967 0.1427575 -0.06243067 0.1347637 -0.06243067 0.1347637 -0.06396967 0.1427575 -0.06346768 0.1282036 -0.06346768 0.1282036 -0.06396967 0.1427575 -0.06346768 0.02882957 -0.004592776 0.01427572 -0.006131768 0.02226948 -0.01004076 0.008362531 -0.006131768 0.02226948 -0.004592776 0.01427572 -0.005094766 0.02882957 -0.005094766 0.02882957 -0.004592776 0.01427572 -0.005094766 0.1282036 -0.01004076 0.008362531 -0.006131768 0.02226948 -0.009043097 0.01641565 -0.01004076 0.008362531 -0.009043097 0.01641565 -0.01367437 0.01138883 -0.01004076 0.008362531 -0.01367437 0.01138883 -0.01714062 0.003825128 -0.01714062 0.003825128 -0.01367437 0.01138883 -0.01971 0.007531642 -0.01714062 0.003825128 -0.01971 0.007531642 -0.02480673 -6.54398e-5 -0.02480673 -6.54398e-5 -0.01971 0.007531642 -0.02673864 0.005106866 -0.02480673 -6.54398e-5 -0.02673864 0.005106866 -0.03428125 0 -0.03428125 0 -0.02673864 0.005106866 -0.03428125 0.004279851 -0.03428125 0 -0.03428125 0.004279851 -0.04182386 0.005106866 -0.03428125 0 -0.04182386 0.005106866 -0.04242402 0 -0.04242402 0 -0.04182386 0.005106866 -0.0488525 0.007531642 -0.04242402 0 -0.0488525 0.007531642 -0.05142188 0.003825128 -0.05142188 0.003825128 -0.0488525 0.007531642 -0.05488806 0.01138883 -0.05142188 0.003825128 -0.05488806 0.01138883 -0.05852174 0.008362531 -0.05852174 0.008362531 -0.05488806 0.01138883 -0.05951935 0.01641565 -0.05852174 0.008362531 -0.05951935 0.01641565 -0.06396967 0.01427572 -0.06396967 0.01427572 -0.05951935 0.01641565 -0.06243073 0.02226954 -0.06396967 0.01427572 -0.06243073 0.02226954 -0.06346768 0.02882957 -0.06396967 0.01427572 -0.06346768 0.02882957 -0.06396967 0.1427575 -0.06396967 0.01427572 -0.06396967 0.1427575 -0.06739437 0.1358714 -0.06396967 0.01427572 -0.06739437 0.1358714 -0.06739437 0.02116179 -0.06739437 0.02116179 -0.06739437 0.1358714 -0.0685625 0.1284817 -0.06739437 0.02116179 -0.0685625 0.1284817 -0.0685625 0.02855145 0.04580336 -0.07874011 0.05384367 -0.009842514 0.04580336 -0.009842514 0.05384367 -0.009842514 0.04580336 -0.07874011 0.05384367 -0.07874011 0.04126828 -0.07874011 0.04895895 -0.009842514 0.04226702 -0.009842514 0.04895895 -0.009842514 0.04126828 -0.07874011 0.04895895 -0.07874011 0.03917336 -0.009842514 0.03074747 -0.07874011 0.03917336 -0.07874011 0.03074747 -0.07874011 0.03917336 -0.009842514 0.03074747 -0.009842514 -0.1282036 -0.009842514 -0.02882957 -0.07874011 -0.02882957 -0.009842514 -0.02882957 -0.07874011 -0.1282036 -0.009842514 -0.1282036 -0.07874011 0.09164518 -0.07874011 0.09933584 -0.009842514 0.09164518 -0.009842514 0.09933584 -0.009842514 0.09164518 -0.07874011 0.09933584 -0.07874011 0.1162011 -0.07874011 0.1236824 -0.009842514 0.1162011 -0.009842514 0.1236824 -0.009842514 0.1162011 -0.07874011 0.1236824 -0.07874011 0.06164622 -0.07874011 0.06968647 -0.009842514 0.06164622 -0.009842514 0.06968647 -0.009842514 0.06164622 -0.07874011 0.06968647 -0.07874011 0.004592835 0.01427572 0.005094826 0.02882957 0.005094766 0.1282036 0.005094826 0.02882957 0.004592835 0.01427572 0.006131768 0.02226948 0.006131768 0.02226948 0.004592835 0.01427572 0.01004076 0.008362531 0.006131768 0.02226948 0.01004076 0.008362531 0.009043097 0.01641565 0.009043097 0.01641565 0.01004076 0.008362531 0.01367437 0.01138883 0.01367437 0.01138883 0.01004076 0.008362531 0.01714062 0.003825128 0.01367437 0.01138883 0.01714062 0.003825128 0.01971 0.007531642 0.01971 0.007531642 0.01714062 0.003825128 0.0243752 0.00116837 0.01971 0.007531642 0.0243752 0.00116837 0.02673864 0.005106866 0.02673864 0.005106866 0.0243752 0.00116837 0.02587413 0.001903176 0.02673864 0.005106866 0.02587413 0.001903176 0.03428125 0 0.02673864 0.005106866 0.03428125 0 0.03428125 0.004279851 0.03428125 0.004279851 0.03428125 0 0.04182386 0.005106866 0.04182386 0.005106866 0.03428125 0 0.04315388 9.7287e-4 0.04182386 0.005106866 0.04315388 9.7287e-4 0.0488525 0.007531642 0.0488525 0.007531642 0.04315388 9.7287e-4 0.05142188 0.003825128 0.0488525 0.007531642 0.05142188 0.003825128 0.05488806 0.01138883 0.05488806 0.01138883 0.05142188 0.003825128 0.05852174 0.008362531 0.05488806 0.01138883 0.05852174 0.008362531 0.05951935 0.01641565 0.05951935 0.01641565 0.05852174 0.008362531 0.06396967 0.01427572 0.05951935 0.01641565 0.06396967 0.01427572 0.06243073 0.02226954 0.06243073 0.02226954 0.06396967 0.01427572 0.06346768 0.02882957 0.06346768 0.02882957 0.06396967 0.01427572 0.06396967 0.1427575 0.06396967 0.1427575 0.06396967 0.01427572 0.06739437 0.1358714 0.06739437 0.1358714 0.06396967 0.01427572 0.06739437 0.02116179 0.06739437 0.1358714 0.06739437 0.02116179 0.0685625 0.1284817 0.0685625 0.1284817 0.06739437 0.02116179 0.0685625 0.02855145 0 0.02855145 0.001168072 0.1358714 0 0.1284817 0.001168072 0.1358714 0 0.02855145 0.001168072 0.02116179 0.001168072 0.1358714 0.001168072 0.02116179 0.004592776 0.1427575 0.004592776 0.1427575 0.001168072 0.02116179 0.004592835 0.01427572 0.004592776 0.1427575 0.004592835 0.01427572 0.005094766 0.1282036 0.004592776 0.1427575 0.005094766 0.1282036 0.006131768 0.1347637 0.004592776 0.1427575 0.006131768 0.1347637 0.0100407 0.1486707 0.0100407 0.1486707 0.006131768 0.1347637 0.009043097 0.1406175 0.0100407 0.1486707 0.009043097 0.1406175 0.01367437 0.1456443 0.0100407 0.1486707 0.01367437 0.1456443 0.01714062 0.153208 0.01714062 0.153208 0.01367437 0.1456443 0.01971 0.1495016 0.01714062 0.153208 0.01971 0.1495016 0.02437514 0.1558648 0.02437514 0.1558648 0.01971 0.1495016 0.02673858 0.1519263 0.02437514 0.1558648 0.02673858 0.1519263 0.02540856 0.1560603 0.02540856 0.1560603 0.02673858 0.1519263 0.03428125 0.1570332 0.03428125 0.1570332 0.02673858 0.1519263 0.03428125 0.1527534 0.03428125 0.1570332 0.03428125 0.1527534 0.04315388 0.1560603 0.04315388 0.1560603 0.03428125 0.1527534 0.04182386 0.1519263 0.04315388 0.1560603 0.04182386 0.1519263 0.04885244 0.1495016 0.04315388 0.1560603 0.04885244 0.1495016 0.05142188 0.153208 0.05142188 0.153208 0.04885244 0.1495016 0.05488806 0.1456443 0.05142188 0.153208 0.05488806 0.1456443 0.05852174 0.1486707 0.05852174 0.1486707 0.05488806 0.1456443 0.05951935 0.1406176 0.05852174 0.1486707 0.05951935 0.1406176 0.06396967 0.1427575 0.06396967 0.1427575 0.05951935 0.1406176 0.06243067 0.1347637 0.06396967 0.1427575 0.06243067 0.1347637 0.06346768 0.1282036 0.06396967 0.1427575 0.06346768 0.1282036 0.06346768 0.02882957 0.03074747 -0.07874011 0.03917336 -0.009842514 0.03074747 -0.009842514 0.03917336 -0.009842514 0.03074747 -0.07874011 0.03917336 -0.07874011 -0.1167218 -0.009842514 -0.1081028 -0.07874011 -0.1081028 -0.009842514 -0.1081028 -0.07874011 -0.1167218 -0.009842514 -0.1161431 -0.07874011 -0.1298671 -0.009842514 -0.1221765 -0.07874011 -0.1221765 -0.009842514 -0.1221765 -0.07874011 -0.1298671 -0.009842514 -0.1298671 -0.07874011 -0.02480673 -6.54398e-5 -0.02882957 -0.009842514 -0.02602267 -0.07874011 -0.02882957 -0.009842514 -0.02480673 -6.54398e-5 -0.1319396 0 -0.02882957 -0.009842514 -0.1319396 0 -0.1282036 -0.009842514 -0.1282036 -0.009842514 -0.1319396 0 -0.1282036 -0.07874011 -0.1282036 -0.07874011 -0.1319396 0 -0.1319396 -0.07874011 -0.02882957 -0.07874011 -0.02602267 -0.07874011 -0.02882957 -0.009842514 0.02363425 -0.009843945 0.01488834 -0.009843945 0.0156117 -0.07874011 0.01488834 -0.009843945 0.02363425 -0.009843945 0.02259474 -0.009843289 0.02363425 -0.009843945 0.0156117 -0.07874011 0.0236234 -0.07872492 -0.02480673 -6.54398e-5 -0.03361052 -0.009842514 -0.02478486 -0.009908616 -0.02480673 -6.54398e-5 -0.03428125 0 -0.03361052 -0.009842514 -0.04242402 0 -0.03361052 -0.009842514 -0.03428125 0 -0.04242402 0 -0.04300284 -0.009797334 -0.03361052 -0.009842514 -0.01905983 -0.009842514 -0.02882957 -0.07874011 -0.01905983 -0.07874011 -0.01617616 -0.009842514 -0.02602267 -0.009842514 -0.02602267 -0.07874011 0.03412318 -0.009842514 0.03412318 -0.07874011 0.04303687 -0.07874011 0.04226702 -0.009842514 0.03412318 -0.009842514 0.04303687 -0.07874011 0.01214796 -0.01010233 0.003402531 -0.07900005 0.01218783 -0.07900005 0.0013538 -0.009842514 0.0013538 -0.07874011 0.01067125 -0.009842514 0.04111182 -0.009863734 0.04126828 -0.07874011 0.04895895 -0.009842514 0.04895895 -0.009842514 0.04126828 -0.07874011 0.04895895 -0.07874011 0.02515119 -0.009836137 0.02509361 -0.07874011 0.03412318 -0.009842514 0.03412318 -0.009842514 0.02509361 -0.07874011 0.03412318 -0.07874011 0.06855183 -0.009841859 0.06099206 0 0.06164622 -0.07874011 0.06099206 0 0.06855183 -0.009841859 0.06963175 0 0.06968647 -0.009842514 0.06164622 -0.07874011 0.06968647 -0.07874011 0.06164622 -0.07874011 0.06968647 -0.009842514 0.06855183 -0.009841859 0.06855183 -0.009841859 0.06968647 -0.009842514 0.06963175 0 -0.0412026 -0.009842514 -0.04937791 0 -0.04242402 -0.07874011 -0.04937791 0 -0.0412026 -0.009842514 -0.04242402 0 -0.04937791 0 -0.04937791 -0.07874011 -0.04242402 -0.07874011 -0.00398463 -0.01010739 -0.004018843 -0.07900512 0.005337178 -0.07874011 0.006742596 0 -8.8959e-4 -0.009842514 0.006742596 -0.07874011 -0.004018843 0.001855492 -0.00398463 -0.007987618 0.00462079 0.001855492 -0.03934246 -0.009842514 -0.04937791 -0.07874011 -0.03934246 -0.07874011 -0.05119282 -0.009842514 -0.05119282 -0.07874011 -0.04300284 -0.009797334 -0.07667338 -0.01006501 -0.0767132 -0.0789628 -0.06792795 -0.0789628 -0.06718379 -0.009821057 -0.07667338 -0.01006501 -0.06792795 -0.0789628 -0.07667338 -0.01006501 -0.06718379 -0.009821057 -0.07489013 -0.009820401 -0.02882957 -0.009842514 -0.02071988 -0.07874011 -0.02071988 -0.009842514 -0.02071988 -0.07874011 -0.02882957 -0.009842514 -0.02882957 -0.07874011 -0.01905983 -0.009842514 -0.01073694 -0.07874011 -0.01073694 -0.009842514 -0.01073694 -0.07874011 -0.01905983 -0.009842514 -0.01905983 -0.07874011 -0.007387042 -0.009842514 0.0013538 -0.07874011 0.0013538 -0.009842514 0.0013538 -0.07874011 -0.007387042 -0.009842514 -0.007387042 -0.07874011 0.01218783 -0.07900005 0.003957331 -0.009842514 0.003402531 -0.07900005 0.003957331 -0.009842514 0.01218783 -0.07900005 0.01214796 -0.01010233 0.05384367 -0.009842514 0.04580336 -0.07874011 0.05384367 -0.07874011 0.04580336 -0.07874011 0.05384367 -0.009842514 0.04580336 -0.009842514 -0.08851993 -0.07874011 -0.09694588 -0.009842514 -0.09694588 -0.07874011 -0.09694588 -0.009842514 -0.08851993 -0.07874011 -0.08851993 -0.009842514 0.02855145 -0.07874011 0.1284817 -0.009842514 0.02855145 -0.009842514 0.1284817 -0.009842514 0.02855145 -0.07874011 0.1284817 -0.07874011 0.1274268 -0.07874011 0.1340683 -0.009842514 0.1274268 -0.009842514 0.1340683 -0.009842514 0.1274268 -0.07874011 0.1340683 -0.07874011 0.1236824 -0.07874011 0.1299328 -0.009842514 0.1236824 -0.009842514 0.1299328 -0.009842514 0.1236824 -0.07874011 0.129856 -0.07874011 0.1095445 -0.07874011 0.1162011 -0.009842514 0.1095445 -0.009842514 0.1162011 -0.009842514 0.1095445 -0.07874011 0.1162011 -0.07874011 0.09711492 -0.07874011 0.08995211 -0.009842514 0.0902 -0.07874011 0.08995211 -0.009842514 0.09711492 -0.07874011 0.09711492 -0.009842514 0.07482314 -0.009842514 0.06738805 -0.07874011 0.07482314 -0.07874011 0.06738805 -0.07874011 0.07482314 -0.009842514 0.06738805 -0.009842514 0.05119282 -0.009842514 0.04303687 -0.07874011 0.05072635 -0.07874011 0.04303687 -0.07874011 0.05119282 -0.009842514 0.04226702 -0.009842514 0.02509361 -0.07874011 0.01720911 -0.009842514 0.01809841 -0.07874011 0.01720911 -0.009842514 0.02509361 -0.07874011 0.02515119 -0.009836137 -0.002573966 -0.009842514 -0.01073694 -0.07874011 -0.00219202 -0.07874011 -0.01073694 -0.07874011 -0.002573966 -0.009842514 -0.01073694 -0.009842514 0 0 0 0 0 0 0 0 0 0 0 0 0 0 0 0 0 0 0 0 0 0 0 0 0 0 0 0 0 0 0 0 0 0 0 0 0 0 0 0 0 0 0 0 0 0 0 0 0 0 0 0 0 0 0 0 0 0 0 0 0 0 0 0 0 0 0 0 0 0 0 0 0 0 0 0 0 0 0 0 0 0 0 0 0 0 0 0 0 0 0 0 0 0 0 0 0 0 0 0 0 0 0 0 0 0 0 0 0 0 0 0 0 0 0 0 0 0 0 0 0 0 0 0 0 0 0 0 0 0 0 0 0 0 0 0 0 0 0 0 0 0 0 0 0 0 0 0 0 0 0 0 0 0 0 0 0 0 0 0 0 0 0 0 0 0 0 0</float_array>
          <technique_common>
            <accessor source="#Síť_016-mesh-map-0-array" count="924" stride="2">
              <param name="S" type="float"/>
              <param name="T" type="float"/>
            </accessor>
          </technique_common>
        </source>
        <source id="Síť_016-mesh-map-1">
          <float_array id="Síť_016-mesh-map-1-array" count="1848">-0.005155026 0 -0.01329821 -0.07874011 -0.005155026 -0.07874011 -0.01329821 -0.07874011 -0.005155026 0 -0.01329821 0 0.1105843 0 0.1030551 -0.07874011 0.1105843 -0.07874011 0.1030551 -0.07874011 0.1105843 0 0.1030551 0 -0.03683388 0 -0.03023499 -0.07874011 -0.03023499 0 -0.03023499 -0.07874011 -0.03683388 0 -0.03683388 -0.07874011 0.0156117 -0.07874011 0.008657753 0 0.008657753 -0.07874011 0.008657753 0 0.0156117 -0.07874011 0.0156117 0 -0.08729106 0 -0.09424495 -0.07874011 -0.08729106 -0.07874011 -0.09424495 -0.07874011 -0.08729106 0 -0.09424495 0 -0.05344527 0 -0.06097453 -0.07874011 -0.05344527 -0.07874011 -0.06097453 -0.07874011 -0.05344527 0 -0.06097453 0 0.005337178 0 -0.00219202 -0.07874011 0.005337178 -0.07874011 -0.00219202 -0.07874011 0.005337178 0 -0.00219202 0 -0.04937791 0 -0.04242402 -0.07874011 -0.04242402 0 -0.04242402 -0.07874011 -0.04937791 0 -0.04937791 -0.07874011 0.02587413 0.001903176 0.01696115 -0.007939994 0.02588701 -0.007939994 -0.04648017 0 -0.0546233 -0.07874011 -0.04648017 -0.07874011 -0.0546233 -0.07874011 -0.04648017 0 -0.0546233 0 -0.02373307 -0.00990796 -0.02478486 -0.009908616 -0.01621687 -0.07881104 -0.02478486 -0.009908616 -0.02373307 -0.00990796 -0.02480673 -6.54398e-5 -0.0154277 0 -0.02373307 -0.00990796 -0.01621687 -0.07881104 -0.02373307 -0.00990796 -0.0154277 0 -0.02480673 -6.54398e-5 0.02797359 0 0.01905983 0 0.01905983 -0.009842514 -0.02227842 -0.07874011 -0.03023499 0 -0.03023499 -0.07874011 -0.03023499 0 -0.02227842 -0.07874011 -0.02227842 0 0.02855145 -0.07874011 0.02855145 -0.009842514 0.02509361 -0.07874011 0.02509361 0 0.02855145 -0.009842514 0.1319396 0 0.02855145 -0.009842514 0.02509361 0 0.02509361 -0.07874011 0.1319396 0 0.02855145 -0.009842514 0.1284817 -0.009842514 0.1319396 0 0.1284817 -0.009842514 0.1284817 -0.07874011 0.1319396 0 0.1284817 -0.07874011 0.1319396 -0.07874011 0.1284817 -0.07874011 0.1210573 0 0.1210573 -0.07874011 0.1210573 0 0.1284817 -0.07874011 0.1280112 0 -0.1177194 0 -0.1243184 -0.07874011 -0.1177194 -0.07874011 -0.1243184 -0.07874011 -0.1177194 0 -0.1243184 0 -0.04648017 -0.07874011 -0.0546233 0 -0.0546233 -0.07874011 -0.0546233 0 -0.04648017 -0.07874011 -0.04648017 0 0.02509361 -0.07874011 0.01905983 0 0.01809841 -0.07874011 0.01905983 0 0.02509361 -0.07874011 0.02509361 0 0.1364549 -0.07874011 0.129856 0 0.129856 -0.07874011 0.129856 0 0.1364549 -0.07874011 0.1364549 0 0.0902 -0.07874011 0.08205682 0 0.08205682 -0.07874011 0.08205682 0 0.0902 -0.07874011 0.0902 0 0.05119282 0 0.04226702 -0.009842514 0.05119282 -0.009842514 0.04918646 0.001823186 0.04027271 0.001823186 0.04026138 -0.008019983 -0.02373307 -0.00990796 -0.0240674 -0.07872664 -0.01621687 -0.07881104 -0.03217959 -0.07874011 -0.03934246 -0.009842514 -0.03934246 -0.07874011 -0.03934246 -0.009842514 -0.03217959 -0.07874011 -0.03217959 -0.009842514 -0.06992286 -0.009842514 -0.06308782 -0.07874011 -0.06308782 -0.009842514 -0.06308782 -0.07874011 -0.06992286 -0.009842514 -0.06992286 -0.07874011 -0.09940153 -0.009842514 -0.09286367 -0.07874011 -0.09286367 -0.009842514 -0.09286367 -0.07874011 -0.09940153 -0.009842514 -0.09940153 -0.07874011 -0.1233633 -0.009842514 -0.1177194 -0.07874011 -0.1167218 -0.009842514 -0.1177194 -0.07874011 -0.1233633 -0.009842514 -0.1243184 -0.07874011 -0.1282036 -0.009842514 -0.02882957 -0.07874011 -0.02882957 -0.009842514 -0.02882957 -0.07874011 -0.1282036 -0.009842514 -0.1282036 -0.07874011 -0.02602267 -0.009842514 -0.03361052 -0.07874011 -0.02602267 -0.07874011 -0.03361052 -0.07874011 -0.02602267 -0.009842514 -0.03361052 -0.009842514 -0.01621687 -0.07881104 -0.02373307 -0.00990796 -0.0240674 -0.07872664 -0.02373307 -0.00990796 -0.01621687 -0.07881104 -0.01617616 -0.009842514 -0.005389451 -0.009842514 -0.01329821 -0.07874011 -0.005155026 -0.07874011 -0.01329821 -0.07874011 -0.005389451 -0.009842514 -0.01255232 -0.009842514 -8.8959e-4 -0.07874011 0.005945384 -0.009842514 -8.8959e-4 -0.009842514 0.005945384 -0.009842514 -8.8959e-4 -0.07874011 0.005337178 -0.07874011 0.01067125 -0.07874011 0.01720911 -0.009842514 0.01067125 -0.009842514 0.01720911 -0.009842514 0.01067125 -0.07874011 0.01809841 -0.07874011 0.021039 -0.07874011 0.02855145 -0.009842514 0.021039 -0.009842514 0.02855145 -0.009842514 0.021039 -0.07874011 0.02855145 -0.07874011 -0.03934246 -0.009842514 -0.03217959 -0.07874011 -0.03217959 -0.009842514 -0.03217959 -0.07874011 -0.03934246 -0.009842514 -0.03934246 -0.07874011 -0.04774045 -0.009842514 -0.0412026 -0.07874011 -0.0412026 -0.009842514 -0.0412026 -0.07874011 -0.04774045 -0.009842514 -0.04774045 -0.07874011 -0.05240201 -0.009842514 -0.04648017 -0.07874011 -0.04556703 -0.009842514 -0.04648017 -0.07874011 -0.05240201 -0.009842514 -0.05240201 -0.07874011 -0.04522013 -0.07874011 -0.05240201 -0.009842514 -0.05240201 -0.07874011 -0.05240201 -0.009842514 -0.04522013 -0.07874011 -0.04556703 -0.009842514 -0.0412026 -0.07874011 -0.04774045 -0.009842514 -0.04937791 -0.07874011 -0.04774045 -0.009842514 -0.0412026 -0.07874011 -0.0412026 -0.009842514 -0.03361052 -0.009842514 -0.04242402 -0.07874011 -0.03361052 -0.07874011 -0.04242402 -0.07874011 -0.03361052 -0.009842514 -0.0412026 -0.009842514 0.02855145 -0.07874011 0.1284817 -0.009842514 0.02855145 -0.009842514 0.1284817 -0.009842514 0.02855145 -0.07874011 0.1284817 -0.07874011 -0.1343874 -0.009842514 -0.126906 -0.07874011 -0.126906 -0.009842514 -0.126906 -0.07874011 -0.1343874 -0.009842514 -0.1343874 -0.07874011 -0.001168072 0.1358714 0 0.02855145 0 0.1284817 0 0.02855145 -0.001168072 0.1358714 -0.001168072 0.02116179 -0.001168072 0.02116179 -0.001168072 0.1358714 -0.004592776 0.1427575 -0.001168072 0.02116179 -0.004592776 0.1427575 -0.004592776 0.01427572 -0.004592776 0.01427572 -0.004592776 0.1427575 -0.005094766 0.1282036 -0.005094766 0.1282036 -0.004592776 0.1427575 -0.006131768 0.1347637 -0.006131768 0.1347637 -0.004592776 0.1427575 -0.0100407 0.1486707 -0.006131768 0.1347637 -0.0100407 0.1486707 -0.009043097 0.1406175 -0.009043097 0.1406175 -0.0100407 0.1486707 -0.01367437 0.1456443 -0.01367437 0.1456443 -0.0100407 0.1486707 -0.01714062 0.153208 -0.01367437 0.1456443 -0.01714062 0.153208 -0.01971 0.1495016 -0.01971 0.1495016 -0.01714062 0.153208 -0.02540856 0.1561782 -0.01971 0.1495016 -0.02540856 0.1561782 -0.02673858 0.1519263 -0.02673858 0.1519263 -0.02540856 0.1561782 -0.03428125 0.1570332 -0.02673858 0.1519263 -0.03428125 0.1570332 -0.03428125 0.1527534 -0.03428125 0.1527534 -0.03428125 0.1570332 -0.04315388 0.1561782 -0.03428125 0.1527534 -0.04315388 0.1561782 -0.04182386 0.1519263 -0.04182386 0.1519263 -0.04315388 0.1561782 -0.04885244 0.1495016 -0.04885244 0.1495016 -0.04315388 0.1561782 -0.05142188 0.153208 -0.04885244 0.1495016 -0.05142188 0.153208 -0.05488806 0.1456443 -0.05488806 0.1456443 -0.05142188 0.153208 -0.05852174 0.1486707 -0.05488806 0.1456443 -0.05852174 0.1486707 -0.05951935 0.1406176 -0.05951935 0.1406176 -0.05852174 0.1486707 -0.06396967 0.1427575 -0.05951935 0.1406176 -0.06396967 0.1427575 -0.06243067 0.1347637 -0.06243067 0.1347637 -0.06396967 0.1427575 -0.06346768 0.1282036 -0.06346768 0.1282036 -0.06396967 0.1427575 -0.06346768 0.02882957 -0.004592776 0.01427572 -0.006131768 0.02226948 -0.01004076 0.008362531 -0.006131768 0.02226948 -0.004592776 0.01427572 -0.005094766 0.02882957 -0.005094766 0.02882957 -0.004592776 0.01427572 -0.005094766 0.1282036 -0.01004076 0.008362531 -0.006131768 0.02226948 -0.009043097 0.01641565 -0.01004076 0.008362531 -0.009043097 0.01641565 -0.01367437 0.01138883 -0.01004076 0.008362531 -0.01367437 0.01138883 -0.01714062 0.003825128 -0.01714062 0.003825128 -0.01367437 0.01138883 -0.01971 0.007531642 -0.01714062 0.003825128 -0.01971 0.007531642 -0.02480673 -6.54398e-5 -0.02480673 -6.54398e-5 -0.01971 0.007531642 -0.02673864 0.005106866 -0.02480673 -6.54398e-5 -0.02673864 0.005106866 -0.03428125 0 -0.03428125 0 -0.02673864 0.005106866 -0.03428125 0.004279851 -0.03428125 0 -0.03428125 0.004279851 -0.04182386 0.005106866 -0.03428125 0 -0.04182386 0.005106866 -0.04242402 0 -0.04242402 0 -0.04182386 0.005106866 -0.0488525 0.007531642 -0.04242402 0 -0.0488525 0.007531642 -0.05142188 0.003825128 -0.05142188 0.003825128 -0.0488525 0.007531642 -0.05488806 0.01138883 -0.05142188 0.003825128 -0.05488806 0.01138883 -0.05852174 0.008362531 -0.05852174 0.008362531 -0.05488806 0.01138883 -0.05951935 0.01641565 -0.05852174 0.008362531 -0.05951935 0.01641565 -0.06396967 0.01427572 -0.06396967 0.01427572 -0.05951935 0.01641565 -0.06243073 0.02226954 -0.06396967 0.01427572 -0.06243073 0.02226954 -0.06346768 0.02882957 -0.06396967 0.01427572 -0.06346768 0.02882957 -0.06396967 0.1427575 -0.06396967 0.01427572 -0.06396967 0.1427575 -0.06739437 0.1358714 -0.06396967 0.01427572 -0.06739437 0.1358714 -0.06739437 0.02116179 -0.06739437 0.02116179 -0.06739437 0.1358714 -0.0685625 0.1284817 -0.06739437 0.02116179 -0.0685625 0.1284817 -0.0685625 0.02855145 0.04580336 -0.07874011 0.05384367 -0.009842514 0.04580336 -0.009842514 0.05384367 -0.009842514 0.04580336 -0.07874011 0.05384367 -0.07874011 0.04126828 -0.07874011 0.04895895 -0.009842514 0.04226702 -0.009842514 0.04895895 -0.009842514 0.04126828 -0.07874011 0.04895895 -0.07874011 0.03917336 -0.009842514 0.03074747 -0.07874011 0.03917336 -0.07874011 0.03074747 -0.07874011 0.03917336 -0.009842514 0.03074747 -0.009842514 -0.1282036 -0.009842514 -0.02882957 -0.07874011 -0.02882957 -0.009842514 -0.02882957 -0.07874011 -0.1282036 -0.009842514 -0.1282036 -0.07874011 0.09164518 -0.07874011 0.09933584 -0.009842514 0.09164518 -0.009842514 0.09933584 -0.009842514 0.09164518 -0.07874011 0.09933584 -0.07874011 0.1162011 -0.07874011 0.1236824 -0.009842514 0.1162011 -0.009842514 0.1236824 -0.009842514 0.1162011 -0.07874011 0.1236824 -0.07874011 0.06164622 -0.07874011 0.06968647 -0.009842514 0.06164622 -0.009842514 0.06968647 -0.009842514 0.06164622 -0.07874011 0.06968647 -0.07874011 0.004592835 0.01427572 0.005094826 0.02882957 0.005094766 0.1282036 0.005094826 0.02882957 0.004592835 0.01427572 0.006131768 0.02226948 0.006131768 0.02226948 0.004592835 0.01427572 0.01004076 0.008362531 0.006131768 0.02226948 0.01004076 0.008362531 0.009043097 0.01641565 0.009043097 0.01641565 0.01004076 0.008362531 0.01367437 0.01138883 0.01367437 0.01138883 0.01004076 0.008362531 0.01714062 0.003825128 0.01367437 0.01138883 0.01714062 0.003825128 0.01971 0.007531642 0.01971 0.007531642 0.01714062 0.003825128 0.0243752 0.00116837 0.01971 0.007531642 0.0243752 0.00116837 0.02673864 0.005106866 0.02673864 0.005106866 0.0243752 0.00116837 0.02587413 0.001903176 0.02673864 0.005106866 0.02587413 0.001903176 0.03428125 0 0.02673864 0.005106866 0.03428125 0 0.03428125 0.004279851 0.03428125 0.004279851 0.03428125 0 0.04182386 0.005106866 0.04182386 0.005106866 0.03428125 0 0.04315388 9.7287e-4 0.04182386 0.005106866 0.04315388 9.7287e-4 0.0488525 0.007531642 0.0488525 0.007531642 0.04315388 9.7287e-4 0.05142188 0.003825128 0.0488525 0.007531642 0.05142188 0.003825128 0.05488806 0.01138883 0.05488806 0.01138883 0.05142188 0.003825128 0.05852174 0.008362531 0.05488806 0.01138883 0.05852174 0.008362531 0.05951935 0.01641565 0.05951935 0.01641565 0.05852174 0.008362531 0.06396967 0.01427572 0.05951935 0.01641565 0.06396967 0.01427572 0.06243073 0.02226954 0.06243073 0.02226954 0.06396967 0.01427572 0.06346768 0.02882957 0.06346768 0.02882957 0.06396967 0.01427572 0.06396967 0.1427575 0.06396967 0.1427575 0.06396967 0.01427572 0.06739437 0.1358714 0.06739437 0.1358714 0.06396967 0.01427572 0.06739437 0.02116179 0.06739437 0.1358714 0.06739437 0.02116179 0.0685625 0.1284817 0.0685625 0.1284817 0.06739437 0.02116179 0.0685625 0.02855145 0 0.02855145 0.001168072 0.1358714 0 0.1284817 0.001168072 0.1358714 0 0.02855145 0.001168072 0.02116179 0.001168072 0.1358714 0.001168072 0.02116179 0.004592776 0.1427575 0.004592776 0.1427575 0.001168072 0.02116179 0.004592835 0.01427572 0.004592776 0.1427575 0.004592835 0.01427572 0.005094766 0.1282036 0.004592776 0.1427575 0.005094766 0.1282036 0.006131768 0.1347637 0.004592776 0.1427575 0.006131768 0.1347637 0.0100407 0.1486707 0.0100407 0.1486707 0.006131768 0.1347637 0.009043097 0.1406175 0.0100407 0.1486707 0.009043097 0.1406175 0.01367437 0.1456443 0.0100407 0.1486707 0.01367437 0.1456443 0.01714062 0.153208 0.01714062 0.153208 0.01367437 0.1456443 0.01971 0.1495016 0.01714062 0.153208 0.01971 0.1495016 0.02437514 0.1558648 0.02437514 0.1558648 0.01971 0.1495016 0.02673858 0.1519263 0.02437514 0.1558648 0.02673858 0.1519263 0.02540856 0.1560603 0.02540856 0.1560603 0.02673858 0.1519263 0.03428125 0.1570332 0.03428125 0.1570332 0.02673858 0.1519263 0.03428125 0.1527534 0.03428125 0.1570332 0.03428125 0.1527534 0.04315388 0.1560603 0.04315388 0.1560603 0.03428125 0.1527534 0.04182386 0.1519263 0.04315388 0.1560603 0.04182386 0.1519263 0.04885244 0.1495016 0.04315388 0.1560603 0.04885244 0.1495016 0.05142188 0.153208 0.05142188 0.153208 0.04885244 0.1495016 0.05488806 0.1456443 0.05142188 0.153208 0.05488806 0.1456443 0.05852174 0.1486707 0.05852174 0.1486707 0.05488806 0.1456443 0.05951935 0.1406176 0.05852174 0.1486707 0.05951935 0.1406176 0.06396967 0.1427575 0.06396967 0.1427575 0.05951935 0.1406176 0.06243067 0.1347637 0.06396967 0.1427575 0.06243067 0.1347637 0.06346768 0.1282036 0.06396967 0.1427575 0.06346768 0.1282036 0.06346768 0.02882957 0.03074747 -0.07874011 0.03917336 -0.009842514 0.03074747 -0.009842514 0.03917336 -0.009842514 0.03074747 -0.07874011 0.03917336 -0.07874011 -0.1167218 -0.009842514 -0.1081028 -0.07874011 -0.1081028 -0.009842514 -0.1081028 -0.07874011 -0.1167218 -0.009842514 -0.1161431 -0.07874011 -0.1298671 -0.009842514 -0.1221765 -0.07874011 -0.1221765 -0.009842514 -0.1221765 -0.07874011 -0.1298671 -0.009842514 -0.1298671 -0.07874011 -0.02480673 -6.54398e-5 -0.02882957 -0.009842514 -0.02602267 -0.07874011 -0.02882957 -0.009842514 -0.02480673 -6.54398e-5 -0.1319396 0 -0.02882957 -0.009842514 -0.1319396 0 -0.1282036 -0.009842514 -0.1282036 -0.009842514 -0.1319396 0 -0.1282036 -0.07874011 -0.1282036 -0.07874011 -0.1319396 0 -0.1319396 -0.07874011 -0.02882957 -0.07874011 -0.02602267 -0.07874011 -0.02882957 -0.009842514 0.02363425 -0.009843945 0.01488834 -0.009843945 0.0156117 -0.07874011 0.01488834 -0.009843945 0.02363425 -0.009843945 0.02259474 -0.009843289 0.02363425 -0.009843945 0.0156117 -0.07874011 0.0236234 -0.07872492 -0.02480673 -6.54398e-5 -0.03361052 -0.009842514 -0.02478486 -0.009908616 -0.02480673 -6.54398e-5 -0.03428125 0 -0.03361052 -0.009842514 -0.04242402 0 -0.03361052 -0.009842514 -0.03428125 0 -0.04242402 0 -0.04300284 -0.009797334 -0.03361052 -0.009842514 -0.01905983 -0.009842514 -0.02882957 -0.07874011 -0.01905983 -0.07874011 -0.01617616 -0.009842514 -0.02602267 -0.009842514 -0.02602267 -0.07874011 0.03412318 -0.009842514 0.03412318 -0.07874011 0.04303687 -0.07874011 0.04226702 -0.009842514 0.03412318 -0.009842514 0.04303687 -0.07874011 0.01214796 -0.01010233 0.003402531 -0.07900005 0.01218783 -0.07900005 0.0013538 -0.009842514 0.0013538 -0.07874011 0.01067125 -0.009842514 0.04111182 -0.009863734 0.04126828 -0.07874011 0.04895895 -0.009842514 0.04895895 -0.009842514 0.04126828 -0.07874011 0.04895895 -0.07874011 0.02515119 -0.009836137 0.02509361 -0.07874011 0.03412318 -0.009842514 0.03412318 -0.009842514 0.02509361 -0.07874011 0.03412318 -0.07874011 0.06855183 -0.009841859 0.06099206 0 0.06164622 -0.07874011 0.06099206 0 0.06855183 -0.009841859 0.06963175 0 0.06968647 -0.009842514 0.06164622 -0.07874011 0.06968647 -0.07874011 0.06164622 -0.07874011 0.06968647 -0.009842514 0.06855183 -0.009841859 0.06855183 -0.009841859 0.06968647 -0.009842514 0.06963175 0 -0.0412026 -0.009842514 -0.04937791 0 -0.04242402 -0.07874011 -0.04937791 0 -0.0412026 -0.009842514 -0.04242402 0 -0.04937791 0 -0.04937791 -0.07874011 -0.04242402 -0.07874011 -0.00398463 -0.01010739 -0.004018843 -0.07900512 0.005337178 -0.07874011 0.006742596 0 -8.8959e-4 -0.009842514 0.006742596 -0.07874011 -0.004018843 0.001855492 -0.00398463 -0.007987618 0.00462079 0.001855492 -0.03934246 -0.009842514 -0.04937791 -0.07874011 -0.03934246 -0.07874011 -0.05119282 -0.009842514 -0.05119282 -0.07874011 -0.04300284 -0.009797334 -0.07667338 -0.01006501 -0.0767132 -0.0789628 -0.06792795 -0.0789628 -0.06718379 -0.009821057 -0.07667338 -0.01006501 -0.06792795 -0.0789628 -0.07667338 -0.01006501 -0.06718379 -0.009821057 -0.07489013 -0.009820401 -0.02882957 -0.009842514 -0.02071988 -0.07874011 -0.02071988 -0.009842514 -0.02071988 -0.07874011 -0.02882957 -0.009842514 -0.02882957 -0.07874011 -0.01905983 -0.009842514 -0.01073694 -0.07874011 -0.01073694 -0.009842514 -0.01073694 -0.07874011 -0.01905983 -0.009842514 -0.01905983 -0.07874011 -0.007387042 -0.009842514 0.0013538 -0.07874011 0.0013538 -0.009842514 0.0013538 -0.07874011 -0.007387042 -0.009842514 -0.007387042 -0.07874011 0.01218783 -0.07900005 0.003957331 -0.009842514 0.003402531 -0.07900005 0.003957331 -0.009842514 0.01218783 -0.07900005 0.01214796 -0.01010233 0.05384367 -0.009842514 0.04580336 -0.07874011 0.05384367 -0.07874011 0.04580336 -0.07874011 0.05384367 -0.009842514 0.04580336 -0.009842514 -0.08851993 -0.07874011 -0.09694588 -0.009842514 -0.09694588 -0.07874011 -0.09694588 -0.009842514 -0.08851993 -0.07874011 -0.08851993 -0.009842514 0.02855145 -0.07874011 0.1284817 -0.009842514 0.02855145 -0.009842514 0.1284817 -0.009842514 0.02855145 -0.07874011 0.1284817 -0.07874011 0.1274268 -0.07874011 0.1340683 -0.009842514 0.1274268 -0.009842514 0.1340683 -0.009842514 0.1274268 -0.07874011 0.1340683 -0.07874011 0.1236824 -0.07874011 0.1299328 -0.009842514 0.1236824 -0.009842514 0.1299328 -0.009842514 0.1236824 -0.07874011 0.129856 -0.07874011 0.1095445 -0.07874011 0.1162011 -0.009842514 0.1095445 -0.009842514 0.1162011 -0.009842514 0.1095445 -0.07874011 0.1162011 -0.07874011 0.09711492 -0.07874011 0.08995211 -0.009842514 0.0902 -0.07874011 0.08995211 -0.009842514 0.09711492 -0.07874011 0.09711492 -0.009842514 0.07482314 -0.009842514 0.06738805 -0.07874011 0.07482314 -0.07874011 0.06738805 -0.07874011 0.07482314 -0.009842514 0.06738805 -0.009842514 0.05119282 -0.009842514 0.04303687 -0.07874011 0.05072635 -0.07874011 0.04303687 -0.07874011 0.05119282 -0.009842514 0.04226702 -0.009842514 0.02509361 -0.07874011 0.01720911 -0.009842514 0.01809841 -0.07874011 0.01720911 -0.009842514 0.02509361 -0.07874011 0.02515119 -0.009836137 -0.002573966 -0.009842514 -0.01073694 -0.07874011 -0.00219202 -0.07874011 -0.01073694 -0.07874011 -0.002573966 -0.009842514 -0.01073694 -0.009842514 0 0.1284817 0.001168072 0.1384343 0 0.1319396 0.001168072 0.1384343 0 0.1284817 0 0.02855145 0.001168072 0.1384343 0 0.02855145 0 0.02509361 0.001168072 0.1384343 0 0.02509361 0.001168072 0.01859891 0.001168072 0.1384343 0.001168072 0.01859891 0.004592776 0.1444864 0.004592776 0.1444864 0.001168072 0.01859891 0.004592776 0.01254677 0.004592776 0.1444864 0.004592776 0.01254677 0.0100407 0.1496835 0.0100407 0.1496835 0.004592776 0.01254677 0.01004076 0.007349729 0.0100407 0.1496835 0.01004076 0.007349729 0.01714062 0.1536713 0.01714062 0.1536713 0.01004076 0.007349729 0.01714062 0.00336188 0.01714062 0.1536713 0.01714062 0.00336188 0.02540856 0.1561782 0.02540856 0.1561782 0.01714062 0.00336188 0.02540862 8.55044e-4 0.02540856 0.1561782 0.02540862 8.55044e-4 0.03428125 0.1570332 0.03428125 0.1570332 0.02540862 8.55044e-4 0.03428125 0 0.03428125 0.1570332 0.03428125 0 0.04315388 0.1561782 0.04315388 0.1561782 0.03428125 0 0.04315388 8.55046e-4 0.04315388 0.1561782 0.04315388 8.55046e-4 0.05142188 0.1536713 0.05142188 0.1536713 0.04315388 8.55046e-4 0.05142188 0.00336188 0.05142188 0.1536713 0.05142188 0.00336188 0.05852174 0.1496835 0.05852174 0.1496835 0.05142188 0.00336188 0.05852174 0.007349729 0.05852174 0.1496835 0.05852174 0.007349729 0.06396967 0.1444864 0.06396967 0.1444864 0.05852174 0.007349729 0.06396967 0.01254677 0.06396967 0.1444864 0.06396967 0.01254677 0.06739437 0.1384343 0.06739437 0.1384343 0.06396967 0.01254677 0.06739437 0.01859891 0.06739437 0.1384343 0.06739437 0.01859891 0.0685625 0.1319396 0.0685625 0.1319396 0.06739437 0.01859891 0.0685625 0.02509361 0.0685625 0.1319396 0.0685625 0.02509361 0.0685625 0.1284817 0.0685625 0.1284817 0.0685625 0.02509361 0.0685625 0.02855145</float_array>
          <technique_common>
            <accessor source="#Síť_016-mesh-map-1-array" count="924" stride="2">
              <param name="S" type="float"/>
              <param name="T" type="float"/>
            </accessor>
          </technique_common>
        </source>
        <vertices id="Síť_016-mesh-vertices">
          <input semantic="POSITION" source="#Síť_016-mesh-positions"/>
        </vertices>
        <triangles material="dbl_Group_002_003-material" count="280">
          <input semantic="VERTEX" source="#Síť_016-mesh-vertices" offset="0"/>
          <input semantic="NORMAL" source="#Síť_016-mesh-normals" offset="1"/>
          <input semantic="TEXCOORD" source="#Síť_016-mesh-map-0" offset="2" set="0"/>
          <input semantic="TEXCOORD" source="#Síť_016-mesh-map-1" offset="2" set="1"/>
          <p>0 0 0 1 1 1 2 2 2 1 1 3 0 0 4 3 3 5 4 4 6 5 5 7 6 6 8 5 5 9 4 4 10 7 7 11 8 8 12 9 9 13 10 10 14 9 11 15 8 12 16 11 12 17 12 13 18 13 14 19 14 15 20 13 14 21 12 13 22 15 16 23 16 17 24 17 18 25 18 19 26 17 18 27 16 17 28 19 20 29 19 20 30 20 21 31 17 18 32 20 21 33 19 20 34 21 22 35 13 14 36 2 2 37 14 15 38 2 2 39 13 14 40 0 0 41 10 10 42 22 23 43 23 24 44 22 23 45 10 10 46 9 9 47 24 25 48 25 26 49 26 27 50 27 28 51 28 29 52 29 30 53 28 29 54 27 28 55 30 31 56 31 32 57 32 33 58 1 1 59 32 34 60 31 32 61 33 35 62 3 3 63 31 32 64 1 1 65 31 32 66 3 3 67 33 35 68 24 25 69 34 36 70 25 26 71 20 21 72 35 37 73 36 38 74 35 37 75 20 21 76 21 22 77 37 39 78 38 40 79 39 41 80 40 42 81 38 43 82 41 44 83 38 40 84 40 45 85 39 41 86 41 44 87 38 43 88 42 46 89 41 44 90 42 46 91 43 47 92 41 44 93 43 47 94 44 48 95 5 5 96 45 49 97 46 50 98 45 49 99 5 5 100 7 7 101 47 51 102 18 19 103 48 52 104 18 19 105 47 51 106 16 17 107 28 29 108 23 24 109 22 23 110 23 24 111 28 29 112 30 31 113 39 53 114 15 16 115 12 13 116 15 54 117 39 55 118 40 55 119 46 56 120 41 57 121 44 57 122 41 58 123 46 50 124 45 49 125 49 59 126 4 4 127 6 6 128 4 4 129 49 59 130 50 60 131 34 36 132 51 61 133 25 26 134 34 36 135 52 62 136 51 61 137 32 33 138 53 63 139 1 1 140 54 64 141 55 65 142 56 66 143 55 65 144 54 64 145 57 67 146 57 67 147 58 68 148 59 69 149 58 68 150 57 67 151 54 64 152 59 69 153 60 70 154 61 71 155 60 70 156 59 69 157 58 68 158 61 71 159 62 72 160 63 73 161 62 72 162 61 71 163 60 70 164 63 74 165 64 75 166 65 76 167 64 75 168 63 74 169 62 77 170 66 78 171 67 79 172 68 80 173 67 79 174 66 78 175 69 81 176 70 82 177 66 78 178 68 80 179 66 78 180 70 82 181 71 83 182 72 84 183 70 82 184 73 85 185 70 82 186 72 84 187 71 83 188 73 85 189 74 86 190 72 84 191 74 86 192 73 85 193 75 87 194 75 87 195 76 88 196 74 86 197 76 88 198 75 87 199 77 89 200 77 89 201 78 90 202 76 88 203 78 90 204 77 89 205 79 91 206 65 92 207 80 93 208 81 94 209 80 93 210 65 92 211 64 95 212 81 94 213 82 96 214 83 97 215 82 96 216 81 94 217 80 93 218 83 97 219 84 98 220 85 99 221 84 98 222 83 97 223 82 96 224 86 100 225 85 99 226 84 98 227 85 99 228 86 100 229 87 101 230 88 102 231 87 101 232 86 100 233 87 101 234 88 102 235 89 103 236 69 81 237 88 102 238 67 79 239 88 102 240 69 81 241 89 103 242 37 104 243 42 104 244 38 105 245 42 104 246 37 104 247 43 104 248 90 106 249 43 107 250 42 108 251 43 107 252 90 106 253 91 109 254 91 110 255 37 111 256 43 112 257 37 111 258 91 110 259 92 113 260 92 113 261 91 110 262 93 114 263 92 113 264 93 114 265 94 115 266 94 115 267 93 114 268 95 116 269 95 116 270 93 114 271 96 117 272 96 117 273 93 114 274 97 118 275 96 117 276 97 118 277 98 119 278 98 119 279 97 118 280 99 120 281 99 120 282 97 118 283 100 121 284 99 120 285 100 121 286 101 122 287 101 122 288 100 121 289 102 123 290 101 122 291 102 123 292 103 124 293 103 124 294 102 123 295 104 125 296 103 124 297 104 125 298 105 126 299 105 126 300 104 125 301 106 127 302 105 126 303 106 127 304 107 128 305 107 128 306 106 127 307 56 129 308 56 129 309 106 127 310 108 130 311 56 129 312 108 130 313 54 131 314 54 131 315 108 130 316 109 132 317 54 131 318 109 132 319 58 133 320 58 133 321 109 132 322 110 134 323 58 133 324 110 134 325 60 135 326 60 135 327 110 134 328 62 136 329 62 136 330 110 134 331 64 137 332 94 115 333 77 112 334 111 138 335 77 112 336 94 115 337 79 112 338 79 112 339 94 115 340 95 116 341 111 138 342 77 112 343 75 139 344 111 138 345 75 139 346 73 140 347 111 138 348 73 140 349 112 141 350 112 141 351 73 140 352 70 112 353 112 141 354 70 112 355 53 112 356 53 112 357 70 112 358 68 142 359 53 112 360 68 142 361 113 143 362 113 143 363 68 142 364 67 144 365 113 143 366 67 144 367 88 145 368 113 143 369 88 145 370 114 146 371 114 146 372 88 145 373 86 147 374 114 146 375 86 147 376 115 148 377 115 148 378 86 147 379 84 149 380 115 148 381 84 149 382 116 150 383 116 150 384 84 149 385 82 151 386 116 150 387 82 151 388 117 152 389 117 152 390 82 151 391 80 153 392 117 152 393 80 153 394 64 137 395 117 152 396 64 137 397 110 134 398 117 152 399 110 134 400 118 154 401 117 152 402 118 154 403 119 155 404 119 155 405 118 154 406 120 156 407 119 155 408 120 156 409 121 157 410 116 158 411 122 159 412 123 160 413 122 159 414 116 158 415 117 161 416 117 161 417 124 162 418 122 159 419 124 162 420 117 161 421 119 163 422 125 164 423 109 85 424 108 165 425 109 85 426 125 164 427 126 166 428 127 167 429 121 168 430 128 169 431 121 168 432 127 167 433 120 170 434 118 171 435 129 172 436 130 173 437 129 172 438 118 171 439 110 174 440 120 175 441 130 176 442 127 175 443 130 173 444 120 177 445 118 171 446 110 174 447 126 166 448 129 172 449 126 166 450 110 174 451 109 85 452 131 178 453 78 179 454 132 180 455 78 179 456 131 178 457 76 181 458 76 181 459 131 178 460 133 182 461 76 181 462 133 182 463 74 183 464 74 183 465 133 182 466 72 184 467 72 184 468 133 182 469 134 185 470 72 184 471 134 185 472 71 186 473 71 186 474 134 185 475 31 187 476 71 186 477 31 187 478 66 188 479 66 188 480 31 187 481 32 189 482 66 188 483 32 189 484 135 190 485 66 188 486 135 190 487 69 191 488 69 191 489 135 190 490 89 192 491 89 192 492 135 190 493 136 193 494 89 194 495 136 195 496 87 196 497 87 196 498 136 195 499 137 197 500 87 196 501 137 197 502 85 198 503 85 198 504 137 197 505 123 199 506 85 198 507 123 199 508 83 200 509 83 200 510 123 199 511 122 201 512 83 200 513 122 201 514 81 202 515 81 202 516 122 201 517 65 203 518 65 203 519 122 201 520 129 204 521 129 204 522 122 201 523 130 205 524 130 205 525 122 201 526 124 206 527 130 205 528 124 206 529 127 207 530 127 208 531 124 208 532 128 208 533 38 209 534 90 209 535 42 209 536 90 210 537 38 211 538 138 212 539 90 210 540 138 212 541 139 213 542 139 213 543 138 212 544 131 178 545 139 213 546 131 178 547 132 180 548 139 213 549 132 180 550 140 214 551 139 213 552 140 214 553 141 191 554 141 191 555 140 214 556 142 191 557 141 191 558 142 191 559 143 191 560 141 191 561 143 191 562 144 215 563 144 215 564 143 191 565 145 216 566 144 215 567 145 216 568 146 217 569 146 217 570 145 216 571 147 218 572 146 217 573 147 218 574 51 219 575 51 219 576 147 218 577 25 220 578 25 220 579 147 218 580 148 221 581 25 220 582 148 221 583 26 222 584 26 222 585 148 221 586 149 223 587 26 222 588 149 223 589 55 224 590 26 222 591 55 224 592 125 225 593 125 225 594 55 224 595 57 191 596 125 225 597 57 191 598 126 226 599 126 226 600 57 191 601 59 227 602 126 226 603 59 227 604 129 204 605 129 204 606 59 227 607 61 228 608 129 204 609 61 228 610 63 229 611 129 204 612 63 229 613 65 203 614 119 163 615 128 230 616 124 162 617 128 231 618 119 232 619 121 231 620 141 233 621 93 234 622 139 235 623 93 234 624 141 233 625 97 233 626 139 235 627 91 109 628 90 106 629 91 109 630 139 235 631 93 234 632 8 236 633 128 237 634 11 238 635 128 237 636 8 236 637 47 239 638 128 240 639 47 241 640 127 242 641 127 242 642 47 241 643 120 243 644 120 243 645 47 241 646 48 169 647 121 244 648 11 244 649 128 244 650 32 245 651 134 246 652 112 247 653 134 246 654 32 245 655 31 248 656 32 245 657 112 247 658 53 249 659 33 35 660 135 250 661 32 34 662 33 35 663 150 251 664 135 250 665 151 252 666 135 250 667 150 251 668 151 253 669 136 254 670 135 255 671 25 256 672 106 257 673 104 258 674 25 256 675 26 259 676 106 257 677 135 260 678 113 261 679 114 262 680 136 263 681 135 260 682 114 262 683 26 264 684 108 265 685 106 266 686 125 164 687 108 165 688 26 267 689 136 268 690 114 269 691 137 270 692 137 270 693 114 269 694 115 271 695 32 272 696 53 273 697 135 260 698 135 260 699 53 273 700 113 261 701 146 274 702 50 60 703 49 59 704 50 60 705 146 274 706 52 275 707 51 276 708 49 59 709 102 277 710 49 59 711 51 276 712 146 274 713 146 274 714 51 278 715 52 275 716 136 279 717 27 28 718 114 280 719 27 281 720 136 282 721 151 283 722 27 28 723 29 30 724 114 280 725 26 27 726 106 284 727 36 38 728 35 37 729 26 27 730 36 38 731 24 25 732 26 27 733 35 37 734 51 285 735 104 258 736 102 286 737 25 256 738 104 258 739 51 285 740 51 287 741 102 288 742 100 289 743 144 290 744 51 287 745 100 289 746 51 287 747 144 290 748 146 291 749 38 292 750 92 293 751 138 294 752 92 293 753 38 292 754 37 295 755 138 294 756 94 296 757 131 297 758 94 296 759 138 294 760 92 293 761 131 297 762 111 298 763 133 299 764 111 298 765 131 297 766 94 296 767 112 247 768 133 299 769 111 298 770 133 299 771 112 247 772 134 246 773 123 160 774 115 271 775 116 158 776 115 271 777 123 160 778 137 270 779 97 233 780 144 290 781 100 289 782 144 290 783 97 233 784 141 233 785 79 300 786 132 301 787 78 302 788 132 301 789 79 300 790 95 303 791 95 304 792 140 305 793 132 306 794 140 305 795 95 304 796 96 307 797 96 307 798 142 308 799 140 305 800 142 308 801 96 307 802 98 308 803 98 308 804 143 309 805 142 308 806 143 309 807 98 308 808 99 158 809 101 310 810 143 309 811 99 158 812 143 309 813 101 310 814 145 311 815 147 312 816 101 310 817 103 313 818 101 310 819 147 312 820 145 311 821 148 314 822 103 313 823 105 314 824 103 313 825 148 314 826 147 312 827 107 315 828 148 314 829 105 314 830 148 314 831 107 315 832 149 316 833 55 65 834 107 315 835 56 66 836 107 315 837 55 65 838 149 316 839</p>
        </triangles>
        <triangles material="dbl_Group_003_003-material" count="28">
          <input semantic="VERTEX" source="#Síť_016-mesh-vertices" offset="0"/>
          <input semantic="NORMAL" source="#Síť_016-mesh-normals" offset="1"/>
          <input semantic="TEXCOORD" source="#Síť_016-mesh-map-0" offset="2" set="0"/>
          <input semantic="TEXCOORD" source="#Síť_016-mesh-map-1" offset="2" set="1"/>
          <p>152 317 840 153 318 841 154 319 842 153 318 843 152 317 844 155 320 845 153 318 846 155 320 847 156 321 848 153 318 849 156 321 850 157 322 851 153 318 852 157 322 853 158 323 854 158 323 855 157 322 856 159 324 857 158 323 858 159 324 859 160 325 860 160 325 861 159 324 862 161 326 863 160 325 864 161 326 865 162 327 866 162 327 867 161 326 868 163 328 869 162 327 870 163 328 871 164 329 872 164 329 873 163 328 874 165 330 875 164 329 876 165 330 877 166 331 878 166 331 879 165 330 880 167 332 881 166 331 882 167 332 883 168 333 884 168 333 885 167 332 886 169 334 887 168 333 888 169 334 889 170 335 890 170 335 891 169 334 892 171 336 893 170 335 894 171 336 895 172 337 896 172 337 897 171 336 898 173 338 899 172 337 900 173 338 901 174 339 902 174 339 903 173 338 904 175 340 905 174 339 906 175 340 907 176 341 908 176 341 909 175 340 910 177 342 911 176 341 912 177 342 913 178 343 914 178 343 915 177 342 916 179 344 917 178 343 918 179 344 919 180 345 920 180 345 921 179 344 922 181 346 923</p>
        </triangles>
      </mesh>
    </geometry>
    <geometry id="Síť_015-mesh" name="Síť.015">
      <mesh>
        <source id="Síť_015-mesh-positions">
          <float_array id="Síť_015-mesh-positions-array" count="222">57.79318 1.12362e-6 15.48564 32.32347 1.54594e-6 19.92469 30.97128 1.54888e-6 19.80307 60.88722 9.42952e-7 22.95532 33.58351 1.53731e-6 20.28126 34.66553 1.52359e-6 20.8485 35.4958 1.50571e-6 21.58773 36.01772 1.48489e-6 22.44858 36.19574 1.46255e-6 23.37239 61.94254 7.49075e-7 30.97128 36.19573 1.09497e-6 38.57015 60.88722 5.552e-7 38.98723 36.01771 1.07263e-6 39.49396 57.79318 3.74536e-7 46.45691 35.49579 1.05181e-6 40.35482 34.66553 1.03393e-6 41.09404 33.5835 1.02021e-6 41.66128 32.32347 1.01158e-6 42.01785 30.97127 1.00864e-6 42.13947 4.149362 3.74544e-7 46.4569 9.071273 7.49083e-7 52.87126 52.87127 7.49077e-7 52.87127 15.48563 0 57.79318 46.4569 0 57.79318 22.95531 0 60.88722 38.98722 0 60.88722 30.97127 0 61.94254 38.98723 1.47263e-6 1.055322 22.95532 1.47264e-6 1.055319 30.97128 1.49816e-6 0 15.48564 1.3978e-6 4.149362 46.45691 1.3978e-6 4.149366 9.071279 1.80844e-6 9.071268 52.87128 1.80844e-6 9.071273 4.149366 1.12362e-6 15.48563 1.055322 9.4296e-7 22.95531 29.61909 1.54594e-6 19.92469 28.35905 1.53731e-6 20.28126 27.27702 1.52359e-6 20.84849 26.44676 1.50571e-6 21.58772 25.92484 1.48489e-6 22.44857 25.74682 1.46255e-6 23.37238 0 7.49084e-7 30.97127 25.74681 1.09497e-6 38.57015 1.055319 5.55208e-7 38.98722 25.92483 1.07263e-6 39.49396 26.44676 1.05181e-6 40.35481 27.27702 1.03393e-6 41.09404 28.35904 1.02021e-6 41.66128 29.61908 1.01158e-6 42.01785 4.149362 10 46.4569 1.055319 10 38.98722 1.055322 10 22.95531 4.149366 10 15.48563 9.071273 10 52.87127 15.48563 10 57.79318 0 10 30.97127 57.79318 10 46.45691 60.88722 10 38.98723 22.95531 10 60.88722 61.94254 10 30.97128 22.95532 10 1.05532 30.97128 10 2.41863e-7 38.98723 10 1.055322 15.48564 10 4.149362 46.45691 10 4.149366 9.071279 10 9.071268 52.87128 10 9.071273 57.79318 10 15.48564 60.88722 10 22.95532 52.87127 10 52.87127 46.4569 10 57.79318 38.98722 10 60.88723 30.97127 10 61.94254</float_array>
          <technique_common>
            <accessor source="#Síť_015-mesh-positions-array" count="74" stride="3">
              <param name="X" type="float"/>
              <param name="Y" type="float"/>
              <param name="Z" type="float"/>
            </accessor>
          </technique_common>
        </source>
        <source id="Síť_015-mesh-normals">
          <float_array id="Síť_015-mesh-normals-array" count="360">0 -1 0 0 -1 0 0 -1 2.3891e-7 0 -1 0 0 -1 0 0 -1 0 0 -1 0 0 -1 0 0 -1 0 0 -1 0 0 -1 0 0 -1 0 0 -1 0 0 -1 0 0 -1 0 0 -1 0 0 -1 0 0 -1 0 0 -1 -1.40268e-7 0 -1 0 0 -1 0 0 -1 0 0 -1 0 0 -1 0 0 -1 0 0 -1 0 0 -1 0 0 -1 0 0 -1 0 0 -1 0 0 -1 0 0 -1 0 0 -1 0 0 -1 0 0 -1 0 0 -1 0 0 -1 6.60852e-7 0 -1 0 0 -1 0 0 -1 0 0 -1 0 0 -1 0 0 -1 0 0 -1 0 0 -1 0 0 -1 0 0 -1 0 0 -1 0 0 -1 0 0 -1 0 -0.8660254 -1.38799e-7 0.5 -0.9659259 0 0.2588189 -0.8660255 0 0.5 -0.9659259 0 0.258819 -0.9659258 0 -0.2588192 -0.8660256 0 -0.5 -0.9659258 0 -0.2588192 -0.8660255 0 -0.4999999 -0.5000007 -1.58094e-7 0.8660251 -0.7071067 -3.65383e-7 0.7071068 -0.7071067 -3.84678e-7 0.7071068 -0.5 0 0.8660255 -1 0 -1.96149e-7 -1 0 -1.53092e-7 0.9659259 2.96696e-7 0.2588191 0.8660255 0 0.5 0.8660254 0 0.5 0.9659259 2.48803e-7 0.2588192 -0.2588193 0 0.9659259 -0.2588185 0 0.9659261 1 1.31908e-7 0 1 0 0 -0.2588189 0 -0.9659259 1.81796e-7 0 -1 -0.2588189 0 -0.9659259 1.67444e-7 0 -1 0 1 6.28261e-7 0 1 0 0 1 9.01884e-7 0 1 -4.62762e-7 0 1 0 0 1 -1.7215e-7 0 1 2.54305e-7 0 1 0 0 1 0 0 1 3.12041e-7 0 1 0 0 1 2.76349e-7 0 1 0 0 1 0 0 1 -1.48846e-7 0 1 0 0 1 0 0 1 0 0 1 1.61438e-7 0 1 -1.80963e-7 0 1 0 0 1 -3.93279e-7 0 1 0 0 1 9.01886e-7 0.2588192 0 -0.9659259 0.4999996 0 -0.8660256 0.2588192 -1.90355e-7 -0.9659259 0.4999996 0 -0.8660256 0.2588189 -4.51011e-7 0.9659259 -4.52099e-7 -2.15232e-7 1 0 0 1 0.2588184 -5.03612e-7 0.965926 0.7071067 0 0.7071068 0.7071068 0 0.7071067 0.7071068 0 -0.7071068 0.8660258 0 -0.4999994 0.8660259 0 -0.4999994 0.4999999 0 0.8660256 0.5 -1.62631e-7 0.8660256 0.9659259 0 -0.2588189 0.9659259 0 -0.2588189 -0.7071066 0 -0.707107 -0.4999997 0 -0.8660256 -0.4999997 0 -0.8660256</float_array>
          <technique_common>
            <accessor source="#Síť_015-mesh-normals-array" count="120" stride="3">
              <param name="X" type="float"/>
              <param name="Y" type="float"/>
              <param name="Z" type="float"/>
            </accessor>
          </technique_common>
        </source>
        <source id="Síť_015-mesh-map-0">
          <float_array id="Síť_015-mesh-map-0-array" count="720">0.5688306 0.1524177 0.3181444 0.1961091 0.3048354 0.194912 0.3181444 0.1961091 0.5688306 0.1524177 0.5992837 0.2259382 0.3181444 0.1961091 0.5992837 0.2259382 0.3305463 0.1996187 0.3305463 0.1996187 0.5992837 0.2259382 0.3411962 0.2052017 0.3411962 0.2052017 0.5992837 0.2259382 0.349368 0.2124776 0.349368 0.2124776 0.5992837 0.2259382 0.3545051 0.2209506 0.3545051 0.2209506 0.5992837 0.2259382 0.3562573 0.2300431 0.3562573 0.2300431 0.5992837 0.2259382 0.6096707 0.3048354 0.3562573 0.2300431 0.6096707 0.3048354 0.3562573 0.3796275 0.3562573 0.3796275 0.6096707 0.3048354 0.5992837 0.3837326 0.3562573 0.3796275 0.5992837 0.3837326 0.3545051 0.3887201 0.3545051 0.3887201 0.5992837 0.3837326 0.5688305 0.457253 0.3545051 0.3887201 0.5688305 0.457253 0.349368 0.3971931 0.349368 0.3971931 0.5688305 0.457253 0.3411961 0.404469 0.3411961 0.404469 0.5688305 0.457253 0.3305463 0.410052 0.3305463 0.410052 0.5688305 0.457253 0.3181443 0.4135615 0.3181443 0.4135615 0.5688305 0.457253 0.3048354 0.4147586 0.3048354 0.4147586 0.5688305 0.457253 0.04084014 0.457253 0.04084014 0.457253 0.5688305 0.457253 0.08928418 0.5203865 0.08928418 0.5203865 0.5688305 0.457253 0.5203865 0.5203865 0.08928418 0.5203865 0.5203865 0.5203865 0.1524176 0.5688305 0.1524176 0.5688305 0.5203865 0.5203865 0.457253 0.5688306 0.1524176 0.5688305 0.457253 0.5688306 0.2259381 0.5992837 0.2259381 0.5992837 0.457253 0.5688306 0.3837325 0.5992837 0.2259381 0.5992837 0.3837325 0.5992837 0.3048353 0.6096707 0.3837326 0.010387 0.2259382 0.010387 0.3048354 0 0.2259382 0.010387 0.3837326 0.010387 0.1524177 0.04084014 0.1524177 0.04084014 0.3837326 0.010387 0.457253 0.0408402 0.1524177 0.04084014 0.457253 0.0408402 0.08928424 0.08928412 0.08928424 0.08928412 0.457253 0.0408402 0.5203866 0.08928418 0.08928424 0.08928412 0.5203866 0.08928418 0.0408402 0.1524176 0.0408402 0.1524176 0.5203866 0.08928418 0.5688306 0.1524177 0.0408402 0.1524176 0.5688306 0.1524177 0.010387 0.2259381 0.010387 0.2259381 0.5688306 0.1524177 0.2915264 0.1961091 0.2915264 0.1961091 0.5688306 0.1524177 0.3048354 0.194912 0.010387 0.2259381 0.2915264 0.1961091 0.2791244 0.1996187 0.010387 0.2259381 0.2791244 0.1996187 0.2684746 0.2052017 0.010387 0.2259381 0.2684746 0.2052017 0.2603027 0.2124776 0.010387 0.2259381 0.2603027 0.2124776 0.2551657 0.2209505 0.010387 0.2259381 0.2551657 0.2209505 0.2534135 0.2300431 0.010387 0.2259381 0.2534135 0.2300431 0 0.3048353 0 0.3048353 0.2534135 0.2300431 0.2534135 0.3796275 0 0.3048353 0.2534135 0.3796275 0.010387 0.3837325 0.010387 0.3837325 0.2534135 0.3796275 0.2551656 0.3887201 0.010387 0.3837325 0.2551656 0.3887201 0.04084014 0.457253 0.04084014 0.457253 0.2551656 0.3887201 0.2603027 0.397193 0.04084014 0.457253 0.2603027 0.397193 0.2684746 0.404469 0.04084014 0.457253 0.2684746 0.404469 0.2791244 0.410052 0.04084014 0.457253 0.2791244 0.410052 0.2915264 0.4135615 0.04084014 0.457253 0.2915264 0.4135615 0.3048354 0.4147586 -0.0984252 0.4380756 0 0.3584976 0 0.4380756 0 0.3584976 -0.0984252 0.4380756 -0.0984252 0.3584976 -0.0984252 0.2047646 0 0.1251866 0 0.2047646 0 0.1251866 -0.0984252 0.2047646 -0.0984252 0.1251866 0 0.4672031 -0.0984252 0.3876252 0 0.3876252 -0.0984252 0.3876252 0 0.4672031 -0.09842514 0.4672031 -0.0984252 0.3022274 0 0.2226494 0 0.3022274 0 0.2226494 -0.0984252 0.3022274 -0.0984252 0.2226494 0 0.1251866 0.0984252 0.2047646 0 0.2047646 0.0984252 0.2047646 0 0.1251866 0.0984252 0.1251866 0 0.4380756 -0.0984252 0.3584976 0 0.3584976 -0.0984252 0.3584976 0 0.4380756 -0.0984252 0.4380756 0 0.2226494 0.0984252 0.3022274 0 0.3022274 0.0984252 0.3022274 0 0.2226494 0.0984252 0.2226494 -0.0984252 -0.2226495 0 -0.3022275 0 -0.2226495 0 -0.3022275 -0.0984252 -0.2226495 -0.09842526 -0.3022274 -0.2259382 0.010387 -0.3837326 0.010387 -0.3048354 0 -0.3837326 0.010387 -0.2259382 0.010387 -0.1524177 0.04084014 -0.3837326 0.010387 -0.1524177 0.04084014 -0.457253 0.0408402 -0.457253 0.0408402 -0.1524177 0.04084014 -0.08928424 0.08928412 -0.457253 0.0408402 -0.08928424 0.08928412 -0.5203866 0.08928418 -0.5203866 0.08928418 -0.08928424 0.08928412 -0.0408402 0.1524176 -0.5203866 0.08928418 -0.0408402 0.1524176 -0.5688306 0.1524177 -0.5688306 0.1524177 -0.0408402 0.1524176 -0.010387 0.2259381 -0.5688306 0.1524177 -0.010387 0.2259381 -0.5992837 0.2259382 -0.5992837 0.2259382 -0.010387 0.2259381 0 0.3048353 -0.5992837 0.2259382 0 0.3048353 -0.6096707 0.3048354 -0.6096707 0.3048354 0 0.3048353 -0.010387 0.3837325 -0.6096707 0.3048354 -0.010387 0.3837325 -0.5992837 0.3837326 -0.5992837 0.3837326 -0.010387 0.3837325 -0.04084014 0.457253 -0.5992837 0.3837326 -0.04084014 0.457253 -0.5688305 0.457253 -0.5688305 0.457253 -0.04084014 0.457253 -0.08928418 0.5203865 -0.5688305 0.457253 -0.08928418 0.5203865 -0.5203865 0.5203865 -0.5203865 0.5203865 -0.08928418 0.5203865 -0.1524176 0.5688305 -0.5203865 0.5203865 -0.1524176 0.5688305 -0.457253 0.5688306 -0.457253 0.5688306 -0.1524176 0.5688305 -0.2259381 0.5992837 -0.457253 0.5688306 -0.2259381 0.5992837 -0.3837325 0.5992837 -0.3837325 0.5992837 -0.2259381 0.5992837 -0.3048353 0.6096707 0 0.4672031 -0.0984252 0.3876252 0 0.3876252 -0.0984252 0.3876252 0 0.4672031 -0.09842514 0.4672031 0.09842514 0.3584976 0 0.4380756 0 0.3584976 0 0.4380756 0.09842514 0.3584976 0.09842514 0.4380756 0.0984252 0.3022274 0 0.3818055 0 0.3022274 0 0.3818055 0.0984252 0.3022274 0.09842514 0.3818055 0 -0.3022275 0.0984252 -0.2226495 0 -0.2226495 0.0984252 -0.2226495 0 -0.3022275 0.09842526 -0.3022274 0.0984252 0.01648145 0 0.09605944 0 0.01648145 0 0.09605944 0.0984252 0.01648145 0.0984252 0.09605944 0 0.3876252 0.09842514 0.4672028 0 0.4672031 0.09842514 0.4672028 0 0.3876252 0.0984252 0.3876248 -0.0984252 0.3818054 0 0.3022274 0 0.3818055 0 0.3022274 -0.0984252 0.3818054 -0.0984252 0.3022274 0 -0.09605956 0.0984252 -0.01648151 0 -0.01648151 0.0984252 -0.01648151 0 -0.09605956 0.0984252 -0.09605956 0 -0.2047647 0.0984252 -0.1251868 0 -0.1251868 0.0984252 -0.1251868 0 -0.2047647 0.0984252 -0.2047647 0 0.3584976 0.09842514 0.4380756 0 0.4380756 0.09842514 0.4380756 0 0.3584976 0.09842514 0.3584976 0 0.3818055 -0.0984252 0.3022274 0 0.3022274 -0.0984252 0.3022274 0 0.3818055 -0.0984252 0.3818054 0.0984252 0.3876248 0 0.4672031 0 0.3876252 0 0.4672031 0.0984252 0.3876248 0.09842514 0.4672028 0 0.3022274 0.09842514 0.3818055 0 0.3818055 0.09842514 0.3818055 0 0.3022274 0.0984252 0.3022274 -0.0984252 0.09605914 0 0.01648145 0 0.09605944 0 0.01648145 -0.0984252 0.09605914 -0.0984252 0.0164811 -0.0984252 -0.1251868 0 -0.2047647 0 -0.1251868 0 -0.2047647 -0.0984252 -0.1251868 -0.0984252 -0.2047647 -0.0984252 -0.01648128 0 -0.09605956 0 -0.01648151 0 -0.09605956 -0.0984252 -0.01648128 -0.0984252 -0.09605926</float_array>
          <technique_common>
            <accessor source="#Síť_015-mesh-map-0-array" count="360" stride="2">
              <param name="S" type="float"/>
              <param name="T" type="float"/>
            </accessor>
          </technique_common>
        </source>
        <source id="Síť_015-mesh-map-1">
          <float_array id="Síť_015-mesh-map-1-array" count="720">0.5688306 0.1524177 0.3181444 0.1961091 0.3048354 0.194912 0.3181444 0.1961091 0.5688306 0.1524177 0.5992837 0.2259382 0.3181444 0.1961091 0.5992837 0.2259382 0.3305463 0.1996187 0.3305463 0.1996187 0.5992837 0.2259382 0.3411962 0.2052017 0.3411962 0.2052017 0.5992837 0.2259382 0.349368 0.2124776 0.349368 0.2124776 0.5992837 0.2259382 0.3545051 0.2209506 0.3545051 0.2209506 0.5992837 0.2259382 0.3562573 0.2300431 0.3562573 0.2300431 0.5992837 0.2259382 0.6096707 0.3048354 0.3562573 0.2300431 0.6096707 0.3048354 0.3562573 0.3796275 0.3562573 0.3796275 0.6096707 0.3048354 0.5992837 0.3837326 0.3562573 0.3796275 0.5992837 0.3837326 0.3545051 0.3887201 0.3545051 0.3887201 0.5992837 0.3837326 0.5688305 0.457253 0.3545051 0.3887201 0.5688305 0.457253 0.349368 0.3971931 0.349368 0.3971931 0.5688305 0.457253 0.3411961 0.404469 0.3411961 0.404469 0.5688305 0.457253 0.3305463 0.410052 0.3305463 0.410052 0.5688305 0.457253 0.3181443 0.4135615 0.3181443 0.4135615 0.5688305 0.457253 0.3048354 0.4147586 0.3048354 0.4147586 0.5688305 0.457253 0.04084014 0.457253 0.04084014 0.457253 0.5688305 0.457253 0.08928418 0.5203865 0.08928418 0.5203865 0.5688305 0.457253 0.5203865 0.5203865 0.08928418 0.5203865 0.5203865 0.5203865 0.1524176 0.5688305 0.1524176 0.5688305 0.5203865 0.5203865 0.457253 0.5688306 0.1524176 0.5688305 0.457253 0.5688306 0.2259381 0.5992837 0.2259381 0.5992837 0.457253 0.5688306 0.3837325 0.5992837 0.2259381 0.5992837 0.3837325 0.5992837 0.3048353 0.6096707 0.3837326 0.010387 0.2259382 0.010387 0.3048354 0 0.2259382 0.010387 0.3837326 0.010387 0.1524177 0.04084014 0.1524177 0.04084014 0.3837326 0.010387 0.457253 0.0408402 0.1524177 0.04084014 0.457253 0.0408402 0.08928424 0.08928412 0.08928424 0.08928412 0.457253 0.0408402 0.5203866 0.08928418 0.08928424 0.08928412 0.5203866 0.08928418 0.0408402 0.1524176 0.0408402 0.1524176 0.5203866 0.08928418 0.5688306 0.1524177 0.0408402 0.1524176 0.5688306 0.1524177 0.010387 0.2259381 0.010387 0.2259381 0.5688306 0.1524177 0.2915264 0.1961091 0.2915264 0.1961091 0.5688306 0.1524177 0.3048354 0.194912 0.010387 0.2259381 0.2915264 0.1961091 0.2791244 0.1996187 0.010387 0.2259381 0.2791244 0.1996187 0.2684746 0.2052017 0.010387 0.2259381 0.2684746 0.2052017 0.2603027 0.2124776 0.010387 0.2259381 0.2603027 0.2124776 0.2551657 0.2209505 0.010387 0.2259381 0.2551657 0.2209505 0.2534135 0.2300431 0.010387 0.2259381 0.2534135 0.2300431 0 0.3048353 0 0.3048353 0.2534135 0.2300431 0.2534135 0.3796275 0 0.3048353 0.2534135 0.3796275 0.010387 0.3837325 0.010387 0.3837325 0.2534135 0.3796275 0.2551656 0.3887201 0.010387 0.3837325 0.2551656 0.3887201 0.04084014 0.457253 0.04084014 0.457253 0.2551656 0.3887201 0.2603027 0.397193 0.04084014 0.457253 0.2603027 0.397193 0.2684746 0.404469 0.04084014 0.457253 0.2684746 0.404469 0.2791244 0.410052 0.04084014 0.457253 0.2791244 0.410052 0.2915264 0.4135615 0.04084014 0.457253 0.2915264 0.4135615 0.3048354 0.4147586 -0.0984252 0.4380756 0 0.3584976 0 0.4380756 0 0.3584976 -0.0984252 0.4380756 -0.0984252 0.3584976 -0.0984252 0.2047646 0 0.1251866 0 0.2047646 0 0.1251866 -0.0984252 0.2047646 -0.0984252 0.1251866 0 0.4672031 -0.0984252 0.3876252 0 0.3876252 -0.0984252 0.3876252 0 0.4672031 -0.09842514 0.4672031 -0.0984252 0.3022274 0 0.2226494 0 0.3022274 0 0.2226494 -0.0984252 0.3022274 -0.0984252 0.2226494 0 0.1251866 0.0984252 0.2047646 0 0.2047646 0.0984252 0.2047646 0 0.1251866 0.0984252 0.1251866 0 0.4380756 -0.0984252 0.3584976 0 0.3584976 -0.0984252 0.3584976 0 0.4380756 -0.0984252 0.4380756 0 0.2226494 0.0984252 0.3022274 0 0.3022274 0.0984252 0.3022274 0 0.2226494 0.0984252 0.2226494 -0.0984252 -0.2226495 0 -0.3022275 0 -0.2226495 0 -0.3022275 -0.0984252 -0.2226495 -0.09842526 -0.3022274 -0.2259382 0.010387 -0.3837326 0.010387 -0.3048354 0 -0.3837326 0.010387 -0.2259382 0.010387 -0.1524177 0.04084014 -0.3837326 0.010387 -0.1524177 0.04084014 -0.457253 0.0408402 -0.457253 0.0408402 -0.1524177 0.04084014 -0.08928424 0.08928412 -0.457253 0.0408402 -0.08928424 0.08928412 -0.5203866 0.08928418 -0.5203866 0.08928418 -0.08928424 0.08928412 -0.0408402 0.1524176 -0.5203866 0.08928418 -0.0408402 0.1524176 -0.5688306 0.1524177 -0.5688306 0.1524177 -0.0408402 0.1524176 -0.010387 0.2259381 -0.5688306 0.1524177 -0.010387 0.2259381 -0.5992837 0.2259382 -0.5992837 0.2259382 -0.010387 0.2259381 0 0.3048353 -0.5992837 0.2259382 0 0.3048353 -0.6096707 0.3048354 -0.6096707 0.3048354 0 0.3048353 -0.010387 0.3837325 -0.6096707 0.3048354 -0.010387 0.3837325 -0.5992837 0.3837326 -0.5992837 0.3837326 -0.010387 0.3837325 -0.04084014 0.457253 -0.5992837 0.3837326 -0.04084014 0.457253 -0.5688305 0.457253 -0.5688305 0.457253 -0.04084014 0.457253 -0.08928418 0.5203865 -0.5688305 0.457253 -0.08928418 0.5203865 -0.5203865 0.5203865 -0.5203865 0.5203865 -0.08928418 0.5203865 -0.1524176 0.5688305 -0.5203865 0.5203865 -0.1524176 0.5688305 -0.457253 0.5688306 -0.457253 0.5688306 -0.1524176 0.5688305 -0.2259381 0.5992837 -0.457253 0.5688306 -0.2259381 0.5992837 -0.3837325 0.5992837 -0.3837325 0.5992837 -0.2259381 0.5992837 -0.3048353 0.6096707 0 0.4672031 -0.0984252 0.3876252 0 0.3876252 -0.0984252 0.3876252 0 0.4672031 -0.09842514 0.4672031 0.09842514 0.3584976 0 0.4380756 0 0.3584976 0 0.4380756 0.09842514 0.3584976 0.09842514 0.4380756 0.0984252 0.3022274 0 0.3818055 0 0.3022274 0 0.3818055 0.0984252 0.3022274 0.09842514 0.3818055 0 -0.3022275 0.0984252 -0.2226495 0 -0.2226495 0.0984252 -0.2226495 0 -0.3022275 0.09842526 -0.3022274 0.0984252 0.01648145 0 0.09605944 0 0.01648145 0 0.09605944 0.0984252 0.01648145 0.0984252 0.09605944 0 0.3876252 0.09842514 0.4672028 0 0.4672031 0.09842514 0.4672028 0 0.3876252 0.0984252 0.3876248 -0.0984252 0.3818054 0 0.3022274 0 0.3818055 0 0.3022274 -0.0984252 0.3818054 -0.0984252 0.3022274 0 -0.09605956 0.0984252 -0.01648151 0 -0.01648151 0.0984252 -0.01648151 0 -0.09605956 0.0984252 -0.09605956 0 -0.2047647 0.0984252 -0.1251868 0 -0.1251868 0.0984252 -0.1251868 0 -0.2047647 0.0984252 -0.2047647 0 0.3584976 0.09842514 0.4380756 0 0.4380756 0.09842514 0.4380756 0 0.3584976 0.09842514 0.3584976 0 0.3818055 -0.0984252 0.3022274 0 0.3022274 -0.0984252 0.3022274 0 0.3818055 -0.0984252 0.3818054 0.0984252 0.3876248 0 0.4672031 0 0.3876252 0 0.4672031 0.0984252 0.3876248 0.09842514 0.4672028 0 0.3022274 0.09842514 0.3818055 0 0.3818055 0.09842514 0.3818055 0 0.3022274 0.0984252 0.3022274 -0.0984252 0.09605914 0 0.01648145 0 0.09605944 0 0.01648145 -0.0984252 0.09605914 -0.0984252 0.0164811 -0.0984252 -0.1251868 0 -0.2047647 0 -0.1251868 0 -0.2047647 -0.0984252 -0.1251868 -0.0984252 -0.2047647 -0.0984252 -0.01648128 0 -0.09605956 0 -0.01648151 0 -0.09605956 -0.0984252 -0.01648128 -0.0984252 -0.09605926</float_array>
          <technique_common>
            <accessor source="#Síť_015-mesh-map-1-array" count="360" stride="2">
              <param name="S" type="float"/>
              <param name="T" type="float"/>
            </accessor>
          </technique_common>
        </source>
        <vertices id="Síť_015-mesh-vertices">
          <input semantic="POSITION" source="#Síť_015-mesh-positions"/>
        </vertices>
        <triangles count="120">
          <input semantic="VERTEX" source="#Síť_015-mesh-vertices" offset="0"/>
          <input semantic="NORMAL" source="#Síť_015-mesh-normals" offset="1"/>
          <input semantic="TEXCOORD" source="#Síť_015-mesh-map-0" offset="2" set="0"/>
          <input semantic="TEXCOORD" source="#Síť_015-mesh-map-1" offset="2" set="1"/>
          <p>0 0 0 1 1 1 2 2 2 1 1 3 0 0 4 3 3 5 1 1 6 3 3 7 4 4 8 4 4 9 3 3 10 5 5 11 5 5 12 3 3 13 6 6 14 6 6 15 3 3 16 7 7 17 7 7 18 3 3 19 8 8 20 8 8 21 3 3 22 9 9 23 8 8 24 9 9 25 10 10 26 10 10 27 9 9 28 11 11 29 10 10 30 11 11 31 12 12 32 12 12 33 11 11 34 13 13 35 12 12 36 13 13 37 14 14 38 14 14 39 13 13 40 15 15 41 15 15 42 13 13 43 16 16 44 16 16 45 13 13 46 17 17 47 17 17 48 13 13 49 18 18 50 18 18 51 13 13 52 19 19 53 19 19 54 13 13 55 20 20 56 20 20 57 13 13 58 21 21 59 20 20 60 21 21 61 22 22 62 22 22 63 21 21 64 23 23 65 22 22 66 23 23 67 24 24 68 24 24 69 23 23 70 25 25 71 24 24 72 25 25 73 26 26 74 27 27 75 28 28 76 29 29 77 28 28 78 27 27 79 30 30 80 30 30 81 27 27 82 31 31 83 30 30 84 31 31 85 32 32 86 32 32 87 31 31 88 33 33 89 32 32 90 33 33 91 34 34 92 34 34 93 33 33 94 0 0 95 34 34 96 0 0 97 35 35 98 35 35 99 0 0 100 36 36 101 36 36 102 0 0 103 2 2 104 35 35 105 36 36 106 37 37 107 35 35 108 37 37 109 38 38 110 35 35 111 38 38 112 39 39 113 35 35 114 39 39 115 40 40 116 35 35 117 40 40 118 41 41 119 35 35 120 41 41 121 42 42 122 42 42 123 41 41 124 43 43 125 42 42 126 43 43 127 44 44 128 44 44 129 43 43 130 45 45 131 44 44 132 45 45 133 19 19 134 19 19 135 45 45 136 46 46 137 19 19 138 46 46 139 47 47 140 19 19 141 47 47 142 48 48 143 19 19 144 48 48 145 49 49 146 19 19 147 49 49 148 18 18 149 50 50 150 44 51 151 19 52 152 44 51 153 50 50 154 51 53 155 52 54 156 34 55 157 35 56 158 34 55 159 52 54 160 53 57 161 22 58 162 54 59 163 20 60 164 54 59 165 22 58 166 55 61 167 56 62 168 35 56 169 42 63 170 35 56 171 56 62 172 52 54 173 11 64 174 57 65 175 13 66 176 57 65 177 11 64 178 58 67 179 24 68 180 55 61 181 22 58 182 55 61 183 24 68 184 59 69 185 9 70 186 58 67 187 11 64 188 58 67 189 9 70 190 60 71 191 61 72 192 29 73 193 28 74 194 29 73 195 61 72 196 62 75 197 61 76 198 63 77 199 62 78 200 63 77 201 61 76 202 64 79 203 63 77 204 64 79 205 65 80 206 65 80 207 64 79 208 66 81 209 65 80 210 66 81 211 67 82 212 67 82 213 66 81 214 53 83 215 67 82 216 53 83 217 68 84 218 68 84 219 53 83 220 52 85 221 68 84 222 52 85 223 69 86 224 69 86 225 52 85 226 56 87 227 69 86 228 56 87 229 60 88 230 60 88 231 56 87 232 51 89 233 60 88 234 51 89 235 58 90 236 58 90 237 51 89 238 50 91 239 58 90 240 50 91 241 57 92 242 57 92 243 50 91 244 54 93 245 57 92 246 54 93 247 70 94 248 70 94 249 54 93 250 55 95 251 70 94 252 55 95 253 71 96 254 71 96 255 55 95 256 59 97 257 71 96 258 59 97 259 72 98 260 72 98 261 59 97 262 73 99 263 20 60 264 50 50 265 19 52 266 50 50 267 20 60 268 54 59 269 63 100 270 31 101 271 27 102 272 31 101 273 63 100 274 65 103 275 62 75 276 27 102 277 29 73 278 27 102 279 62 75 280 63 100 281 25 104 282 73 105 283 26 106 284 73 105 285 25 104 286 72 107 287 57 65 288 21 108 289 13 66 290 21 108 291 57 65 292 70 109 293 33 110 294 68 111 295 0 112 296 68 111 297 33 110 298 67 110 299 51 53 300 42 63 301 44 51 302 42 63 303 51 53 304 56 62 305 21 108 306 71 113 307 23 114 308 71 113 309 21 108 310 70 109 311 23 114 312 72 107 313 25 104 314 72 107 315 23 114 316 71 113 317 0 112 318 69 115 319 3 116 320 69 115 321 0 112 322 68 111 323 26 106 324 59 69 325 24 68 326 59 69 327 26 106 328 73 105 329 65 103 330 33 110 331 31 101 332 33 110 333 65 103 334 67 110 335 3 116 336 60 71 337 9 70 338 60 71 339 3 116 340 69 115 341 53 57 342 32 117 343 34 55 344 32 117 345 53 57 346 66 117 347 64 118 348 28 74 349 30 119 350 28 74 351 64 118 352 61 72 353 66 117 354 30 119 355 32 117 356 30 119 357 66 117 358 64 118 359</p>
        </triangles>
      </mesh>
    </geometry>
    <geometry id="Síť_013-mesh" name="Síť.013">
      <mesh>
        <source id="Síť_013-mesh-positions">
          <float_array id="Síť_013-mesh-positions-array" count="2268">2.14819 7.580004 26.29409 1.131895 9.255643 25 2.000328 7.494636 25 1.289635 9.320981 26.29409 1.131895 9.255643 5 2.000328 7.494636 5 2.14819 7.580004 3.705905 1.289635 9.320981 3.705905 2.5817 7.830291 2.5 1.752105 9.512543 2.5 3.271314 8.228441 1.464466 2.487788 9.817273 1.464466 3.44655 10.2144 0.669873 4.170037 8.747318 0.669873 4.563051 10.67687 0.1703708 5.216622 9.351564 0.1703708 5.761205 11.17317 0 6.339746 10 0 6.959358 11.66946 0.1703708 7.46287 10.64844 0.1703708 8.509455 11.25268 0.669873 8.095345 9.701871 0.1703708 9.054105 10.43755 0.669873 9.408178 11.77156 1.464466 9.877412 11.0693 1.464466 10.50916 11.55405 2.5 10.09779 12.16971 2.5 10.90629 11.85879 3.705905 10.5313 12.42 3.705905 11.04174 11.96272 5 10.67916 12.50536 5 10.18073 13.70868 5 10.39051 13.09069 20 10.39051 13.09069 5 10.39051 13.09069 25 10.18073 13.70868 25 10.18073 13.70868 20 11.04174 11.96272 25 10.5313 12.42 26.29409 10.90629 11.85879 26.29409 10.67916 12.50536 25 10.09779 12.16971 27.5 10.50916 11.55405 27.5 9.408178 11.77156 28.53553 9.877412 11.0693 28.53553 9.054105 10.43755 29.33013 8.509455 11.25268 29.33013 8.095345 9.701871 29.82963 7.46287 10.64844 29.82963 7.066466 8.912386 30 6.339746 10 30 6.037589 8.1229 29.82963 5.216622 9.351564 29.82963 5.078827 7.387216 29.33013 4.170037 8.747318 29.33013 1.752105 9.512543 27.5 0.6656686 11.15913 26.29409 1.149186 11.28868 27.5 2.487788 9.817273 28.53553 1.91835 11.49478 28.53553 2.920746 11.76337 29.33013 3.44655 10.2144 29.33013 4.08806 12.07615 29.82963 4.563051 10.67687 29.82963 5.340742 12.41181 30 5.761205 11.17317 30 6.593424 12.74746 29.82963 6.959358 11.66946 29.82963 7.760738 13.06024 29.33013 8.07586 12.13193 29.33013 8.763134 13.32884 28.53553 9.034621 12.52906 28.53553 9.770304 12.83379 27.5 9.532299 13.53493 27.5 10.23277 13.02535 26.29409 10.01581 13.66449 26.29409 10.05341 14.34877 5 10.05341 14.34877 25 10.05341 14.34877 20 10.01581 13.66449 3.705905 10.23277 13.02535 3.705905 9.532299 13.53493 2.5 9.770304 12.83379 2.5 8.763134 13.32884 1.464466 9.034621 12.52906 1.464466 8.07586 12.13193 0.669873 7.760738 13.06024 0.669873 6.593424 12.74746 0.1703708 6.371328 13.86401 0.1703708 5.340742 12.41181 0 5.085551 13.69474 0 4.08806 12.07615 0.1703708 3.799774 13.52546 0.1703708 2.920746 11.76337 0.669873 2.601621 13.36772 0.669873 1.91835 11.49478 1.464466 1.572743 13.23227 1.464466 0.7832577 13.12833 2.5 1.149186 11.28868 2.5 0.2869663 13.06299 3.705905 0.6656686 11.15913 3.705905 0.1176905 13.04071 5 0.5007498 11.11494 5 0.1176905 13.04071 25 0.5007498 11.11494 25 0.2869663 13.06299 26.29409 0.7832577 13.12833 27.5 1.572743 13.23227 28.53553 2.601621 13.36772 29.33013 3.799774 13.52546 29.82963 5.085551 13.69474 30 6.371328 13.86401 29.82963 7.569482 14.02175 29.33013 8.59836 14.15721 28.53553 9.387845 14.26115 27.5 9.884137 14.32648 26.29409 11.96272 11.04174 20 12.50536 10.67916 5 11.96272 11.04174 5 12.50536 10.67916 20 11.96272 11.04174 25 12.50536 10.67916 25 9.884137 14.32648 3.705905 9.387845 14.26115 2.5 8.59836 14.15721 1.464466 7.569482 14.02175 0.669873 6.294095 15.04236 0.1703708 5 15 0 7.5 15.08184 0.669873 6.294095 48 0.1703708 5 48 0 3.705905 14.95763 0.1703708 3.705905 48 0.1703708 11.0693 9.877412 28.53553 10.99736 10.99736 27.5 10.4343 10.4343 28.53553 11.55405 10.50916 27.5 10.43755 9.054105 29.33013 9.700492 9.700492 29.33013 11.35132 11.35132 26.29409 11.47205 11.47205 25 11.85879 10.90629 26.29409 8.1229 6.037589 29.82963 7.928932 7.928932 30 7.011905 7.011905 29.82963 8.912386 7.066466 30 7.387216 5.078827 29.33013 6.157372 6.157372 29.33013 6.755471 4.25552 28.53553 5.423568 5.423568 28.53553 6.270715 3.623775 27.5 4.8605 4.8605 27.5 4.506541 4.506541 26.29409 5.965985 3.226643 26.29409 4.385812 4.385812 25 5.862048 3.091189 25 4.385812 4.385812 5 5.862048 3.091189 5 4.506541 4.506541 3.705905 5.965985 3.226643 3.705905 4.8605 4.8605 2.5 6.270715 3.623775 2.5 5.423568 5.423568 1.464466 6.755471 4.25552 1.464466 6.157372 6.157372 0.669873 7.387216 5.078827 0.669873 7.011905 7.011905 0.1703708 8.1229 6.037589 0.1703708 7.928932 7.928932 0 8.912386 7.066466 0 8.845959 8.845959 0.1703708 9.701871 8.095345 0.1703708 10.43755 9.054105 0.669873 10.64844 7.46287 0.1703708 11.25268 8.509455 0.669873 11.0693 9.877412 1.464466 11.77156 9.408178 1.464466 11.55405 10.50916 2.5 12.16971 10.09779 2.5 11.85879 10.90629 3.705905 12.42 10.5313 3.705905 13.09069 10.39051 5 13.09069 10.39051 20 13.09069 10.39051 25 12.42 10.5313 26.29409 12.16971 10.09779 27.5 11.77156 9.408178 28.53553 11.25268 8.509455 29.33013 10.64844 7.46287 29.82963 9.701871 8.095345 29.82963 10 6.339746 30 9.351564 5.216622 29.82963 8.747318 4.170037 29.33013 8.228441 3.271314 28.53553 7.830291 2.5817 27.5 7.580004 2.14819 26.29409 7.494636 2.000328 25 7.494636 2.000328 5 7.580004 2.14819 3.705905 7.830291 2.5817 2.5 8.228441 3.271314 1.464466 8.747318 4.170037 0.669873 9.351564 5.216622 0.1703708 10 6.339746 0 11.66946 6.959358 0.1703708 12.13193 8.07586 0.669873 12.52906 9.034621 1.464466 12.83379 9.770304 2.5 13.02535 10.23277 3.705905 13.70868 10.18073 5 13.70868 10.18073 20 13.70868 10.18073 25 13.02535 10.23277 26.29409 12.83379 9.770304 27.5 12.52906 9.034621 28.53553 12.13193 8.07586 29.33013 11.66946 6.959358 29.82963 11.17317 5.761205 30 10.67687 4.563051 29.82963 10.2144 3.44655 29.33013 9.817273 2.487788 28.53553 9.512543 1.752105 27.5 9.320981 1.289635 26.29409 9.255643 1.131895 25 9.255643 1.131895 5 9.320981 1.289635 3.705905 9.512543 1.752105 2.5 9.817273 2.487788 1.464466 10.2144 3.44655 0.669873 10.67687 4.563051 0.1703708 11.17317 5.761205 0 12.74746 6.593424 0.1703708 13.06024 7.760738 0.669873 13.32884 8.763134 1.464466 13.53493 9.532299 2.5 13.66449 10.01581 3.705905 14.34877 10.05341 5 14.34877 10.05341 20 14.34877 10.05341 25 13.66449 10.01581 26.29409 13.53493 9.532299 27.5 13.32884 8.763134 28.53553 13.06024 7.760738 29.33013 12.74746 6.593424 29.82963 12.41181 5.340742 30 12.07615 4.08806 29.82963 11.76337 2.920746 29.33013 11.49478 1.91835 28.53553 11.28868 1.149186 27.5 11.15913 0.6656686 26.29409 11.11494 0.5007498 25 11.11494 0.5007498 5 11.15913 0.6656686 3.705905 11.28868 1.149186 2.5 11.49478 1.91835 1.464466 11.76337 2.920746 0.669873 12.07615 4.08806 0.1703708 12.41181 5.340742 0 13.86401 6.371328 0.1703708 14.02175 7.569482 0.669873 14.15721 8.59836 1.464466 14.26115 9.387845 2.5 14.32648 9.884137 3.705905 15.16368 10 20 15.16368 10 5 15.16368 10 25 14.32648 9.884137 26.29409 14.26115 9.387845 27.5 14.15721 8.59836 28.53553 13.36772 2.601621 29.33013 13.52546 3.799774 29.82963 13.69474 5.085551 30 13.86401 6.371328 29.82963 14.02175 7.569482 29.33013 13.23227 1.572743 28.53553 13.12833 0.7832577 27.5 13.06299 0.2869663 26.29409 13.04071 0.1176905 25 13.04071 0.1176905 5 13.69474 5.085551 0 15.04236 6.294095 0.1703708 15.08184 7.5 0.669873 13.06299 0.2869663 3.705905 13.12833 0.7832577 2.5 13.23227 1.572743 1.464466 13.36772 2.601621 0.669873 15.11574 8.535534 1.464466 13.52546 3.799774 0.1703708 108.5279 11.47205 5 109.0937 11.85879 3.705905 108.6487 11.35132 3.705905 108.9583 11.96272 5 112.9881 7.011905 0.1703708 112.6128 5.078827 0.669873 111.8771 6.037589 0.1703708 113.8426 6.157372 0.669873 113.2445 4.25552 1.464466 114.5764 5.423568 1.464466 109.4908 11.55405 2.5 109.0026 10.99736 2.5 109.5657 10.4343 1.464466 110.1226 11.0693 1.464466 110.9459 10.43755 0.669873 111.154 8.845959 0.1703708 110.2995 9.700492 0.669873 111.9047 9.701871 0.1703708 113.7293 3.623775 2.5 115.1395 4.8605 2.5 112.0711 7.928932 0 111.0876 7.066466 0 110.2981 8.095345 0.1703708 115.4935 4.506541 3.705905 114.034 3.226643 3.705905 115.6142 4.385812 5 114.138 3.091189 5 115.6142 4.385812 25 114.138 3.091189 25 115.4935 4.506541 26.29409 114.034 3.226643 26.29409 115.1395 4.8605 27.5 113.7293 3.623775 27.5 114.5764 5.423568 28.53553 113.2445 4.25552 28.53553 15.15811 9.829629 26.29409 15.14175 9.330127 27.5 15.11574 8.535534 28.53553 15.08184 7.5 29.33013 15.04236 6.294095 29.82963 15 5 30 14.95763 3.705905 29.82963 14.91816 2.5 29.33013 14.88426 1.464466 28.53553 14.85825 0.669873 27.5 14.84189 0.1703708 26.29409 14.83632 0 25 14.83632 0 5 14.84189 0.1703708 3.705905 14.85825 0.669873 2.5 14.88426 1.464466 1.464466 14.91816 2.5 0.669873 14.95763 3.705905 0.1703708 104.8363 10 5 104.8363 10 20 104.8363 10 25 15.15811 9.829629 3.705905 15.14175 9.330127 2.5 105.1637 0 5 105.1581 0.1703708 3.705905 111.0876 7.066466 30 111.154 8.845959 29.82963 110.2981 8.095345 29.82963 112.0711 7.928932 30 15 5 0 105.1637 0 25 105.1581 0.1703708 26.29409 105.1418 0.669873 27.5 105.1157 1.464466 28.53553 105.0818 2.5 29.33013 105.0424 3.705905 29.82963 105 5 30 104.9576 6.294095 29.82963 104.9182 7.5 29.33013 104.8843 8.535534 28.53553 104.8582 9.330127 27.5 104.8419 9.829629 26.29409 105.6512 10.05341 5 105.6512 10.05341 20 105.6512 10.05341 25 104.8419 9.829629 3.705905 104.8582 9.330127 2.5 104.8843 8.535534 1.464466 104.9182 7.5 0.669873 104.9576 6.294095 0.1703708 105.1418 0.669873 2.5 105.1157 1.464466 1.464466 105.0818 2.5 0.669873 105.0424 3.705905 0.1703708 105 5 0 105.9782 7.569482 0.669873 106.136 6.371328 0.1703708 105.8428 8.59836 1.464466 105.7389 9.387845 2.5 105.6735 9.884137 3.705905 106.2913 10.18073 5 106.2913 10.18073 20 106.2913 10.18073 25 105.6735 9.884137 26.29409 105.7389 9.387845 27.5 105.8428 8.59836 28.53553 105.9782 7.569482 29.33013 106.136 6.371328 29.82963 106.3053 5.085551 30 106.4745 3.799774 29.82963 106.6323 2.601621 29.33013 106.7677 1.572743 28.53553 106.8717 0.7832577 27.5 106.937 0.2869663 26.29409 106.9593 0.1176905 25 106.9593 0.1176905 5 106.937 0.2869663 3.705905 106.8717 0.7832577 2.5 106.7677 1.572743 1.464466 106.6323 2.601621 0.669873 106.4745 3.799774 0.1703708 106.3053 5.085551 0 106.9398 7.760738 0.669873 107.2525 6.593424 0.1703708 106.6712 8.763134 1.464466 106.4651 9.532299 2.5 106.3355 10.01581 3.705905 106.9093 10.39051 5 106.9093 10.39051 20 106.9093 10.39051 25 106.3355 10.01581 26.29409 106.4651 9.532299 27.5 106.6712 8.763134 28.53553 106.9398 7.760738 29.33013 107.2525 6.593424 29.82963 107.5882 5.340742 30 107.9239 4.08806 29.82963 108.2366 2.920746 29.33013 108.5052 1.91835 28.53553 108.7113 1.149186 27.5 108.8409 0.6656686 26.29409 108.8851 0.5007498 25 108.8851 0.5007498 5 108.8409 0.6656686 3.705905 108.7113 1.149186 2.5 108.5052 1.91835 1.464466 108.2366 2.920746 0.669873 107.9239 4.08806 0.1703708 107.5882 5.340742 0 107.8681 8.07586 0.669873 108.3305 6.959358 0.1703708 107.4709 9.034621 1.464466 107.1662 9.770304 2.5 106.9747 10.23277 3.705905 108.9583 11.96272 25 108.5279 11.47205 20 108.5279 11.47205 25 108.9583 11.96272 20 106.9747 10.23277 26.29409 107.1662 9.770304 27.5 107.4709 9.034621 28.53553 107.8681 8.07586 29.33013 108.3305 6.959358 29.82963 108.8268 5.761205 30 109.3231 4.563051 29.82963 109.7856 3.44655 29.33013 110.1827 2.487788 28.53553 110.4875 1.752105 27.5 109.3208 12.50536 25 109.3208 12.50536 5 109.3208 12.50536 20 109.0937 11.85879 26.29409 108.6487 11.35132 26.29409 109.4908 11.55405 27.5 109.0026 10.99736 27.5 109.5657 10.4343 28.53553 110.1226 11.0693 28.53553 110.2995 9.700492 29.33013 110.9459 10.43755 29.33013 111.9047 9.701871 29.82963 112.9335 8.912386 30 112.9881 7.011905 29.82963 113.9624 8.1229 29.82963 113.8426 6.157372 29.33013 114.9212 7.387216 29.33013 115.7445 6.755471 28.53553 116.3762 6.270715 27.5 116.7734 5.965985 26.29409 116.9088 5.862048 25 116.9088 5.862048 5 116.7734 5.965985 3.705905 116.3762 6.270715 2.5 115.7445 6.755471 1.464466 114.9212 7.387216 0.669873 113.9624 8.1229 0.1703708 112.9335 8.912386 0 111.4905 11.25268 0.669873 112.5371 10.64844 0.1703708 110.5918 11.77156 1.464466 109.9022 12.16971 2.5 109.4687 12.42 3.705905 110 15.16368 25 109.9466 14.34877 20 109.9466 14.34877 25 110 15.16368 5 110 15.16368 20 109.9466 14.34877 5 109.4687 12.42 26.29409 109.9022 12.16971 27.5 110.1704 15.15811 26.29409 110.1159 14.32648 26.29409 110.6699 15.14175 27.5 110.6122 14.26115 27.5 111.4645 15.11574 28.53553 111.4016 14.15721 28.53553 112.4305 14.02175 29.33013 112.5 15.08184 29.33013 113.6287 13.86401 29.82963 113.7059 15.04236 29.82963 114.9144 13.69474 30 115 15 30 116.2002 13.52546 29.82963 116.2941 14.95763 29.82963 117.3984 13.36772 29.33013 117.5 14.91816 29.33013 118.4273 13.23227 28.53553 118.5355 14.88426 28.53553 119.3301 14.85825 27.5 119.2167 13.12833 27.5 119.8296 14.84189 26.29409 119.713 13.06299 26.29409 120 14.83632 25 119.8823 13.04071 25 120 14.83632 5 119.8823 13.04071 5 119.713 13.06299 3.705905 119.8296 14.84189 3.705905 119.2167 13.12833 2.5 119.3301 14.85825 2.5 118.4273 13.23227 1.464466 118.5355 14.88426 1.464466 117.5 14.91816 0.669873 117.3984 13.36772 0.669873 116.2941 14.95763 0.1703708 116.2002 13.52546 0.1703708 115 15 0 114.9144 13.69474 0 113.7059 15.04236 0.1703708 113.6287 13.86401 0.1703708 112.5 25 0.669873 112.5 15.08184 0.669873 113.7059 25 0.1703708 111.4645 15.11574 1.464466 111.4645 25 1.464466 110.6699 15.14175 2.5 110.6699 25 2.5 110.1704 15.15811 3.705905 110.1704 25 3.705905 110 25 5 109.8193 13.70868 20 109.8193 13.70868 25 109.8193 13.70868 5 110.1704 25 26.29409 110 25 25 110.6699 25 27.5 111.4645 25 28.53553 112.5 25 29.33013 113.7059 25 29.82963 115 25 30 116.2941 25 29.82963 117.5 25 29.33013 118.5355 25 28.53553 119.3301 25 27.5 119.8296 25 26.29409 120 25 25 120 25 5 119.8296 25 3.705905 119.3301 25 2.5 118.5355 25 1.464466 117.5 25 0.669873 116.2941 25 0.1703708 115 25 0 110 25 20 11.04174 11.96272 20 10.67916 12.50536 20 110.1159 14.32648 3.705905 110.6122 14.26115 2.5 111.4016 14.15721 1.464466 112.4305 14.02175 0.669873 114.6593 12.41181 0 113.4066 12.74746 0.1703708 115.9119 12.07615 0.1703708 117.0792 11.76337 0.669873 118.0817 11.49478 1.464466 118.8508 11.28868 2.5 119.3343 11.15913 3.705905 119.4992 11.11494 5 119.4992 11.11494 25 119.3343 11.15913 26.29409 118.8508 11.28868 27.5 118.0817 11.49478 28.53553 117.0792 11.76337 29.33013 115.9119 12.07615 29.82963 114.6593 12.41181 30 113.4066 12.74746 29.82963 112.2393 13.06024 29.33013 111.2369 13.32884 28.53553 110.4677 13.53493 27.5 109.9842 13.66449 26.29409 109.6095 13.09069 20 109.6095 13.09069 25 109.6095 13.09069 5 109.9842 13.66449 3.705905 110.4677 13.53493 2.5 111.2369 13.32884 1.464466 112.2393 13.06024 0.669873 114.2388 11.17317 0 113.0406 11.66946 0.1703708 115.4369 10.67687 0.1703708 116.5534 10.2144 0.669873 117.5122 9.817273 1.464466 118.2479 9.512543 2.5 118.7104 9.320981 3.705905 118.8681 9.255643 5 118.8681 9.255643 25 118.7104 9.320981 26.29409 118.2479 9.512543 27.5 117.5122 9.817273 28.53553 116.5534 10.2144 29.33013 115.4369 10.67687 29.82963 114.2388 11.17317 30 113.0406 11.66946 29.82963 111.9241 12.13193 29.33013 110.9654 12.52906 28.53553 110.2297 12.83379 27.5 109.7672 13.02535 26.29409 109.7672 13.02535 3.705905 110.2297 12.83379 2.5 110.9654 12.52906 1.464466 111.9241 12.13193 0.669873 113.6603 10 0 114.7834 9.351564 0.1703708 115.83 8.747318 0.669873 116.7287 8.228441 1.464466 117.4183 7.830291 2.5 117.8518 7.580004 3.705905 117.9997 7.494636 5 117.9997 7.494636 25 117.8518 7.580004 26.29409 117.4183 7.830291 27.5 116.7287 8.228441 28.53553 115.83 8.747318 29.33013 114.7834 9.351564 29.82963 113.6603 10 30 112.5371 10.64844 29.82963 111.4905 11.25268 29.33013 110.5918 11.77156 28.53553 108.0373 11.04174 20 108.0373 11.04174 5 108.0373 11.04174 25 109.5625 9.054105 29.33013 108.9307 9.877412 28.53553 108.4459 10.50916 27.5 108.1412 10.90629 26.29409 107.4946 10.67916 20 107.4946 10.67916 5 107.4946 10.67916 25 108.1412 10.90629 3.705905 108.4459 10.50916 2.5 108.9307 9.877412 1.464466 109.5625 9.054105 0.669873 110 6.339746 0 109.3516 7.46287 0.1703708 110.6484 5.216622 0.1703708 111.2527 4.170037 0.669873 111.7716 3.271314 1.464466 112.1697 2.5817 2.5 112.42 2.14819 3.705905 112.5054 2.000328 5 112.5054 2.000328 25 112.42 2.14819 26.29409 112.1697 2.5817 27.5 111.7716 3.271314 28.53553 112.6128 5.078827 29.33013 111.2527 4.170037 29.33013 111.8771 6.037589 29.82963 110.6484 5.216622 29.82963 110 6.339746 30 109.3516 7.46287 29.82963 108.7473 8.509455 29.33013 108.2284 9.408178 28.53553 107.8303 10.09779 27.5 107.58 10.5313 26.29409 107.58 10.5313 3.705905 107.8303 10.09779 2.5 108.2284 9.408178 1.464466 108.7473 8.509455 0.669873 108.8268 5.761205 0 109.3231 4.563051 0.1703708 109.7856 3.44655 0.669873 110.1827 2.487788 1.464466 110.4875 1.752105 2.5 110.679 1.289635 3.705905 110.7444 1.131895 5 110.7444 1.131895 25 110.679 1.289635 26.29409 2.5817 7.830291 27.5 3.271314 8.228441 28.53553 10 15.16368 5 10 15.16368 25 10 15.16368 20 8.535534 15.11574 1.464466 8.845959 8.845959 29.82963 9.330127 15.14175 2.5 9.829629 15.15811 3.705905 11.47205 11.47205 20 11.47205 11.47205 5 9.829629 15.15811 26.29409 9.330127 15.14175 27.5 8.535534 15.11574 28.53553 7.5 15.08184 29.33013 6.294095 15.04236 29.82963 5 15 30 3.705905 14.95763 29.82963 2.5 14.91816 29.33013 1.464466 14.88426 28.53553 0.669873 14.85825 27.5 0.1703708 14.84189 26.29409 0 14.83632 25 0 14.83632 5 0.1703708 14.84189 3.705905 0.669873 14.85825 2.5 1.464466 14.88426 1.464466 2.5 14.91816 0.669873 10 48 5 10 48 25 10 48 20 11.35132 11.35132 3.705905 10.99736 10.99736 2.5 10.4343 10.4343 1.464466 9.700492 9.700492 0.669873 7.066466 8.912386 0 6.037589 8.1229 0.1703708 5.078827 7.387216 0.669873 4.25552 6.755471 1.464466 3.623775 6.270715 2.5 3.226643 5.965985 3.705905 3.091189 5.862048 5 3.091189 5.862048 25 3.226643 5.965985 26.29409 3.623775 6.270715 27.5 4.25552 6.755471 28.53553 7.5 48 0.669873 8.535534 48 1.464466 9.330127 48 2.5 9.829629 48 3.705905 9.829629 48 26.29409 9.330127 48 27.5 8.535534 48 28.53553 7.5 48 29.33013 6.294095 48 29.82963 5 48 30 3.705905 48 29.82963 2.5 48 29.33013 1.464466 48 28.53553 0.669873 48 27.5 0.1703708 48 26.29409 0 48 25 0 48 5 0.1703708 48 3.705905 0.669873 48 2.5 1.464466 48 1.464466 2.5 48 0.669873</float_array>
          <technique_common>
            <accessor source="#Síť_013-mesh-positions-array" count="756" stride="3">
              <param name="X" type="float"/>
              <param name="Y" type="float"/>
              <param name="Z" type="float"/>
            </accessor>
          </technique_common>
        </source>
        <source id="Síť_013-mesh-normals">
          <float_array id="Síť_013-mesh-normals-array" count="2346">-0.8367138 -0.4830772 0.2579663 -0.9219039 -0.3818652 0.06536382 -0.8641734 -0.4989309 0.065364 -0.8926098 -0.3697314 0.2579662 -0.9219039 -0.381865 -0.06536382 -0.8641734 -0.4989309 -0.06536394 -0.836714 -0.4830771 -0.2579659 -0.89261 -0.3697311 -0.2579659 -0.7507823 -0.4334642 -0.4984323 -0.8009378 -0.3317593 -0.4984322 -0.6140794 -0.3545389 -0.7051302 -0.6551026 -0.2713524 -0.7051302 -0.4649702 -0.192597 -0.8641233 -0.4358536 -0.2516401 -0.8641232 -0.2433236 -0.1007879 -0.9646945 -0.2280864 -0.1316857 -0.9646946 -0.005013883 -0.002076745 -0.9999853 -0.005010783 -0.002082943 -0.9999853 0.2339626 0.09691053 -0.9674037 0.2193117 0.1266196 -0.9674037 0.42879 0.2475616 -0.8688225 0.2009085 0.1541624 -0.9674037 0.3928081 0.3014123 -0.8688224 0.6093608 0.3518147 -0.7105673 0.5582273 0.4283431 -0.7105664 0.6856155 0.5260908 -0.5031499 0.7484187 0.4320996 -0.5031494 0.7659204 0.5877116 -0.2606932 0.8360801 0.4827103 -0.260693 0.7916381 0.6074455 -0.06572067 0.8641533 0.4989188 -0.06572055 0.9638381 0.2582579 -0.06572091 0.9238814 0.382679 -1.91033e-5 0.9218825 0.3818554 -0.06572103 0.9218823 0.3818557 0.06572115 0.9638379 0.2582582 0.06572097 0.9659083 0.2588849 -9.74487e-6 0.7916383 0.6074454 0.06572097 0.8360796 0.4827111 0.2606932 0.7659199 0.5877121 0.2606936 0.864153 0.4989194 0.06572079 0.7484191 0.4320994 0.503149 0.6856157 0.5260906 0.5031498 0.6093612 0.3518148 0.7105669 0.5582279 0.4283427 0.7105662 0.3928073 0.3014124 0.8688228 0.4287893 0.2475616 0.8688229 0.2009093 0.1541626 0.9674035 0.2193119 0.1266198 0.9674037 -0.004306197 -0.003303766 0.9999853 -0.004365384 -0.003214538 0.9999853 -0.2089468 -0.1603307 0.9646945 -0.228086 -0.131686 0.9646946 -0.3992787 -0.3063775 0.8641235 -0.4358521 -0.2516402 0.864124 -0.8009375 -0.3317593 0.4984323 -0.933233 -0.2500592 0.2579662 -0.8373891 -0.2243777 0.4984319 -0.6551032 -0.2713523 0.7051297 -0.6849173 -0.1835227 0.7051295 -0.4861299 -0.1302585 0.8641241 -0.46497 -0.1925968 0.8641236 -0.2543981 -0.06816565 0.9646943 -0.2433253 -0.100788 0.964694 -0.005242049 -0.001404583 0.9999853 -0.005208075 -0.001506209 0.9999853 0.2446119 0.06554323 0.9674034 0.2339627 0.09691071 0.9674037 0.4782522 0.1281477 0.8688228 0.4574341 0.1894757 0.8688229 0.6796538 0.1821129 0.7105671 0.6500689 0.2692677 0.7105668 0.7984167 0.3307139 0.5031491 0.8347527 0.2236706 0.5031495 0.8919334 0.3694506 0.2606936 0.9325253 0.2498707 0.2606937 0.9893016 0.1302427 -0.06572085 0.9893015 0.1302436 0.06572085 0.9914364 0.1305907 5.84126e-6 0.9325255 0.2498704 -0.2606935 0.8919336 0.3694502 -0.2606937 0.8347527 0.2236705 -0.5031495 0.7984164 0.3307143 -0.5031495 0.6796541 0.1821129 -0.7105669 0.6500689 0.2692674 -0.710567 0.457435 0.1894757 -0.8688223 0.478253 0.1281477 -0.8688223 0.2446104 0.06554317 -0.9674037 0.2510728 0.03305435 -0.9674037 -0.005016028 -0.002070307 -0.9999853 -0.005380511 -7.08358e-4 -0.9999853 -0.2543972 -0.06816554 -0.9646946 -0.2611185 -0.03437685 -0.9646944 -0.4861312 -0.1302585 -0.8641233 -0.4989746 -0.06569117 -0.8641233 -0.6849168 -0.1835228 -0.7051301 -0.7030113 -0.09255307 -0.7051305 -0.859512 -0.1131568 -0.4984323 -0.837389 -0.2243777 -0.4984318 -0.9578885 -0.1261084 -0.2579658 -0.9332332 -0.2500591 -0.2579659 -0.9893246 -0.130247 -0.06536394 -0.9638602 -0.2582656 -0.06536388 -0.9893248 -0.1302469 0.06536394 -0.9638602 -0.2582656 0.06536394 -0.9578886 -0.1261083 0.257966 -0.859512 -0.1131569 0.4984323 -0.7030118 -0.09255301 0.7051301 -0.4989737 -0.06569123 0.8641238 -0.2611187 -0.03437691 0.9646944 -0.00524348 -0.001397609 0.9999853 0.2510733 0.03305441 0.9674036 0.4908866 0.06462675 0.8688232 0.6976104 0.09184259 0.7105665 0.8568063 0.1128003 0.5031492 0.9571622 0.1260135 0.2606939 0.6087614 0.7933533 0 0.498919 0.8641533 -0.06572109 0.607445 0.7916386 -0.06572097 0.5000002 0.8660254 0 0.6074456 0.791638 0.06572145 0.4989188 0.8641532 0.06572151 0.9571623 0.1260133 -0.2606936 0.8568062 0.1128004 -0.5031494 0.6976101 0.09184235 -0.7105668 0.4908882 0.06462639 -0.8688223 0.2560172 0.008381187 -0.966636 -0.002716422 -8.89168e-5 -0.9999963 0.4974945 0.01628595 -0.8673143 0.2588191 0 -0.9659259 0 0 -1 -0.2610869 -0.008547067 -0.9652775 -0.2588191 0 -0.9659258 0.4283432 0.5582271 0.7105665 0.6110814 0.611081 0.5031499 0.4975422 0.4975413 0.7105664 0.5260913 0.6856155 0.5031493 0.3014117 0.3928084 0.8688226 0.3501045 0.3501054 0.8688228 0.6826555 0.6826569 0.2606933 0.7055782 0.7055779 0.06572103 0.5877118 0.7659202 0.2606936 -0.1603313 -0.208947 0.9646943 -0.004300951 -0.003308832 0.9999853 -0.1862317 -0.1862321 0.9646945 -0.003303289 -0.004305541 0.9999853 -0.3063777 -0.3992787 0.8641235 -0.3558724 -0.3558726 0.8641237 -0.4316595 -0.5625494 0.7051301 -0.5013945 -0.5013937 0.7051298 -0.5277528 -0.6877809 0.4984319 -0.6130115 -0.6130112 0.4984318 -0.6831741 -0.6831741 0.257966 -0.5881571 -0.7665017 0.2579659 -0.7055947 -0.7055946 0.065364 -0.6074599 -0.7916567 0.06536382 -0.7055945 -0.7055948 -0.06536388 -0.6074597 -0.7916567 -0.06536382 -0.6831741 -0.6831742 -0.2579658 -0.5881574 -0.7665016 -0.2579658 -0.6130113 -0.6130112 -0.4984321 -0.5277528 -0.6877807 -0.4984323 -0.5013939 -0.5013939 -0.7051301 -0.4316592 -0.5625494 -0.7051303 -0.3558728 -0.3558728 -0.8641234 -0.3063777 -0.399279 -0.8641234 -0.1862317 -0.1862317 -0.9646945 -0.1603304 -0.2089466 -0.9646945 -0.003837406 -0.003837406 -0.9999853 -0.00383228 -0.003841996 -0.9999853 0.1790673 0.1790673 -0.9674037 0.1541624 0.2009083 -0.9674037 0.3014124 0.3928083 -0.8688224 0.1266197 0.2193118 -0.9674037 0.2475618 0.4287901 -0.8688224 0.4283425 0.5582275 -0.7105666 0.3518148 0.6093614 -0.7105667 0.5260912 0.6856154 -0.5031498 0.4320998 0.7484187 -0.5031493 0.5877118 0.7659204 -0.2606931 0.4827111 0.8360797 -0.2606933 0.3818554 0.9218825 -0.06572073 0.3826828 0.9238799 0 0.3818555 0.9218824 0.06572121 0.482711 0.8360796 0.2606936 0.4321002 0.7484189 0.5031487 0.3518164 0.6093606 0.7105666 0.2475607 0.4287903 0.8688226 0.1266192 0.2193123 0.9674037 0.1541632 0.2009087 0.9674035 -0.003298521 -0.004309058 0.9999853 -0.1316857 -0.2280868 0.9646944 -0.2516394 -0.4358535 0.8641236 -0.3545389 -0.6140797 0.70513 -0.4334642 -0.7507824 0.4984322 -0.4830769 -0.8367139 0.2579661 -0.4989308 -0.8641735 0.06536388 -0.4989308 -0.8641735 -0.06536388 -0.4830769 -0.836714 -0.2579659 -0.4334643 -0.7507821 -0.4984324 -0.354539 -0.6140797 -0.7051299 -0.2516402 -0.4358536 -0.8641232 -0.1316857 -0.2280863 -0.9646945 -0.002713441 -0.004699885 -0.9999853 0.09691053 0.2339625 -0.9674037 0.1894756 0.4574346 -0.8688226 0.2692674 0.6500692 -0.7105668 0.3307149 0.7984158 -0.5031499 0.3694506 0.8919333 -0.2606937 0.2582593 0.9638377 -0.06572085 0.2588182 0.9659261 0 0.2582594 0.9638376 0.06572121 0.3694504 0.8919333 0.2606939 0.3307144 0.7984162 0.5031498 0.2692687 0.6500689 0.7105665 0.1894749 0.4574345 0.8688228 0.09691101 0.2339629 0.9674036 -0.002076268 -0.005014002 0.9999853 -0.1007878 -0.2433239 0.9646944 -0.1925969 -0.4649699 0.8641236 -0.2713529 -0.6551026 0.7051299 -0.3317591 -0.8009378 0.4984321 -0.3697313 -0.8926099 0.2579662 -0.3818653 -0.9219037 0.065364 -0.381865 -0.9219039 -0.06536394 -0.3697312 -0.89261 -0.2579661 -0.3317593 -0.8009377 -0.4984323 -0.2713524 -0.6551026 -0.7051301 -0.1925969 -0.4649702 -0.8641233 -0.1007879 -0.2433236 -0.9646945 -0.002707242 -0.004702925 -0.9999853 0.06554317 0.2446105 -0.9674037 0.1281474 0.4782532 -0.8688223 0.1821126 0.6796545 -0.7105665 0.2236711 0.8347522 -0.5031503 0.2498695 0.9325258 -0.2606931 0.1302443 0.9893015 -0.06572151 0.1305262 0.9914449 0 0.1302443 0.9893014 0.06572133 0.2498693 0.9325258 0.2606936 0.2236706 0.8347527 0.5031495 0.1821149 0.6796545 0.710566 0.1281479 0.478253 0.8688224 0.06554287 0.2446109 0.9674035 -0.001974821 -0.005048453 0.9999853 -0.06816542 -0.2543978 0.9646944 -0.130258 -0.486131 0.8641237 -0.1835227 -0.6849169 0.7051299 -0.2243777 -0.8373891 0.4984318 -0.2500591 -0.9332332 0.257966 -0.2582656 -0.9638602 0.06536394 -0.2582655 -0.9638603 -0.06536394 -0.250059 -0.9332332 -0.2579659 -0.2243776 -0.8373889 -0.4984322 -0.1835228 -0.6849167 -0.7051302 -0.1302585 -0.4861315 -0.8641232 -0.06816554 -0.2543973 -0.9646946 -0.001404583 -0.005242049 -0.9999853 0.03305435 0.2510729 -0.9674037 0.06462669 0.4908881 -0.8688225 0.09184211 0.6976101 -0.7105668 0.1128009 0.8568058 -0.5031499 0.1260128 0.9571624 -0.2606934 0.03271919 0.9994646 0 0.03264874 0.9973165 -0.06552714 0.03264874 0.9973165 0.06552755 0.1260127 0.9571623 0.2606937 0.1128012 0.8568059 0.5031498 0.0918439 0.6976101 0.7105665 -0.06569182 -0.4989744 0.8641234 -0.03437733 -0.2611189 0.9646943 -7.09604e-4 -0.00538057 0.9999853 0.03305327 0.2510734 0.9674037 0.06462669 0.4908878 0.8688226 -0.0925529 -0.7030119 0.7051301 -0.1131568 -0.8595121 0.4984321 -0.1261083 -0.9578885 0.257966 -0.1302471 -0.9893246 0.06536388 -0.1302469 -0.9893247 -0.06536388 -0.001200914 -0.0052827 -0.9999854 0.008381128 0.2560172 -0.966636 0.01628625 0.4974947 -0.8673142 -0.1261084 -0.9578886 -0.2579659 -0.1131569 -0.859512 -0.4984323 -0.09255313 -0.7030116 -0.7051302 -0.06569123 -0.4989748 -0.8641232 0.02308511 0.7051808 -0.7086517 -0.03437685 -0.2611183 -0.9646945 -0.7055752 0.7055811 -0.06571948 -0.7659265 0.5877028 -0.2606954 -0.6826636 0.682648 -0.2606956 -0.7916349 0.60745 -0.06571823 0.1862314 -0.1862311 -0.9646947 0.3063771 -0.39928 -0.8641231 0.1603301 -0.2089471 -0.9646944 0.3558737 -0.3558708 -0.8641238 0.4316584 -0.5625504 -0.7051298 0.5013945 -0.5013929 -0.7051303 -0.6856155 0.5260885 -0.5031523 -0.6110786 0.6110844 -0.5031489 -0.4975388 0.4975453 -0.7105658 -0.5582267 0.4283487 -0.7105636 -0.3928095 0.3014132 -0.8688215 -0.179067 0.1790671 -0.9674038 -0.3501055 0.3501068 -0.8688219 -0.200909 0.154162 -0.9674037 0.5277523 -0.6877818 -0.4984313 0.6130113 -0.6130112 -0.498432 0.003837525 -0.003837943 -0.9999853 0.003681063 -0.003974795 -0.9999854 -0.1541624 0.2009087 -0.9674037 0.6831734 -0.6831744 -0.2579669 0.5881579 -0.7665009 -0.2579666 0.7055957 -0.7055935 -0.06536567 0.6074614 -0.7916554 -0.06536531 0.7055938 -0.7055953 0.06536555 0.6074595 -0.7916567 0.06536513 0.6831725 -0.6831753 0.2579669 0.5881586 -0.7665002 0.2579669 0.6130109 -0.6130124 0.498431 0.527754 -0.68778 0.498432 0.5013948 -0.5013931 0.7051301 0.4316584 -0.5625504 0.7051298 0.03159677 0.9651918 0.2596278 0.0283094 0.8647666 0.5013754 0.02308505 0.7051813 0.7086513 0.01628613 0.4974943 0.8673144 0.008381128 0.2560176 0.9666358 -8.96479e-5 -0.002716243 0.9999963 -0.008547604 -0.2610874 0.9652774 -0.01642048 -0.5015711 0.8649607 -0.02317428 -0.7078999 0.7059326 -0.02835386 -0.8661269 0.4990193 -0.03160893 -0.9655566 0.2582662 -0.03264915 -0.9973282 0.06534892 -0.03264909 -0.9973283 -0.06534886 -0.03160905 -0.9655566 -0.2582662 -0.02835398 -0.8661267 -0.4990198 -0.02317422 -0.7078997 -0.7059327 -0.01641964 -0.5015715 -0.8649605 -0.008547067 -0.2610868 -0.9652776 -0.03264892 0.9973165 -0.06552702 -0.03271919 0.9994646 0 -0.03264892 0.9973166 0.06552702 0.03159701 0.965192 -0.2596271 0.02830958 0.8647664 -0.5013759 0.03264904 -0.9973283 -0.0653488 0.03160899 -0.9655565 -0.2582663 0.00330311 -0.004305362 0.9999853 -0.1790673 0.179067 0.9674038 -0.1541636 0.2009093 0.9674032 0.003384351 -0.004234969 0.9999853 -8.89192e-5 -0.002716302 -0.9999964 0.03264933 -0.9973283 0.06534868 0.03160893 -0.9655565 0.2582667 0.02835392 -0.866127 0.4990192 0.02317428 -0.7078996 0.7059328 0.01642012 -0.5015722 0.8649601 0.008547365 -0.2610873 0.9652774 8.88506e-5 -0.00271666 0.9999964 -0.008380889 0.2560176 0.9666358 -0.01628577 0.4974938 0.8673146 -0.02308499 0.7051799 0.7086526 -0.02830868 0.8647664 0.5013757 -0.03159672 0.9651919 0.2596275 -0.1302428 0.9893018 -0.06571936 -0.130525 0.991445 0 -0.1302421 0.9893018 0.06572002 -0.03159737 0.9651916 -0.2596285 -0.02830934 0.8647664 -0.5013758 -0.02308505 0.7051815 -0.708651 -0.01628637 0.4974948 -0.8673141 -0.008381128 0.2560172 -0.9666359 0.02835398 -0.8661268 -0.4990195 0.02317416 -0.7078992 -0.7059333 0.01641958 -0.5015706 -0.8649609 0.008547127 -0.2610859 -0.9652778 8.89198e-5 -0.002716362 -0.9999963 -0.06462651 0.490887 -0.8688231 -0.03305441 0.2510722 -0.9674038 -0.09184145 0.6976121 -0.710565 -0.1128006 0.8568069 -0.5031481 -0.1260149 0.9571617 -0.2606953 -0.2582567 0.9638385 -0.06571865 -0.2588164 0.9659267 0 -0.258258 0.9638381 0.0657196 -0.1260128 0.9571624 0.2606936 -0.1128014 0.8568066 0.5031486 -0.09184247 0.69761 0.7105668 -0.06462526 0.4908878 0.8688227 -0.03305351 0.2510735 0.9674036 7.08505e-4 -0.005380094 0.9999853 0.03437691 -0.2611182 0.9646946 0.06569141 -0.4989745 0.8641233 0.09255385 -0.7030107 0.705131 0.1131578 -0.8595123 0.4984315 0.1261087 -0.9578883 0.2579663 0.1302479 -0.9893246 0.06536394 0.1302472 -0.9893246 -0.06536394 0.1261085 -0.9578886 -0.2579657 0.1131572 -0.8595119 -0.4984325 0.09255325 -0.7030112 -0.7051307 0.06569105 -0.4989748 -0.8641232 0.03437674 -0.2611184 -0.9646945 7.08373e-4 -0.00538063 -0.9999853 -0.1281473 0.4782528 -0.8688225 -0.06554317 0.2446092 -0.967404 -0.1821147 0.6796526 -0.7105678 -0.2236708 0.8347535 -0.5031481 -0.2498719 0.9325248 -0.2606944 -0.3818551 0.9218828 -0.065719 -0.3826828 0.9238798 0 -0.3818576 0.9218817 0.06572014 -0.249872 0.9325248 0.2606946 -0.2236714 0.834753 0.5031486 -0.1821143 0.6796544 0.7105661 -0.1281468 0.4782515 0.8688234 -0.06554257 0.2446095 0.967404 6.65628e-4 -0.005389034 0.9999853 0.06816571 -0.2543981 0.9646943 0.1302576 -0.4861304 0.864124 0.1835227 -0.6849178 0.7051292 0.2243775 -0.8373883 0.4984331 0.2500577 -0.9332334 0.2579662 0.2582654 -0.9638604 0.06536334 0.2582645 -0.9638606 -0.06536322 0.2500588 -0.9332335 -0.2579652 0.2243778 -0.8373887 -0.4984325 0.183523 -0.6849169 -0.7051301 0.1302584 -0.4861297 -0.8641242 0.06816595 -0.2543982 -0.9646942 7.15095e-4 -0.00537914 -0.9999853 -0.1894745 0.4574356 -0.8688222 -0.09691047 0.2339611 -0.967404 -0.2692685 0.6500658 -0.7105694 -0.3307138 0.7984177 -0.5031476 -0.3694556 0.8919312 -0.2606941 -0.791641 0.6074419 0.06571841 -0.7071105 0.7071031 0 -0.7055721 0.7055842 0.06571978 -0.7933403 0.6087785 4.34231e-5 -0.3694503 0.8919337 0.2606931 -0.3307151 0.7984154 0.5031507 -0.2692694 0.6500677 0.7105675 -0.1894738 0.4574356 0.8688225 -0.09691071 0.2339628 0.9674036 0.002076566 -0.005013704 0.9999853 0.1007881 -0.2433249 0.9646942 0.1925969 -0.4649692 0.864124 0.2713534 -0.6551032 0.7051292 0.3317594 -0.8009366 0.4984339 -0.8641529 0.4989199 0.06571841 -0.8641533 0.498919 -0.06571859 -0.8660297 0.4999926 2.26119e-5 -0.7659248 0.5877053 0.2606946 -0.6826595 0.682653 0.2606936 -0.6856148 0.5260904 0.5031514 -0.6110776 0.6110854 0.5031489 -0.4975395 0.497545 0.7105656 -0.558228 0.4283452 0.7105644 -0.3501045 0.3501069 0.8688222 -0.3928084 0.3014108 0.8688229 -0.2009099 0.1541624 0.9674033 0.004306733 -0.003303468 0.9999853 0.1862313 -0.1862322 0.9646946 0.2089481 -0.1603302 0.9646943 0.3558733 -0.3558712 0.8641238 0.399279 -0.306375 0.8641243 0.5625482 -0.4316599 0.7051308 0.6877806 -0.5277537 0.4984316 0.7665023 -0.5881563 0.2579661 0.7916553 -0.6074616 0.06536364 0.7916566 -0.60746 -0.06536358 0.7665017 -0.5881572 -0.257966 0.6877804 -0.5277537 -0.4984318 0.5625475 -0.4316614 -0.7051304 0.3992785 -0.3063759 -0.8641241 0.2089476 -0.1603291 -0.9646946 0.003974676 -0.003680944 -0.9999854 -0.4287896 0.2475619 -0.8688225 -0.2193107 0.1266192 -0.967404 -0.6093624 0.3518146 -0.710566 -0.7484204 0.4320924 -0.5031532 -0.8360817 0.4827078 -0.2606928 -0.9973163 0.03265142 0.06553035 -0.9914534 0.1304615 -1.72853e-6 -0.9893027 0.1302321 0.06572538 -0.9973163 0.03265327 -0.06553024 -0.999464 0.0327385 3.27884e-5 -0.9893024 0.1302347 -0.06572526 -0.8360815 0.4827084 0.2606921 -0.7484214 0.4320912 0.5031527 -0.9651914 0.03159904 0.2596288 -0.9571624 0.1260076 0.2606955 -0.8647682 0.02830672 0.5013731 -0.8568079 0.1127969 0.5031473 -0.7051805 0.02308624 0.7086519 -0.6976103 0.09184581 0.7105662 -0.4908874 0.0646249 0.868823 -0.4974926 0.01628589 0.8673154 -0.2510734 0.03305548 0.9674036 -0.2560186 0.008381903 0.9666356 0.005380988 -7.08159e-4 0.9999853 0.002715706 -8.91027e-5 0.9999964 0.2611188 -0.03437781 0.9646943 0.2610872 -0.008547425 0.9652774 0.4989736 -0.0656923 0.8641238 0.5015724 -0.01641917 0.8649598 0.7030112 -0.09255135 0.7051309 0.7078997 -0.02317297 0.7059328 0.8661266 -0.02835589 0.4990197 0.8595128 -0.1131582 0.4984308 0.965557 -0.03160917 0.2582648 0.9578887 -0.1261054 0.2579667 0.9973282 -0.03265053 0.06534963 0.9893246 -0.1302478 0.06536483 0.9973282 -0.0326479 -0.06534963 0.9893249 -0.130245 -0.06536489 0.9578884 -0.1261078 -0.2579665 0.965557 -0.03161048 -0.2582646 0.8595128 -0.1131581 -0.4984308 0.8661267 -0.02835327 -0.4990199 0.7030109 -0.09254992 -0.7051314 0.7078986 -0.02317476 -0.7059338 0.5015723 -0.01642024 -0.86496 0.4989739 -0.06569129 -0.8641237 0.2610875 -0.008546948 -0.9652773 0.2611178 -0.03437697 -0.9646947 0.002717196 -8.90949e-5 -0.9999964 0.005380153 -7.08735e-4 -0.9999853 -0.2560164 0.008381903 -0.9666362 -0.2510725 0.03305548 -0.9674038 -0.4999986 0 -0.8660262 -0.497493 0.01628857 -0.8673151 -0.2588183 0 -0.9659261 -0.7051805 0.02308386 -0.708652 -0.707106 0 -0.7071076 -0.8647677 0.02830672 -0.5013736 -0.8660264 0 -0.4999984 -0.9651914 0.03159898 -0.2596285 -0.9659255 0 -0.2588203 -0.9978588 0 -0.06540644 -0.9659212 0.2588365 -2.77668e-5 -0.9638385 0.2582554 0.06572413 -0.9638421 0.2582418 -0.06572437 -0.9659253 0 0.258821 -0.9978587 -2.17833e-7 0.0654065 -0.8660262 0 0.4999988 -0.7071065 0 0.7071071 -0.4999979 0 0.8660267 -0.2588179 0 0.9659262 -3.54025e-7 0 1 0.2588218 0 0.9659251 0.5000016 0 0.8660246 0.7071055 0 0.7071081 0.8660254 0 0.5000002 0.9659263 0 0.2588176 0.997859 0 0.06540346 0.997859 0 -0.06540352 0.9659262 0 -0.2588176 0.8660251 0 -0.5000005 0.7071057 0 -0.707108 0.5000012 0 -0.8660248 0.2588197 0 -0.9659257 3.63593e-7 0 -1 0 1 0 0 1 1.61027e-6 0 1 0 0 1 5.68329e-7 0 1 -1.06148e-6 0 1 0 0 1 -1.44265e-6 0 1 -1.05931e-6 0 1 5.41378e-7 0 1 1.29488e-6 0 1 -1.98609e-6 0 1 4.44397e-6 0.7933547 0.6087597 -1.89523e-5 0.8660309 0.4999904 -2.26113e-5 -1 0 4.79658e-5 -0.9571619 0.1260133 -0.2606949 -0.8568074 0.1127997 -0.5031476 -0.69761 0.0918411 -0.7105671 -0.4908887 0.0646252 -0.8688222 0.00537908 -7.15548e-4 -0.9999853 -0.2446108 0.06554216 -0.9674037 0.2543985 -0.06816548 -0.9646943 0.4861304 -0.1302598 -0.8641236 0.6849165 -0.1835247 -0.7051299 0.8373875 -0.2243814 -0.4984329 0.9332328 -0.2500599 -0.2579663 0.9638602 -0.2582664 -0.0653609 0.9638599 -0.2582675 0.06536102 0.9332334 -0.2500573 0.2579668 0.8373886 -0.2243768 0.4984331 0.6849173 -0.1835233 0.7051295 0.4861292 -0.1302586 0.8641245 0.2543991 -0.06816643 0.964694 0.005379199 -7.15208e-4 0.9999853 -0.2446123 0.06554335 0.9674032 -0.4782527 0.128144 0.8688232 -0.6796538 0.1821131 0.7105671 -0.8347539 0.2236703 0.5031477 -0.9325256 0.2498716 0.2606921 -0.9238864 0.3826669 -2.51743e-5 -0.9218742 0.3818755 0.06571918 -0.921883 0.3818543 -0.06571948 -0.9325243 0.2498769 -0.2606912 -0.8347533 0.2236729 -0.5031475 -0.6796535 0.1821153 -0.7105668 -0.4782537 0.1281441 -0.8688225 0.005015015 -0.002077162 -0.9999853 -0.2339628 0.0969097 -0.9674037 0.2433235 -0.1007889 -0.9646944 0.4649699 -0.1925969 -0.8641236 0.6551029 -0.2713478 -0.7051317 0.8009372 -0.3317579 -0.498434 0.8926106 -0.3697308 -0.2579645 0.9219048 -0.3818627 -0.06536346 0.9219031 -0.3818671 0.0653634 0.8926093 -0.3697338 0.2579645 0.8009375 -0.3317566 0.4984341 0.6551032 -0.2713499 0.7051306 0.4649697 -0.1925968 0.8641237 0.2433246 -0.1007896 0.9646942 0.005015254 -0.002076625 0.9999853 -0.233963 0.09691011 0.9674037 -0.4574331 0.189475 0.8688235 -0.6500692 0.2692666 0.710567 -0.7984163 0.3307127 0.5031507 -0.8919292 0.369464 0.2606891 -0.8919294 0.3694637 -0.2606889 -0.7984146 0.3307177 -0.5031502 -0.6500687 0.2692682 -0.7105669 -0.4574339 0.1894776 -0.8688225 0.004921793 -0.002262949 -0.9999854 0.2280866 -0.1316863 -0.9646944 0.4358515 -0.2516398 -0.8641244 0.6140785 -0.3545389 -0.7051311 0.7507826 -0.4334667 -0.4984298 0.8367156 -0.4830749 -0.257965 0.8641744 -0.4989291 -0.06536465 0.864173 -0.4989314 0.06536471 0.8367148 -0.4830761 0.2579651 0.7507831 -0.4334658 0.49843 0.6140786 -0.3545391 0.7051309 0.4358505 -0.2516379 0.8641254 0.2280852 -0.1316872 0.9646947 0.004309296 -0.003298103 0.9999853 -0.2193107 0.1266204 0.9674038 -0.4287888 0.2475629 0.8688228 -0.6093629 0.3518168 0.7105646 -0.6087633 0.793352 0 -0.6074507 0.791634 -0.06572246 -0.6074458 0.7916378 0.06572121 -0.3014118 0.3928079 0.8688227 -0.4283415 0.5582259 0.7105683 -0.5260922 0.6856145 0.5031499 -0.5877165 0.7659161 0.2606954 -0.4999978 0.8660267 0 -0.4989188 0.8641533 -0.06572085 -0.4989207 0.8641523 0.06571996 -0.5877122 0.7659202 -0.2606925 -0.5260908 0.6856168 -0.5031482 -0.4283411 0.5582261 -0.7105685 -0.3014126 0.3928078 -0.8688225 0.002713263 -0.004699468 -0.9999853 -0.1266202 0.2193111 -0.9674038 0.1316854 -0.2280867 -0.9646944 0.2516397 -0.4358538 -0.8641234 0.3545382 -0.614081 -0.7051292 0.433463 -0.7507835 -0.4984317 0.4830768 -0.8367136 -0.2579674 0.4989309 -0.8641734 -0.06536424 0.4989296 -0.8641741 0.06536477 0.4830763 -0.8367143 0.2579664 0.4334633 -0.750783 0.498432 0.3545384 -0.6140812 0.7051289 0.3063773 -0.3992789 0.8641234 0.2516391 -0.435853 0.8641238 0.160331 -0.2089473 0.9646943 0.1316854 -0.2280872 0.9646944 0.00313127 -0.004420697 0.9999854 -0.1266204 0.2193117 0.9674036 -0.2475604 0.4287899 0.8688228 -0.3518146 0.6093601 0.710568 -0.432099 0.7484198 0.5031485 -0.4827102 0.8360798 0.260694 -0.4827086 0.8360815 -0.2606922 -0.432098 0.7484213 -0.503147 -0.3518143 0.6093586 -0.7105695 -0.2475613 0.4287897 -0.8688226 0.00270766 -0.004702806 -0.9999853 0.1007881 -0.2433241 -0.9646944 0.192597 -0.4649685 -0.8641242 0.271353 -0.6551028 -0.7051298 0.3317599 -0.8009365 -0.4984337 0.3697323 -0.8926092 -0.2579671 0.3818649 -0.921904 -0.06536263 0.3818652 -0.9219039 0.06536352 0.3697313 -0.89261 0.2579657 -0.7507823 -0.4334643 0.4984322 -0.6140794 -0.3545389 0.7051302 0.9973165 0.03264909 -0.06552696 0.9973165 0.03264951 0.06552702 0.9994636 0.03275102 -2.92063e-6 0.7051807 0.02308517 -0.7086518 0.1790675 0.1790676 0.9674036 0.8647667 0.02830928 -0.5013753 0.965192 0.03159755 -0.2596268 0.7071057 0.7071079 0 0.7055777 0.7055785 -0.06572067 0.9651919 0.03159761 0.2596274 0.8647667 0.02830886 0.5013753 0.7051815 0.02308517 0.708651 0.4974936 0.01628619 0.8673148 0.2560183 0.008381068 0.9666357 -0.00271517 -8.89307e-5 0.9999963 -0.2610876 -0.008547067 0.9652773 -0.5015712 -0.0164197 0.8649605 -0.7078998 -0.02317416 0.7059327 -0.8661268 -0.02835398 0.4990195 -0.9655566 -0.03160899 0.2582661 -0.9973283 -0.03264909 0.06534898 -0.9973282 -0.03264909 -0.06534886 -0.9655566 -0.03160905 -0.2582663 -0.8661267 -0.02835398 -0.4990196 -0.7078998 -0.02317422 -0.7059326 -0.5015712 -0.01641964 -0.8649606 0.997859 0 -0.06540322 0.997859 0 0.06540322 0 0 0 0.6826562 0.6826564 -0.2606929 0.6110813 0.6110811 -0.5031498 0.4975412 0.4975418 -0.7105666 0.3501054 0.3501054 -0.8688225 -0.003841996 -0.00383228 -0.9999853 -0.2089466 -0.1603304 -0.9646946 -0.3992791 -0.3063777 -0.8641234 -0.5625495 -0.4316592 -0.7051301 -0.6877809 -0.5277527 -0.4984322 -0.7665015 -0.5881574 -0.2579657 -0.7916567 -0.6074597 -0.06536388 -0.7916567 -0.6074598 0.06536394 -0.7665016 -0.5881572 0.2579659 -0.6877809 -0.5277529 0.498432 -0.5625497 -0.4316594 0.7051298 0.5000001 0 -0.8660254 0.7071068 0 -0.7071067 0.8660256 0 -0.4999999 0.9659259 0 -0.2588192 0.9659258 0 0.2588195 0.8660256 0 0.5 0.7071068 0 0.7071067 0.4999995 0 0.8660257 0.2588199 0 0.9659257 1.33955e-7 0 1 -0.2588195 0 0.9659258 -0.5000001 0 0.8660253 -0.7071072 0 0.7071064 -0.8660255 0 0.5 -0.9659259 0 0.258819 -0.997859 0 0.06540322 -0.997859 0 -0.0654031 -0.9659259 0 -0.2588191 -0.8660254 0 -0.5 -0.7071068 0 -0.7071068 -0.5 0 -0.8660254 0 1 5.63592e-6 0 1 -4.61821e-6 0 1 1.18169e-6 0 1 -2.19872e-6 0 1 -2.60996e-6 0 1 -1.80331e-7 0 1 -1.72491e-6 0 1 -4.22942e-7 0 1 2.08452e-6 0 1 0 0 1 2.91507e-6 0 1 6.87499e-7 0 1 0 0 1 6.18716e-7</float_array>
          <technique_common>
            <accessor source="#Síť_013-mesh-normals-array" count="782" stride="3">
              <param name="X" type="float"/>
              <param name="Y" type="float"/>
              <param name="Z" type="float"/>
            </accessor>
          </technique_common>
        </source>
        <source id="Síť_013-mesh-map-0">
          <float_array id="Síť_013-mesh-map-0-array" count="9048">-0.0575608 0.2633683 -0.07677662 0.2505213 -0.05745089 0.2505213 -0.07677662 0.2505213 -0.0575608 0.2633683 -0.07666671 0.2633683 -0.05745089 0.2460629 -0.07677662 0.04921257 -0.05745089 0.04921257 -0.07677662 0.04921257 -0.05745089 0.2460629 -0.07677662 0.2460629 -0.07677662 0.04222822 -0.0575608 0.02938115 -0.05745089 0.04222822 -0.0575608 0.02938115 -0.07677662 0.04222822 -0.07666671 0.02938115 -0.07666671 0.01381438 -0.05788302 9.67363e-4 -0.0575608 0.01381438 -0.05788302 9.67363e-4 -0.07666671 0.01381438 -0.07634449 9.67363e-4 -0.07634449 -0.01510304 -0.05839562 -0.0279501 -0.05788302 -0.01510304 -0.05839562 -0.0279501 -0.07634449 -0.01510304 -0.07583189 -0.0279501 -0.07516384 -0.05540055 -0.05839562 -0.04255348 -0.07583189 -0.04255348 -0.05839562 -0.04255348 -0.07516384 -0.05540055 -0.05906367 -0.05540055 -0.07438594 -0.07951331 -0.05906367 -0.06666624 -0.07516384 -0.06666624 -0.05906367 -0.06666624 -0.07438594 -0.07951331 -0.05984163 -0.07951331 -0.07355105 -0.09864515 -0.05984163 -0.08579808 -0.07438594 -0.08579808 -0.05984163 -0.08579808 -0.07355105 -0.09864515 -0.06067645 -0.09864515 0.07271623 0.1114922 0.06067645 0.09864515 0.07355105 0.09864515 0.06067645 0.09864515 0.07271623 0.1114922 0.06151127 0.1114922 0.04555767 0.1237096 0.03513067 0.1108626 0.04633563 0.1108626 0.03513067 0.1108626 0.04555767 0.1237096 0.03590863 0.1237096 0.04488962 0.120926 0.03590863 0.1080789 0.04555767 0.1080789 0.03590863 0.1080789 0.04488962 0.120926 0.03657662 0.120926 0.04488962 0.09749209 0.03708922 0.1103392 0.03657662 0.09749209 0.03708922 0.1103392 0.04488962 0.09749209 0.04437702 0.1103392 0.04437702 0.07982361 0.03741151 0.09267067 0.03708922 0.07982361 0.03741151 0.09267067 0.04437702 0.07982361 0.0440548 0.09267067 0.0440548 0.05627757 0.03752142 0.06912463 0.03741151 0.05627757 0.03752142 0.06912463 0.0440548 0.05627757 0.04394489 0.06912463 0.0955578 0.04921257 0.08913427 0.1968504 0.08913427 0.04921257 0.08913427 0.1968504 0.0955578 0.04921257 0.08913427 0.2460629 0.08913427 0.2460629 0.0955578 0.04921257 0.0955578 0.2460629 0.0955578 0.2460629 0.0955578 0.04921257 0.0955578 0.1968504 0.03752142 0.2236248 0.0440548 0.2364718 0.03741151 0.2364718 0.0440548 0.2364718 0.03752142 0.2236248 0.04394489 0.2236248 0.03741151 0.1801283 0.04437702 0.1929754 0.03708922 0.1929754 0.04437702 0.1929754 0.03741151 0.1801283 0.0440548 0.1801283 0.03708922 0.1239187 0.04488962 0.1367657 0.03657662 0.1367657 0.04488962 0.1367657 0.03708922 0.1239187 0.04437702 0.1239187 0.03590863 0.07167345 0.04488962 0.05882638 0.04555767 0.07167345 0.04488962 0.05882638 0.03590863 0.07167345 0.03657662 0.05882638 0.03513067 0.002134442 0.04555767 -0.01071256 0.04633563 0.002134442 0.04555767 -0.01071256 0.03513067 0.002134442 0.03590863 -0.01071256 0.03429585 -0.06711214 0.04633563 -0.07995921 0.04717046 -0.06711214 0.04633563 -0.07995921 0.03429585 -0.06711214 0.03513067 -0.07995921 -0.03346097 0.1313475 -0.04717046 0.1441946 -0.04800528 0.1313475 -0.04717046 0.1441946 -0.03346097 0.1313475 -0.03429585 0.1441946 -0.03268307 0.186194 -0.04800528 0.199041 -0.04878324 0.186194 -0.04800528 0.199041 -0.03268307 0.186194 -0.03346097 0.199041 -0.08311527 0.2678321 -0.101899 0.254985 -0.08279305 0.254985 -0.101899 0.254985 -0.08311527 0.2678321 -0.1015768 0.2678321 -0.08279305 0.254985 -0.1015768 0.2429984 -0.08311527 0.2429984 -0.1015768 0.2429984 -0.08279305 0.254985 -0.101899 0.254985 -0.08362793 0.2140141 -0.1003962 0.2268612 -0.1010642 0.2140141 -0.1003962 0.2268612 -0.08362793 0.2140141 -0.08429592 0.2268612 -0.08429592 0.1700074 -0.09961819 0.1828544 -0.1003962 0.1700074 -0.09961819 0.1828544 -0.08429592 0.1700074 -0.08507388 0.1828544 -0.08507388 0.1139771 -0.09878337 0.1268242 -0.09961819 0.1139771 -0.09878337 0.1268242 -0.08507388 0.1139771 -0.08590871 0.1268242 0.08590871 -0.0497418 0.09794855 -0.06258887 0.09878337 -0.0497418 0.09794855 -0.06258887 0.08590871 -0.0497418 0.08674359 -0.06258887 0.08674359 0.01832103 0.09717059 0.005473971 0.09794855 0.01832103 0.09717059 0.005473971 0.08674359 0.01832103 0.08752149 0.005473971 0.08752149 0.08557313 0.09650254 0.07272607 0.09717059 0.08557313 0.09650254 0.07272607 0.08752149 0.08557313 0.08818954 0.07272607 0.08870214 0.1345843 0.09650254 0.1474313 0.08818954 0.1474313 0.09650254 0.1474313 0.08870214 0.1345843 0.09598994 0.1345843 0.08902436 0.186833 0.09598994 0.1996801 0.08870214 0.1996801 0.09598994 0.1996801 0.08902436 0.186833 0.09566771 0.186833 0.08913427 0.2259116 0.09566771 0.2387587 0.08902436 0.2387587 0.09566771 0.2387587 0.08913427 0.2259116 0.0955578 0.2259116 0.11921 0.04921257 0.1127865 0.1968504 0.1127865 0.04921257 0.1127865 0.1968504 0.11921 0.2460629 0.1127865 0.2460629 0.11921 0.2460629 0.1127865 0.1968504 0.11921 0.04921257 0.11921 0.2460629 0.11921 0.04921257 0.11921 0.1968504 0.09566771 0.05399072 0.08913427 0.06683778 0.08902436 0.05399072 0.08913427 0.06683778 0.09566771 0.05399072 0.0955578 0.06683778 0.09650254 0.07272607 0.08902436 0.08596599 0.08818954 0.07272607 0.08902436 0.08596599 0.09650254 0.07272607 0.09566771 0.08596599 0.09566771 0.08596599 0.08870214 0.09967356 0.08902436 0.08596599 0.08870214 0.09967356 0.09566771 0.08596599 0.09598994 0.09967356 0.09650254 0.1070262 0.08752149 0.09417921 0.09717059 0.09417921 0.08752149 0.09417921 0.09650254 0.1070262 0.08818954 0.1070262 0.09650254 0.1070262 0.08752149 0.09417921 0.09717059 0.09417921 0.08752149 0.09417921 0.09650254 0.1070262 0.08818954 0.1070262 0.1216007 0.08759129 0.1095609 0.07474422 0.1224356 0.07474422 0.1095609 0.07474422 0.1216007 0.08759129 0.1103958 0.08759129 -0.1224356 -0.07474422 -0.1087261 -0.06189715 -0.1232704 -0.06189715 -0.1087261 -0.06189715 -0.1224356 -0.07474422 -0.1095609 -0.07474422 -0.1232704 -0.0572412 -0.1079481 -0.04439413 -0.1240484 -0.04439413 -0.1079481 -0.04439413 -0.1232704 -0.0572412 -0.1087261 -0.0572412 -0.1240484 -0.03627508 -0.1072801 -0.02342802 -0.1247164 -0.02342802 -0.1072801 -0.02342802 -0.1240484 -0.03627508 -0.1079481 -0.03627508 -0.125229 -4.27537e-4 -0.1072801 -0.01327455 -0.1067675 -4.27537e-4 -0.1072801 -0.01327455 -0.125229 -4.27537e-4 -0.1247164 -0.01327455 -0.1255512 0.02303981 -0.1067675 0.01019275 -0.1064453 0.02303981 -0.1067675 0.01019275 -0.1255512 0.02303981 -0.125229 0.01019275 -0.1256611 0.04537481 -0.1064453 0.03252774 -0.1063354 0.04537481 -0.1064453 0.03252774 -0.1256611 0.04537481 -0.1255512 0.03252774 -0.1256611 0.2460629 -0.1063354 0.04921257 -0.1063354 0.2460629 -0.1063354 0.04921257 -0.1256611 0.2460629 -0.1256611 0.04921257 -0.1064453 0.2602217 -0.1256611 0.2473746 -0.1063354 0.2473746 -0.1256611 0.2473746 -0.1064453 0.2602217 -0.1255512 0.2602217 -0.1067675 0.2626063 -0.1255512 0.2497592 -0.1064453 0.2497592 -0.1255512 0.2497592 -0.1067675 0.2626063 -0.125229 0.2626063 -0.1063354 0.2473746 -0.125229 0.2346854 -0.1067675 0.2346854 -0.125229 0.2346854 -0.1063354 0.2473746 -0.1256611 0.2473746 -0.1072801 0.2031804 -0.1240484 0.2160274 -0.1247164 0.2031804 -0.1240484 0.2160274 -0.1072801 0.2031804 -0.1079481 0.2160274 -0.1079481 0.1573912 -0.1232704 0.1702383 -0.1240484 0.1573912 -0.1232704 0.1702383 -0.1079481 0.1573912 -0.1087261 0.1702383 -0.1087261 0.1004384 -0.1224356 0.1132854 -0.1232704 0.1004384 -0.1224356 0.1132854 -0.1087261 0.1004384 -0.1095609 0.1132854 0.1095609 -0.03620302 0.1216007 -0.04905009 0.1224356 -0.03620302 0.1216007 -0.04905009 0.1095609 -0.03620302 0.1103958 -0.04905009 0.1103958 0.03093719 0.1208228 0.01809012 0.1216007 0.03093719 0.1208228 0.01809012 0.1103958 0.03093719 0.1111737 0.01809012 0.1111737 0.09640687 0.1201547 0.08355981 0.1208228 0.09640687 0.1201547 0.08355981 0.1111737 0.09640687 0.1118417 0.08355981 0.1123543 0.1428973 0.1201547 0.1557443 0.1118417 0.1557443 0.1201547 0.1557443 0.1123543 0.1428973 0.1196421 0.1428973 0.1126766 0.1920588 0.1196421 0.2049059 0.1123543 0.2049059 0.1196421 0.2049059 0.1126766 0.1920588 0.1193199 0.1920588 0.1127865 0.227694 0.1193199 0.2405411 0.1126766 0.2405411 0.1193199 0.2405411 0.1127865 0.227694 0.11921 0.227694 -0.03752142 0.1968504 -0.04394489 0.04921257 -0.03752142 0.04921257 -0.04394489 0.04921257 -0.03752142 0.1968504 -0.04394489 0.1968504 -0.04394489 0.1968504 -0.03752142 0.1968504 -0.03752142 0.2460629 -0.04394489 0.1968504 -0.03752142 0.2460629 -0.04394489 0.2460629 0.1193199 0.0522083 0.1127865 0.06505537 0.1126766 0.0522083 0.1127865 0.06505537 0.1193199 0.0522083 0.11921 0.06505537 0.1196421 0.06789314 0.1126766 0.08074021 0.1123543 0.06789314 0.1126766 0.08074021 0.1196421 0.06789314 0.1193199 0.08074021 0.1201547 0.0785135 0.1123543 0.09136056 0.1118417 0.0785135 0.1123543 0.09136056 0.1201547 0.0785135 0.1196421 0.09136056 0.1208228 0.09640687 0.1118417 0.08355981 0.1201547 0.08355981 0.1118417 0.08355981 0.1208228 0.09640687 0.1111737 0.09640687 0.1208228 0.09490692 0.1103958 0.08205986 0.1216007 0.08205986 0.1103958 0.08205986 0.1208228 0.09490692 0.1111737 0.09490692 0.143686 0.0711075 0.1312284 0.05826044 0.144103 0.05826044 0.1312284 0.05826044 0.143686 0.0711075 0.1320632 0.0711075 0.1432975 0.07954651 0.1320632 0.06669944 0.143686 0.06669944 0.1320632 0.06669944 0.1432975 0.07954651 0.1328412 0.07954651 0.472441 0.06163859 0.1476378 0.04879152 0.472441 0.04879152 0.1476378 0.04879152 0.472441 0.06163859 0.1480547 0.06163859 -0.472441 -0.04879152 -0.1472208 -0.03594446 -0.472441 -0.03594446 -0.1472208 -0.03594446 -0.472441 -0.04879152 -0.1476378 -0.04879152 -0.1015768 -0.008740544 -0.08362793 -0.02158761 -0.08311527 -0.008740544 -0.08362793 -0.02158761 -0.1015768 -0.008740544 -0.1010642 -0.02158761 -0.101899 0.01781404 -0.08311527 0.004966974 -0.08279305 0.01781404 -0.08311527 0.004966974 -0.101899 0.01781404 -0.1015768 0.004966974 -0.1020089 0.04359239 -0.08279305 0.03074532 -0.08268314 0.04359239 -0.08279305 0.03074532 -0.1020089 0.04359239 -0.101899 0.03074532 -0.01781207 0.1345956 -0.01001167 0.1217485 -0.009499073 0.1345956 -0.01001167 0.1217485 -0.01781207 0.1345956 -0.01729947 0.1217485 -0.01848012 0.06884527 -0.009499073 0.0559982 -0.008831024 0.06884527 -0.009499073 0.0559982 -0.01848012 0.06884527 -0.01781207 0.0559982 -0.1020089 0.2460629 -0.08268314 0.04921257 -0.08268314 0.2460629 -0.08268314 0.04921257 -0.1020089 0.2460629 -0.1020089 0.04921257 -0.01033389 0.2360066 -0.01686733 0.2231595 -0.0104438 0.2231595 -0.01686733 0.2231595 -0.01033389 0.2360066 -0.01697725 0.2360066 -0.01001167 0.1916112 -0.01697725 0.1787641 -0.01033389 0.1787641 -0.01697725 0.1787641 -0.01001167 0.1916112 -0.01729947 0.1916112 0.02092772 0.1348818 0.007218241 0.1477289 0.006383419 0.1348818 0.007218241 0.1477289 0.02092772 0.1348818 0.0200929 0.1477289 0.02170568 0.1894874 0.006383419 0.2023345 0.005605459 0.1894874 0.006383419 0.2023345 0.02170568 0.1894874 0.02092772 0.2023345 0.02237373 0.230742 0.005605459 0.2435891 0.004937469 0.230742 0.005605459 0.2435891 0.02237373 0.230742 0.02170568 0.2435891 0.02288633 0.2558342 0.004937469 0.2686812 0.00442487 0.2558342 0.004937469 0.2686812 0.02288633 0.2558342 0.02237373 0.2686812 0.02288633 0.275901 0.004102587 0.2630539 0.02320855 0.2630539 0.004102587 0.2630539 0.02288633 0.275901 0.00442487 0.275901 0.02320855 0.2647563 0.003992676 0.2519092 0.02331846 0.2519092 0.003992676 0.2519092 0.02320855 0.2647563 0.004102587 0.2647563 0.02331846 0.2460629 0.003992676 0.04921257 0.02331846 0.04921257 0.003992676 0.04921257 0.02331846 0.2460629 0.003992676 0.2460629 0.02331846 0.04084026 0.004102587 0.0279932 0.02320855 0.0279932 0.004102587 0.0279932 0.02331846 0.04084026 0.003992676 0.04084026 0.02320855 0.009745121 0.00442487 -0.003101885 0.02288633 -0.003101885 0.00442487 -0.003101885 0.02320855 0.009745121 0.004102587 0.009745121 0.004937469 -0.03442335 0.02288633 -0.02157628 0.00442487 -0.02157628 0.02288633 -0.02157628 0.004937469 -0.03442335 0.02237373 -0.03442335 0.005605459 -0.06383669 0.02237373 -0.05098962 0.004937469 -0.05098962 0.02237373 -0.05098962 0.005605459 -0.06383669 0.02170568 -0.06383669 0.006383419 -0.0893374 0.02170568 -0.07649034 0.005605459 -0.07649034 0.02170568 -0.07649034 0.006383419 -0.0893374 0.02092772 -0.0893374 0.007218241 -0.1091877 0.02092772 -0.09634059 0.006383419 -0.09634059 0.02092772 -0.09634059 0.007218241 -0.1091877 0.0200929 -0.1091877 -0.008053123 0.1220347 -0.0200929 0.1091877 -0.007218241 0.1091877 -0.0200929 0.1091877 -0.008053123 0.1220347 -0.01925808 0.1220347 -0.03590863 0.1237096 -0.04633563 0.1108626 -0.03513067 0.1108626 -0.04633563 0.1108626 -0.03590863 0.1237096 -0.04555767 0.1237096 -0.03657662 0.120926 -0.04555767 0.1080789 -0.03590863 0.1080789 -0.04555767 0.1080789 -0.03657662 0.120926 -0.04488962 0.120926 -0.03708922 0.1103392 -0.04488962 0.09749209 -0.03657662 0.09749209 -0.04488962 0.09749209 -0.03708922 0.1103392 -0.04437702 0.1103392 -0.03741151 0.09267067 -0.04437702 0.07982361 -0.03708922 0.07982361 -0.04437702 0.07982361 -0.03741151 0.09267067 -0.0440548 0.09267067 -0.03752142 0.06912463 -0.0440548 0.05627757 -0.03741151 0.05627757 -0.0440548 0.05627757 -0.03752142 0.06912463 -0.04394489 0.06912463 -0.06390202 0.1968504 -0.07032549 0.04921257 -0.06390202 0.04921257 -0.07032549 0.04921257 -0.06390202 0.1968504 -0.07032549 0.1968504 -0.07032549 0.1968504 -0.06390202 0.1968504 -0.06390202 0.2460629 -0.07032549 0.1968504 -0.06390202 0.2460629 -0.07032549 0.2460629 -0.03741151 0.2364718 -0.04394489 0.2236248 -0.03752142 0.2236248 -0.04394489 0.2236248 -0.03741151 0.2364718 -0.0440548 0.2364718 -0.03708922 0.1929754 -0.0440548 0.1801283 -0.03741151 0.1801283 -0.0440548 0.1801283 -0.03708922 0.1929754 -0.04437702 0.1929754 -0.03657662 0.1367657 -0.04437702 0.1239187 -0.03708922 0.1239187 -0.04437702 0.1239187 -0.03657662 0.1367657 -0.04488962 0.1367657 -0.04555767 0.07167345 -0.03657662 0.05882638 -0.03590863 0.07167345 -0.03657662 0.05882638 -0.04555767 0.07167345 -0.04488962 0.05882638 -0.04633563 0.002134442 -0.03590863 -0.01071256 -0.03513067 0.002134442 -0.03590863 -0.01071256 -0.04633563 0.002134442 -0.04555767 -0.01071256 -0.04717046 -0.06711214 -0.03513067 -0.07995921 -0.03429585 -0.06711214 -0.03513067 -0.07995921 -0.04717046 -0.06711214 -0.04633563 -0.07995921 0.04800528 0.1313475 0.03429585 0.1441946 0.03346097 0.1313475 0.03429585 0.1441946 0.04800528 0.1313475 0.04717046 0.1441946 0.04878324 0.186194 0.03346097 0.199041 0.03268307 0.186194 0.03346097 0.199041 0.04878324 0.186194 0.04800528 0.199041 0.04945129 0.2279138 0.03268307 0.2407609 0.03201502 0.2279138 0.03268307 0.2407609 0.04945129 0.2279138 0.04878324 0.2407609 0.04945129 0.2665111 0.03150242 0.253664 0.04996389 0.253664 0.03150242 0.253664 0.04945129 0.2665111 0.03201502 0.2665111 0.04996389 0.2745367 0.0311802 0.2616897 0.05028611 0.2616897 0.0311802 0.2616897 0.04996389 0.2745367 0.03150242 0.2745367 0.05028611 0.2642909 0.03107029 0.2514439 0.05039602 0.2514439 0.03107029 0.2514439 0.05028611 0.2642909 0.0311802 0.2642909 0.05039602 0.2460629 0.03107029 0.04921257 0.05039602 0.04921257 0.03107029 0.04921257 0.05039602 0.2460629 0.03107029 0.2460629 0.05039602 0.04130554 0.0311802 0.02845847 0.05028611 0.02845847 0.0311802 0.02845847 0.05039602 0.04130554 0.03107029 0.04130554 0.05028611 0.01110935 0.03150242 -0.001737654 0.04996389 -0.001737654 0.03150242 -0.001737654 0.05028611 0.01110935 0.0311802 0.01110935 0.04996389 -0.01940613 0.03201502 -0.0322532 0.04945129 -0.0322532 0.03201502 -0.0322532 0.04996389 -0.01940613 0.03150242 -0.01940613 0.03268307 -0.06100851 0.04945129 -0.04816144 0.03201502 -0.04816144 0.04945129 -0.04816144 0.03268307 -0.06100851 0.04878324 -0.06100851 0.03346097 -0.08604395 0.04878324 -0.07319688 0.03268307 -0.07319688 0.04878324 -0.07319688 0.03346097 -0.08604395 0.04800528 -0.08604395 0.03429585 -0.1056534 0.04800528 -0.09280627 0.03346097 -0.09280627 0.04800528 -0.09280627 0.03429585 -0.1056534 0.04717046 -0.1056534 -0.03513067 0.1185004 -0.04717046 0.1056534 -0.03429585 0.1056534 -0.04717046 0.1056534 -0.03513067 0.1185004 -0.04633563 0.1185004 -0.06228923 0.117179 -0.07271623 0.104332 -0.06151127 0.104332 -0.07271623 0.104332 -0.06228923 0.117179 -0.07193827 0.117179 -0.06295728 0.115318 -0.07193827 0.1024709 -0.06228923 0.1024709 -0.07193827 0.1024709 -0.06295728 0.115318 -0.07127028 0.115318 -0.06346988 0.1060361 -0.07127028 0.093189 -0.06295728 0.093189 -0.07127028 0.093189 -0.06346988 0.1060361 -0.07075768 0.1060361 -0.0637921 0.08996564 -0.07075768 0.07711857 -0.06346988 0.07711857 -0.07075768 0.07711857 -0.0637921 0.08996564 -0.0704354 0.08996564 -0.06390202 0.06820195 -0.0704354 0.05535489 -0.0637921 0.05535489 -0.0704354 0.05535489 -0.06390202 0.06820195 -0.07032549 0.06820195 -0.08913427 0.1968504 -0.0955578 0.04921257 -0.08913427 0.04921257 -0.0955578 0.04921257 -0.08913427 0.1968504 -0.0955578 0.1968504 -0.0955578 0.1968504 -0.08913427 0.1968504 -0.08913427 0.2460629 -0.0955578 0.1968504 -0.08913427 0.2460629 -0.0955578 0.2460629 -0.0637921 0.2373945 -0.07032549 0.2245475 -0.06390202 0.2245475 -0.07032549 0.2245475 -0.0637921 0.2373945 -0.0704354 0.2373945 -0.0637921 0.1828334 -0.07075768 0.1956804 -0.0704354 0.1828334 -0.07075768 0.1956804 -0.0637921 0.1828334 -0.06346988 0.1956804 -0.06295728 0.1410688 -0.07075768 0.1282218 -0.06346988 0.1282218 -0.07075768 0.1282218 -0.06295728 0.1410688 -0.07127028 0.1410688 -0.07193827 0.07728141 -0.06295728 0.06443434 -0.06228923 0.07728141 -0.06295728 0.06443434 -0.07193827 0.07728141 -0.07127028 0.06443434 -0.07271623 0.008665084 -0.06228923 -0.004181921 -0.06151127 0.008665084 -0.06228923 -0.004181921 -0.07271623 0.008665084 -0.07193827 -0.004181921 -0.07355105 -0.06010395 -0.06151127 -0.07295101 -0.06067645 -0.06010395 -0.06151127 -0.07295101 -0.07355105 -0.06010395 -0.07271623 -0.07295101 0.07438594 0.1243393 0.06067645 0.1371864 0.05984163 0.1243393 0.06067645 0.1371864 0.07438594 0.1243393 0.07355105 0.1371864 0.07516384 0.1796633 0.05984163 0.1925104 0.05906367 0.1796633 0.05984163 0.1925104 0.07516384 0.1796633 0.07438594 0.1925104 0.07583189 0.2223059 0.05906367 0.235153 0.05839562 0.2223059 0.05906367 0.235153 0.07583189 0.2223059 0.07516384 0.235153 0.07583189 0.262208 0.05788302 0.2493609 0.07634449 0.2493609 0.05788302 0.2493609 0.07583189 0.262208 0.05839562 0.262208 0.07634449 0.2718317 0.0575608 0.2589846 0.07666671 0.2589846 0.0575608 0.2589846 0.07634449 0.2718317 0.05788302 0.2718317 0.07677662 0.2505213 0.0575608 0.2633683 0.05745089 0.2505213 0.0575608 0.2633683 0.07677662 0.2505213 0.07666671 0.2633683 0.07677662 0.2460629 0.05745089 0.04921257 0.07677662 0.04921257 0.05745089 0.04921257 0.07677662 0.2460629 0.05745089 0.2460629 0.07677662 0.04222822 0.0575608 0.02938115 0.07666671 0.02938115 0.0575608 0.02938115 0.07677662 0.04222822 0.05745089 0.04222822 0.07666671 0.01381438 0.05788302 9.67363e-4 0.07634449 9.67363e-4 0.05788302 9.67363e-4 0.07666671 0.01381438 0.0575608 0.01381438 0.07634449 -0.01510304 0.05839562 -0.0279501 0.07583189 -0.0279501 0.05839562 -0.0279501 0.07634449 -0.01510304 0.05788302 -0.01510304 0.05906367 -0.05540055 0.07583189 -0.04255348 0.05839562 -0.04255348 0.07583189 -0.04255348 0.05906367 -0.05540055 0.07516384 -0.05540055 0.05984163 -0.07951331 0.07516384 -0.06666624 0.05906367 -0.06666624 0.07516384 -0.06666624 0.05984163 -0.07951331 0.07438594 -0.07951331 0.06067645 -0.09864515 0.07438594 -0.08579808 0.05984163 -0.08579808 0.07438594 -0.08579808 0.06067645 -0.09864515 0.07355105 -0.09864515 -0.06151127 0.1114922 -0.07355105 0.09864515 -0.06067645 0.09864515 -0.07355105 0.09864515 -0.06151127 0.1114922 -0.07271623 0.1114922 -0.08752149 0.107523 -0.09794855 0.09467601 -0.08674359 0.09467601 -0.09794855 0.09467601 -0.08752149 0.107523 -0.09717059 0.107523 -0.08752149 0.107523 -0.09794855 0.09467601 -0.08674359 0.09467601 -0.09794855 0.09467601 -0.08752149 0.107523 -0.09717059 0.107523 -0.08870214 0.09967356 -0.09650254 0.0868265 -0.08818954 0.0868265 -0.09650254 0.0868265 -0.08870214 0.09967356 -0.09598994 0.09967356 -0.08818954 0.0868265 -0.09598994 0.07311892 -0.08870214 0.07311892 -0.09598994 0.07311892 -0.08818954 0.0868265 -0.09650254 0.0868265 -0.08913427 0.06683778 -0.09566771 0.05399072 -0.08902436 0.05399072 -0.09566771 0.05399072 -0.08913427 0.06683778 -0.0955578 0.06683778 -0.1127865 0.1968504 -0.11921 0.04921257 -0.1127865 0.04921257 -0.11921 0.04921257 -0.1127865 0.1968504 -0.11921 0.1968504 -0.11921 0.1968504 -0.1127865 0.1968504 -0.1127865 0.2460629 -0.11921 0.1968504 -0.1127865 0.2460629 -0.11921 0.2460629 -0.08902436 0.2387587 -0.0955578 0.2259116 -0.08913427 0.2259116 -0.0955578 0.2259116 -0.08902436 0.2387587 -0.09566771 0.2387587 -0.08870214 0.1996801 -0.09566771 0.186833 -0.08902436 0.186833 -0.09566771 0.186833 -0.08870214 0.1996801 -0.09598994 0.1996801 -0.08818954 0.1474313 -0.09598994 0.1345843 -0.08870214 0.1345843 -0.09598994 0.1345843 -0.08818954 0.1474313 -0.09650254 0.1474313 -0.09717059 0.08557313 -0.08870214 0.07311892 -0.08752149 0.08557313 -0.08870214 0.07311892 -0.09717059 0.08557313 -0.09598994 0.07311892 -0.09794855 0.01832103 -0.08752149 0.005473971 -0.08674359 0.01832103 -0.08752149 0.005473971 -0.09794855 0.01832103 -0.09717059 0.005473971 -0.09878337 -0.0497418 -0.08674359 -0.06258887 -0.08590871 -0.0497418 -0.08674359 -0.06258887 -0.09878337 -0.0497418 -0.09794855 -0.06258887 0.09961819 0.1139771 0.08590871 0.1268242 0.08507388 0.1139771 0.08590871 0.1268242 0.09961819 0.1139771 0.09878337 0.1268242 0.1003962 0.1700074 0.08507388 0.1828544 0.08429592 0.1700074 0.08507388 0.1828544 0.1003962 0.1700074 0.09961819 0.1828544 0.1010642 0.2140141 0.08429592 0.2268612 0.08362793 0.2140141 0.08429592 0.2268612 0.1010642 0.2140141 0.1003962 0.2268612 0.1010642 0.2558455 0.08311527 0.2429984 0.1015768 0.2429984 0.08311527 0.2429984 0.1010642 0.2558455 0.08362793 0.2558455 0.1015768 0.2678321 0.08362793 0.2558455 0.1010642 0.2558455 0.08362793 0.2558455 0.1015768 0.2678321 0.08311527 0.2678321 0.101899 0.2620041 0.08268314 0.249157 0.1020089 0.249157 0.08268314 0.249157 0.101899 0.2620041 0.08279305 0.2620041 0.1020089 0.2460629 0.08268314 0.04921257 0.1020089 0.04921257 0.08268314 0.04921257 0.1020089 0.2460629 0.08268314 0.2460629 0.1020089 0.04359239 0.08279305 0.03074532 0.101899 0.03074532 0.08279305 0.03074532 0.1020089 0.04359239 0.08268314 0.04359239 0.101899 0.01781404 0.08311527 0.004966974 0.1015768 0.004966974 0.08311527 0.004966974 0.101899 0.01781404 0.08279305 0.01781404 0.1015768 -0.008740544 0.08362793 -0.02158761 0.1010642 -0.02158761 0.08362793 -0.02158761 0.1015768 -0.008740544 0.08311527 -0.008740544 0.08429592 -0.04710876 0.1010642 -0.0342617 0.08362793 -0.0342617 0.1010642 -0.0342617 0.08429592 -0.04710876 0.1003962 -0.04710876 0.08507388 -0.06985735 0.1003962 -0.05701029 0.08429592 -0.05701029 0.1003962 -0.05701029 0.08507388 -0.06985735 0.09961819 -0.06985735 0.08590871 -0.088283 0.09961819 -0.07543593 0.08507388 -0.07543593 0.09961819 -0.07543593 0.08590871 -0.088283 0.09878337 -0.088283 -0.08674359 0.1011301 -0.09878337 0.088283 -0.08590871 0.088283 -0.09878337 0.088283 -0.08674359 0.1011301 -0.09794855 0.1011301 -0.1111737 0.09490692 -0.1216007 0.08205986 -0.1103958 0.08205986 -0.1216007 0.08205986 -0.1111737 0.09490692 -0.1208228 0.09490692 -0.1118417 0.09619253 -0.1208228 0.08334547 -0.1111737 0.08334547 -0.1208228 0.08334547 -0.1118417 0.09619253 -0.1201547 0.09619253 -0.1123543 0.09136056 -0.1201547 0.0785135 -0.1118417 0.0785135 -0.1201547 0.0785135 -0.1123543 0.09136056 -0.1196421 0.09136056 -0.1126766 0.08074021 -0.1196421 0.06789314 -0.1123543 0.06789314 -0.1196421 0.06789314 -0.1126766 0.08074021 -0.1193199 0.08074021 -0.1127865 0.06505537 -0.1193199 0.0522083 -0.1126766 0.0522083 -0.1193199 0.0522083 -0.1127865 0.06505537 -0.11921 0.06505537 -0.134454 0.04921257 -0.1424919 0.1968504 -0.1424919 0.04921257 -0.1424919 0.1968504 -0.134454 0.04921257 -0.134454 0.1968504 -0.1424919 0.1968504 -0.134454 0.1968504 -0.1424919 0.2460629 -0.1424919 0.2460629 -0.134454 0.1968504 -0.134454 0.2460629 -0.1126766 0.2405411 -0.11921 0.227694 -0.1127865 0.227694 -0.11921 0.227694 -0.1126766 0.2405411 -0.1193199 0.2405411 -0.1123543 0.2049059 -0.1193199 0.1920588 -0.1126766 0.1920588 -0.1193199 0.1920588 -0.1123543 0.2049059 -0.1196421 0.2049059 -0.1118417 0.1557443 -0.1196421 0.1428973 -0.1123543 0.1428973 -0.1196421 0.1428973 -0.1118417 0.1557443 -0.1201547 0.1557443 0.1240484 0.1573912 0.1087261 0.1702383 0.1079481 0.1573912 0.1087261 0.1702383 0.1240484 0.1573912 0.1232704 0.1702383 0.1232704 0.1004384 0.1095609 0.1132854 0.1087261 0.1004384 0.1095609 0.1132854 0.1232704 0.1004384 0.1224356 0.1132854 -0.1224356 -0.03620302 -0.1103958 -0.04905009 -0.1095609 -0.03620302 -0.1103958 -0.04905009 -0.1224356 -0.03620302 -0.1216007 -0.04905009 -0.1216007 0.03093719 -0.1111737 0.01809012 -0.1103958 0.03093719 -0.1111737 0.01809012 -0.1216007 0.03093719 -0.1208228 0.01809012 0.1247164 0.2031804 0.1079481 0.2160274 0.1072801 0.2031804 0.1079481 0.2160274 0.1247164 0.2031804 0.1240484 0.2160274 0.1247164 0.2475324 0.1067675 0.2346854 0.125229 0.2346854 0.1067675 0.2346854 0.1247164 0.2475324 0.1072801 0.2475324 0.125229 0.2626063 0.1064453 0.2497592 0.1255512 0.2497592 0.1064453 0.2497592 0.125229 0.2626063 0.1067675 0.2626063 0.1255512 0.2602217 0.1072801 0.2475324 0.1247164 0.2475324 0.1072801 0.2475324 0.1255512 0.2602217 0.1064453 0.2602217 0.1256611 0.2460629 0.1063354 0.04921257 0.1256611 0.04921257 0.1063354 0.04921257 0.1256611 0.2460629 0.1063354 0.2460629 -0.1103958 0.08759129 -0.1224356 0.07474422 -0.1095609 0.07474422 -0.1224356 0.07474422 -0.1103958 0.08759129 -0.1216007 0.08759129 -0.1328412 0.07954651 -0.143686 0.06669944 -0.1320632 0.06669944 -0.143686 0.06669944 -0.1328412 0.07954651 -0.1432975 0.07954651 0.1256611 0.04537481 0.1064453 0.03252774 0.1255512 0.03252774 0.1064453 0.03252774 0.1256611 0.04537481 0.1063354 0.04537481 0.1255512 0.02303981 0.1067675 0.01019275 0.125229 0.01019275 0.1067675 0.01019275 0.1255512 0.02303981 0.1064453 0.02303981 0.1079481 -0.03627508 0.1247164 -0.02342802 0.1072801 -0.02342802 0.1247164 -0.02342802 0.1079481 -0.03627508 0.1240484 -0.03627508 0.125229 -4.27537e-4 0.1072801 -0.01327455 0.1247164 -0.01327455 0.1072801 -0.01327455 0.125229 -4.27537e-4 0.1067675 -4.27537e-4 -0.1335092 0.0830022 -0.1432975 0.07015514 -0.1328412 0.07015514 -0.1432975 0.07015514 -0.1335092 0.0830022 -0.1429638 0.0830022 0.1095609 -0.07474422 0.1232704 -0.06189715 0.1087261 -0.06189715 0.1232704 -0.06189715 0.1095609 -0.07474422 0.1224356 -0.07474422 0.1087261 -0.0572412 0.1240484 -0.04439413 0.1079481 -0.04439413 0.1240484 -0.04439413 0.1087261 -0.0572412 0.1232704 -0.0572412 -0.7891988 -0.04631727 -0.7957322 -0.05916434 -0.7890889 -0.05916434 -0.7957322 -0.05916434 -0.7891988 -0.04631727 -0.7956223 -0.04631727 0.8816163 0.6301383 0.8662941 0.6429854 0.867072 0.6301383 0.8662941 0.6429854 0.8816163 0.6301383 0.8823943 0.6429854 0.8823943 0.5539911 0.865626 0.5668382 0.8662941 0.5539911 0.865626 0.5668382 0.8823943 0.5539911 0.8830623 0.5668382 -0.7890889 -0.2457879 -0.7960544 -0.2586349 -0.7887666 -0.2586349 -0.7960544 -0.2586349 -0.7890889 -0.2457879 -0.7957322 -0.2457879 -0.7960544 -0.4280707 -0.788254 -0.4409177 -0.7887666 -0.4280707 -0.788254 -0.4409177 -0.7960544 -0.4280707 -0.796567 -0.4409177 -0.7972351 -0.6934017 -0.786808 -0.7062488 -0.787586 -0.6934017 -0.786808 -0.7062488 -0.7972351 -0.6934017 -0.798013 -0.7062488 -0.796567 -0.5807434 -0.787586 -0.5935905 -0.788254 -0.5807434 -0.787586 -0.5935905 -0.796567 -0.5807434 -0.7972351 -0.5935905 0.8830623 0.4396526 0.8651134 0.4524996 0.865626 0.4396526 0.8651134 0.4524996 0.8830623 0.4396526 0.8835749 0.4524996 0.8807815 0.6629049 0.867072 0.6757519 0.8679069 0.6629049 0.867072 0.6757519 0.8807815 0.6629049 0.8816163 0.6757519 -0.8799467 -0.6500578 -0.8679069 -0.6629049 -0.8687417 -0.6500578 -0.8679069 -0.6629049 -0.8799467 -0.6500578 -0.8807815 -0.6629049 0.8838971 0.3077617 0.8651134 0.2949147 0.8835749 0.2949147 0.8651134 0.2949147 0.8838971 0.3077617 0.8647912 0.3077617 0.884007 0.1424882 0.8647912 0.1296411 0.8838971 0.1296411 0.8647912 0.1296411 0.884007 0.1424882 0.8646813 0.1424882 0.884007 0.2460629 0.8646813 0.04921257 0.884007 0.04921257 0.8646813 0.04921257 0.884007 0.2460629 0.8646813 0.2460629 0.8838971 0.1631083 0.8646813 0.1502612 0.884007 0.1502612 0.8646813 0.1502612 0.8838971 0.1631083 0.8647912 0.1631083 0.8835749 -0.02211558 0.8647912 -0.03496265 0.8838971 -0.03496265 0.8647912 -0.03496265 0.8835749 -0.02211558 0.8651134 -0.02211558 0.8651134 -0.2182418 0.8830623 -0.2053947 0.865626 -0.2053947 0.8830623 -0.2053947 0.8651134 -0.2182418 0.8835749 -0.2182418 -0.134454 0.2298642 -0.1425468 0.2427113 -0.1424919 0.2298642 -0.1425468 0.2427113 -0.134454 0.2298642 -0.1343441 0.2427113 -0.1343441 0.1984213 -0.1427078 0.2112684 -0.1425468 0.1984213 -0.1427078 0.2112684 -0.1343441 0.1984213 -0.1340218 0.2112684 -0.1340218 0.1530185 -0.1429638 0.1658656 -0.1427078 0.1530185 -0.1429638 0.1658656 -0.1340218 0.1530185 -0.1335092 0.1658656 -0.1432975 0.1095972 -0.1335092 0.09675014 -0.1328412 0.1095972 -0.1335092 0.09675014 -0.1432975 0.1095972 -0.1429638 0.09675014 -0.143686 0.0462976 -0.1328412 0.03345054 -0.1320632 0.0462976 -0.1328412 0.03345054 -0.143686 0.0462976 -0.1432975 0.03345054 -0.144103 -0.01971924 -0.1320632 -0.0325663 -0.1312284 -0.01971924 -0.1320632 -0.0325663 -0.144103 -0.01971924 -0.143686 -0.0325663 0.14452 0.08395457 0.1312284 0.09680163 0.1303935 0.08395457 0.1312284 0.09680163 0.14452 0.08395457 0.144103 0.09680163 0.1449086 0.1420308 0.1303935 0.1548779 0.1296156 0.1420308 0.1303935 0.1548779 0.1449086 0.1420308 0.14452 0.1548779 0.1452422 0.1899901 0.1296156 0.2028371 0.1289476 0.1899901 0.1296156 0.2028371 0.1452422 0.1899901 0.1449086 0.2028371 0.1452422 0.2374112 0.128435 0.2245641 0.1454982 0.2245641 0.128435 0.2245641 0.1452422 0.2374112 0.1289476 0.2374112 0.1454982 0.2562438 0.1281127 0.2433967 0.1456592 0.2433967 0.1281127 0.2433967 0.1454982 0.2562438 0.128435 0.2562438 0.1456592 0.2580516 0.1280028 0.2452045 0.1457141 0.2452045 0.1280028 0.2452045 0.1456592 0.2580516 0.1281127 0.2580516 0.1457141 0.2452045 0.1280028 0.04921257 0.1457141 0.04921257 0.1280028 0.04921257 0.1457141 0.2452045 0.1280028 0.2452045 0.1457141 0.04754495 0.1281127 0.03469789 0.1456592 0.03469789 0.1281127 0.03469789 0.1457141 0.04754495 0.1280028 0.04754495 0.1456592 0.02940231 0.128435 0.01655524 0.1454982 0.01655524 0.128435 0.01655524 0.1456592 0.02940231 0.1281127 0.02940231 0.1454982 0.009693682 0.1289476 -0.003153324 0.1452422 -0.003153324 0.1289476 -0.003153324 0.1454982 0.009693682 0.128435 0.009693682 0.1296156 -0.02308475 0.1452422 -0.01023769 0.1289476 -0.01023769 0.1452422 -0.01023769 0.1296156 -0.02308475 0.1449086 -0.02308475 0.1303935 -0.04188078 0.1449086 -0.02903372 0.1296156 -0.02903372 0.1449086 -0.02903372 0.1303935 -0.04188078 0.14452 -0.04188078 -0.1492488 0.1968504 -1.031854 0.04921257 -0.1492488 0.04921257 -1.031854 0.04921257 -0.1492488 0.1968504 -1.031854 0.1968504 -1.031854 0.1968504 -0.1492488 0.1968504 -0.1492488 0.2460629 -1.031854 0.1968504 -0.1492488 0.2460629 -1.031854 0.2460629 -0.134454 0.04921257 -0.1424919 0.06288522 -0.1424919 0.04921257 -0.1424919 0.06288522 -0.134454 0.04921257 -0.134454 0.06288522 -0.1340218 0.06153064 -0.1425468 0.07437771 -0.1427078 0.06153064 -0.1425468 0.07437771 -0.1340218 0.06153064 -0.1343441 0.07437771 -0.1335092 0.06839221 -0.1427078 0.08123928 -0.1429638 0.06839221 -0.1427078 0.08123928 -0.1335092 0.06839221 -0.1340218 0.08123928 1.035076 0.04879152 0.1460816 0.03594446 1.035021 0.03594446 0.1460816 0.03594446 1.035076 0.04879152 0.1457141 0.04921257 -0.8679069 0.7014461 -0.8799467 0.688599 -0.8687417 0.688599 -0.8799467 0.688599 -0.8679069 0.7014461 -0.8807815 0.7014461 0.1312284 -0.05826044 0.14452 -0.04541337 0.1303935 -0.04541337 0.14452 -0.04541337 0.1312284 -0.05826044 0.144103 -0.05826044 1.035076 0.2460629 0.1457141 0.04921257 1.035076 0.04879152 0.1457141 0.04921257 1.035076 0.2460629 0.1457141 0.2452045 1.035021 0.256805 0.1456592 0.2433967 1.035076 0.2439579 0.1456592 0.2433967 1.035021 0.256805 0.1454982 0.2562438 1.03486 0.2525889 0.1460816 0.2397419 1.035021 0.2397419 0.1460816 0.2397419 1.03486 0.2525889 0.1462426 0.2525889 1.034604 0.2315971 0.1462426 0.2187501 1.03486 0.2187501 0.1462426 0.2187501 1.034604 0.2315971 0.1464986 0.2315971 1.034604 0.1824131 0.1468322 0.1952601 0.1464986 0.1824131 0.1468322 0.1952601 1.034604 0.1824131 1.03427 0.1952601 1.03427 0.1332072 0.1472208 0.1460543 0.1468322 0.1332072 0.1472208 0.1460543 1.03427 0.1332072 1.033882 0.1460543 1.033882 0.07448571 0.1476378 0.08733278 0.1472208 0.07448571 0.1476378 0.08733278 1.033882 0.07448571 1.033465 0.08733278 -1.033465 -0.01025032 -0.1480547 -0.02309739 -0.1476378 -0.01025032 -0.1480547 -0.02309739 -1.033465 -0.01025032 -1.033048 -0.02309739 -1.033048 0.05512124 -0.1484433 0.04227417 -0.1480547 0.05512124 -0.1484433 0.04227417 -1.033048 0.05512124 -1.032659 0.04227417 -1.032659 0.1171742 -0.148777 0.1043272 -0.1484433 0.1171742 -0.148777 0.1043272 -1.032659 0.1171742 -1.032325 0.1043272 -0.148777 0.1716797 -1.032069 0.1588326 -0.149033 0.1588326 -1.032069 0.1588326 -0.148777 0.1716797 -1.032325 0.1716797 -0.149033 0.2149232 -1.031908 0.2020761 -0.149194 0.2020761 -1.031908 0.2020761 -0.149033 0.2149232 -1.032069 0.2149232 -0.149194 0.2439579 -1.031854 0.2311108 -0.1492488 0.2311108 -1.031854 0.2311108 -0.149194 0.2439579 -1.031908 0.2439579 -1.036082 0.1968504 -1.04412 0.04921257 -1.036082 0.04921257 -1.04412 0.04921257 -1.036082 0.1968504 -1.04412 0.1968504 -1.04412 0.1968504 -1.036082 0.1968504 -1.036082 0.2460629 -1.04412 0.1968504 -1.036082 0.2460629 -1.04412 0.2460629 -0.1492488 0.06163859 -1.031854 0.04921257 -0.1492488 0.04921257 -1.031854 0.04921257 -0.1492488 0.06163859 -1.031854 0.06163859 -0.149194 0.07072287 -1.032069 0.05787581 -0.149033 0.05787581 -1.032069 0.05787581 -0.149194 0.07072287 -1.031908 0.07072287 -0.149033 0.0754252 -1.031854 0.06163859 -0.1492488 0.06163859 -1.031854 0.06163859 -0.149033 0.0754252 -1.032069 0.0754252 -0.149033 0.0754252 -1.031854 0.06163859 -0.1492488 0.06163859 -1.031854 0.06163859 -0.149033 0.0754252 -1.032069 0.0754252 -0.149194 0.07072287 -1.032069 0.05787581 -0.149033 0.05787581 -1.032069 0.05787581 -0.149194 0.07072287 -1.031908 0.07072287 -0.1328412 0.07015514 -0.144103 0.05826044 -0.1312284 0.05826044 -0.144103 0.05826044 -0.1328412 0.07015514 -0.1432975 0.07015514 1.035021 0.03305715 0.1462426 0.02021008 1.03486 0.02021008 0.1462426 0.02021008 1.035021 0.03305715 0.1460816 0.03305715 1.03486 0.01550775 0.1464986 0.002660691 1.034604 0.002660691 0.1464986 0.002660691 1.03486 0.01550775 0.1462426 0.01550775 0.1468322 -0.01550775 1.034604 -0.002660691 0.1464986 -0.002660691 1.034604 -0.002660691 0.1468322 -0.01550775 1.03427 -0.01550775 0.1472208 -0.03305715 1.03427 -0.02021008 0.1468322 -0.02021008 1.03427 -0.02021008 0.1472208 -0.03305715 1.033882 -0.03305715 0.1476378 -0.04879152 1.033882 -0.03594446 0.1472208 -0.03594446 1.033882 -0.03594446 0.1476378 -0.04879152 1.033465 -0.04879152 -0.1480547 0.06163859 -1.033465 0.04879152 -0.1476378 0.04879152 -1.033465 0.04879152 -0.1480547 0.06163859 -1.033048 0.06163859 -1.045732 0.00817883 -1.034887 -0.004668176 -1.035276 0.00817883 -1.034887 -0.004668176 -1.045732 0.00817883 -1.04651 -0.004668176 -1.045064 0.02171742 -1.035276 0.00817883 -1.03561 0.02171742 -1.035276 0.00817883 -1.045064 0.02171742 -1.045732 0.00817883 -1.035866 0.03421378 -1.045064 0.02171742 -1.03561 0.02171742 -1.045064 0.02171742 -1.035866 0.03421378 -1.044552 0.03421378 -1.036027 0.04481625 -1.044552 0.03196918 -1.035866 0.03196918 -1.044552 0.03196918 -1.036027 0.04481625 -1.044229 0.04481625 -1.036082 0.05280238 -1.044229 0.03995531 -1.036027 0.03995531 -1.044229 0.03995531 -1.036082 0.05280238 -1.04412 0.05280238 -1.039198 0.1968504 -1.045621 0.04921257 -1.039198 0.04921257 -1.045621 0.04921257 -1.039198 0.1968504 -1.045621 0.1968504 -1.045621 0.1968504 -1.039198 0.1968504 -1.039198 0.2460629 -1.045621 0.1968504 -1.039198 0.2460629 -1.045621 0.2460629 -1.036027 0.2527942 -1.04412 0.239947 -1.036082 0.239947 -1.04412 0.239947 -1.036027 0.2527942 -1.044229 0.2527942 -1.036082 0.239947 -1.044229 0.2279828 -1.036027 0.2279828 -1.044229 0.2279828 -1.036082 0.239947 -1.04412 0.239947 -1.03561 0.2128911 -1.044552 0.200044 -1.035866 0.200044 -1.044552 0.200044 -1.03561 0.2128911 -1.045064 0.2128911 -1.035276 0.170882 -1.045064 0.1580349 -1.03561 0.1580349 -1.045064 0.1580349 -1.035276 0.170882 -1.045732 0.170882 -1.034887 0.1176652 -1.045732 0.1048182 -1.035276 0.1048182 -1.045732 0.1048182 -1.034887 0.1176652 -1.04651 0.1176652 -1.03447 0.05686759 -1.04651 0.04402053 -1.034887 0.04402053 -1.04651 0.04402053 -1.03447 0.05686759 -1.047345 0.05686759 1.034054 0.00736767 1.047345 0.02021473 1.03486 0.02021008 1.047345 0.02021473 1.034054 0.00736767 1.04818 0.00736767 1.033665 0.07066315 1.04818 0.08351022 1.034054 0.08351022 1.04818 0.08351022 1.033665 0.07066315 1.048958 0.07066315 1.033331 0.1287053 1.048958 0.1415523 1.033665 0.1415523 1.048958 0.1415523 1.033331 0.1287053 1.049626 0.1287053 1.050139 0.1775386 1.033331 0.1903857 1.033075 0.1775386 1.033331 0.1903857 1.050139 0.1775386 1.049626 0.1903857 1.050461 0.2138352 1.033075 0.2266823 1.032914 0.2138352 1.033075 0.2266823 1.050461 0.2138352 1.050139 0.2266823 1.050571 0.2351216 1.032914 0.2479687 1.032859 0.2351216 1.032914 0.2479687 1.050571 0.2351216 1.050461 0.2479687 1.050571 0.04921257 1.032859 0.2460629 1.032859 0.04921257 1.032859 0.2460629 1.050571 0.04921257 1.050571 0.2460629 1.050461 0.04478073 1.032859 0.05762779 1.032914 0.04478073 1.032859 0.05762779 1.050461 0.04478073 1.050571 0.05762779 1.050139 0.0461167 1.032914 0.05896377 1.033075 0.0461167 1.032914 0.05896377 1.050139 0.0461167 1.050461 0.05896377 1.050461 0.04478073 1.032859 0.05762779 1.032914 0.04478073 1.032859 0.05762779 1.050461 0.04478073 1.050571 0.05762779 1.048958 0.03819996 1.033331 0.05104702 1.033665 0.03819996 1.033331 0.05104702 1.048958 0.03819996 1.049626 0.05104702 1.04818 0.02948683 1.033665 0.0423339 1.034054 0.02948683 1.033665 0.0423339 1.04818 0.02948683 1.048958 0.0423339 1.047345 0.0183264 1.034054 0.03117346 1.03447 0.0183264 1.034054 0.03117346 1.047345 0.0183264 1.04818 0.03117346 -1.04651 -0.004668176 -1.03447 -0.0183264 -1.034887 -0.004668176 -1.03447 -0.0183264 -1.04651 -0.004668176 -1.047345 -0.0183264 -1.047234 -0.1179749 -1.036807 -0.130822 -1.037585 -0.1179749 -1.036807 -0.130822 -1.047234 -0.1179749 -1.048012 -0.130822 -1.046566 -0.08661317 -1.037585 -0.09946024 -1.038253 -0.08661317 -1.037585 -0.09946024 -1.046566 -0.08661317 -1.047234 -0.09946024 -1.038766 -0.04891121 -1.046566 -0.06175827 -1.038253 -0.06175827 -1.046566 -0.06175827 -1.038766 -0.04891121 -1.046053 -0.04891121 -1.039088 -0.007438242 -1.046053 -0.0202853 -1.038766 -0.0202853 -1.046053 -0.0202853 -1.039088 -0.007438242 -1.045731 -0.007438242 -1.039198 0.03497928 -1.045064 0.02171742 -1.039088 0.02213221 -1.045064 0.02171742 -1.039198 0.03497928 -1.045621 0.03497928 -1.022864 0.1968504 -1.029287 0.04921257 -1.022864 0.04921257 -1.029287 0.04921257 -1.022864 0.1968504 -1.029287 0.1968504 -1.029287 0.1968504 -1.022864 0.1968504 -1.022864 0.2460629 -1.029287 0.1968504 -1.022864 0.2460629 -1.029287 0.2460629 -1.039088 0.2706172 -1.045621 0.2577701 -1.039198 0.2577701 -1.045621 0.2577701 -1.039088 0.2706172 -1.045731 0.2706172 -1.038766 0.2930845 -1.045731 0.2802374 -1.039088 0.2802374 -1.045731 0.2802374 -1.038766 0.2930845 -1.046053 0.2930845 -1.038253 0.2960162 -1.046053 0.2831691 -1.038766 0.2831691 -1.046053 0.2831691 -1.038253 0.2960162 -1.046566 0.2960162 -1.037585 0.2792127 -1.046566 0.2663656 -1.038253 0.2663656 -1.046566 0.2663656 -1.037585 0.2792127 -1.047234 0.2792127 -1.036807 0.243819 -1.047234 0.2309719 -1.037585 0.2309719 -1.047234 0.2309719 -1.036807 0.243819 -1.048012 0.243819 -1.035972 0.1922473 -1.048012 0.1794002 -1.036807 0.1794002 -1.048012 0.1794002 -1.035972 0.1922473 -1.048847 0.1922473 1.035137 -0.128012 1.048847 -0.1151649 1.035972 -0.1151649 1.048847 -0.1151649 1.035137 -0.128012 1.049682 -0.128012 1.034359 -0.05549055 1.049682 -0.04264348 1.035137 -0.04264348 1.049682 -0.04264348 1.034359 -0.05549055 1.05046 -0.05549055 1.033691 0.02037459 1.05046 0.03322166 1.035021 0.03305715 1.05046 0.03322166 1.033691 0.02037459 1.051128 0.02037459 1.051128 0.1072607 1.033179 0.09441357 1.05164 0.09441357 1.033179 0.09441357 1.051128 0.1072607 1.033691 0.1072607 1.05164 0.1744278 1.032857 0.1615807 1.051962 0.1615807 1.032857 0.1615807 1.05164 0.1744278 1.033179 0.1744278 1.051962 0.2301456 1.032747 0.2172985 1.052072 0.2172985 1.032747 0.2172985 1.051962 0.2301456 1.032857 0.2301456 1.052072 0.2460629 1.032859 0.04921257 1.052072 0.04921257 1.032859 0.04921257 1.052072 0.2460629 1.032859 0.2460629 1.052072 0.07545089 1.032857 0.06260383 1.051962 0.06260383 1.032857 0.06260383 1.052072 0.07545089 1.032747 0.07545089 1.051962 0.1112183 1.033179 0.09837132 1.05164 0.09837132 1.033179 0.09837132 1.051962 0.1112183 1.032857 0.1112183 1.05164 0.1398442 1.033691 0.1269972 1.051128 0.1269972 1.033691 0.1269972 1.05164 0.1398442 1.033179 0.1398442 1.05046 0.1465306 1.033691 0.1593777 1.033882 0.1460543 1.033691 0.1593777 1.05046 0.1465306 1.051128 0.1593777 1.049682 0.1556406 1.034359 0.1684876 1.035137 0.1556406 1.034359 0.1684876 1.049682 0.1556406 1.05046 0.1684876 1.048847 0.1537061 1.035137 0.1665531 1.035972 0.1537061 1.035137 0.1665531 1.048847 0.1537061 1.049682 0.1665531 -1.048012 -0.140859 -1.035972 -0.1537061 -1.036807 -0.140859 -1.035972 -0.1537061 -1.048012 -0.140859 -1.048847 -0.1537061 -1.0309 -0.2432305 -1.020473 -0.2560775 -1.021251 -0.2432305 -1.020473 -0.2560775 -1.0309 -0.2432305 -1.031678 -0.2560775 -1.030232 -0.1941726 -1.021251 -0.2070196 -1.021919 -0.1941726 -1.021251 -0.2070196 -1.030232 -0.1941726 -1.0309 -0.2070196 -1.022431 -0.1314445 -1.030232 -0.1442915 -1.021919 -0.1442915 -1.030232 -0.1442915 -1.022431 -0.1314445 -1.029719 -0.1314445 -1.022754 -0.0593208 -1.029719 -0.07216787 -1.022431 -0.07216787 -1.029719 -0.07216787 -1.022754 -0.0593208 -1.029397 -0.0593208 -1.022864 0.01728314 -1.029397 0.004436075 -1.022754 0.004436075 -1.029397 0.004436075 -1.022864 0.01728314 -1.029287 0.01728314 -0.7956223 0.2460629 -0.7891988 0.1968504 -0.7891988 0.2460629 -0.7891988 0.1968504 -0.7956223 0.2460629 -0.7891988 0.04921257 -0.7891988 0.04921257 -0.7956223 0.2460629 -0.7956223 0.04921257 -0.7956223 0.04921257 -0.7956223 0.2460629 -0.7956223 0.1968504 -1.022754 0.2883134 -1.029287 0.2754663 -1.022864 0.2754663 -1.029287 0.2754663 -1.022754 0.2883134 -1.029397 0.2883134 -1.022431 0.344967 -1.029397 0.33212 -1.022754 0.33212 -1.029397 0.33212 -1.022431 0.344967 -1.029719 0.344967 -1.021919 0.3785494 -1.029719 0.3657023 -1.022431 0.3657023 -1.029719 0.3657023 -1.021919 0.3785494 -1.030232 0.3785494 -1.021251 0.3867721 -1.030232 0.373925 -1.021919 0.373925 -1.030232 0.373925 -1.021251 0.3867721 -1.0309 0.3867721 -1.020473 0.3690746 -1.0309 0.3562275 -1.021251 0.3562275 -1.0309 0.3562275 -1.020473 0.3690746 -1.031678 0.3690746 -1.019638 0.3266631 -1.031678 0.313816 -1.020473 0.313816 -1.031678 0.313816 -1.019638 0.3266631 -1.032513 0.3266631 1.018803 -0.2624278 1.032513 -0.2495807 1.019638 -0.2495807 1.032513 -0.2495807 1.018803 -0.2624278 1.033347 -0.2624278 1.018025 -0.1807461 1.033347 -0.1678991 1.018803 -0.1678991 1.033347 -0.1678991 1.018025 -0.1807461 1.034125 -0.1807461 1.017357 -0.08718472 1.034125 -0.07433766 1.018025 -0.07433766 1.034125 -0.07433766 1.017357 -0.08718472 1.034793 -0.08718472 1.034793 0.0247274 1.016845 0.01188033 1.035306 0.01188033 1.016845 0.01188033 1.034793 0.0247274 1.017357 0.0247274 -0.7001302 0.2460629 -0.6937068 0.1968504 -0.6937068 0.2460629 -0.6937068 0.1968504 -0.7001302 0.2460629 -0.6937068 0.04921257 -0.6937068 0.04921257 -0.7001302 0.2460629 -0.7001302 0.04921257 -0.7001302 0.04921257 -0.7001302 0.2460629 -0.7001302 0.1968504 -0.7957322 0.3519138 -0.7891988 0.3390668 -0.7890889 0.3519138 -0.7891988 0.3390668 -0.7957322 0.3519138 -0.7956223 0.3390668 -0.7960544 0.531434 -0.7890889 0.5185869 -0.7887666 0.531434 -0.7890889 0.5185869 -0.7960544 0.531434 -0.7957322 0.5185869 -0.788254 0.6751756 -0.7960544 0.6623286 -0.7887666 0.6623286 -0.7960544 0.6623286 -0.788254 0.6751756 -0.796567 0.6751756 -0.787586 0.7733429 -0.796567 0.7604958 -0.788254 0.7604958 -0.796567 0.7604958 -0.787586 0.7733429 -0.7972351 0.7733429 -0.786808 0.8192458 -0.7972351 0.8063988 -0.787586 0.8063988 -0.7972351 0.8063988 -0.786808 0.8192458 -0.798013 0.8192458 -0.7859732 0.8097563 -0.798013 0.7969093 -0.786808 0.7969093 -0.798013 0.7969093 -0.7859732 0.8097563 -0.7988479 0.8097563 0.7851384 -0.745521 0.7988479 -0.732674 0.7859732 -0.732674 0.7988479 -0.732674 0.7851384 -0.745521 0.7996827 -0.745521 0.7843604 -0.6309174 0.7996827 -0.6180703 0.7851384 -0.6180703 0.7996827 -0.6180703 0.7843604 -0.6309174 0.8004606 -0.6309174 0.7836924 -0.4737555 0.8004606 -0.4609085 0.7843604 -0.4609085 0.8004606 -0.4609085 0.7836924 -0.4737555 0.8011286 -0.4737555 0.7831798 -0.2847458 0.8011286 -0.2718988 0.7836924 -0.2718988 0.8011286 -0.2718988 0.7831798 -0.2847458 0.8016412 -0.2847458 0.8019635 -0.07676887 0.7831798 -0.0639218 0.7828575 -0.07676887 0.7831798 -0.0639218 0.8019635 -0.07676887 0.8016412 -0.0639218 0.8020734 0.136002 0.7828575 0.148849 0.7827476 0.136002 0.7828575 0.148849 0.8020734 0.136002 0.8019635 0.148849 0.8020734 0.04921257 0.7827476 0.2460629 0.7827476 0.04921257 0.7827476 0.2460629 0.8020734 0.04921257 0.8020734 0.2460629 0.7828575 0.1439004 0.8020734 0.1567475 0.7827476 0.1567475 0.8020734 0.1567475 0.7828575 0.1439004 0.8019635 0.1439004 0.7831798 0.3367209 0.8019635 0.349568 0.7828575 0.349568 0.8019635 0.349568 0.7831798 0.3367209 0.8016412 0.3367209 0.8011286 0.5061566 0.7831798 0.5190037 0.7836924 0.5061566 0.7831798 0.5190037 0.8011286 0.5061566 0.8016412 0.5190037 0.8004606 0.6406609 0.7836924 0.653508 0.7843604 0.6406609 0.7836924 0.653508 0.8004606 0.6406609 0.8011286 0.653508 0.7996827 0.7310674 0.7843604 0.7439145 0.7851384 0.7310674 0.7843604 0.7439145 0.7996827 0.7310674 0.8004606 0.7439145 0.7988479 0.7712152 0.7851384 0.7840622 0.7859732 0.7712152 0.7851384 0.7840622 0.7988479 0.7712152 0.7996827 0.7840622 -0.798013 -0.7583681 -0.7859732 -0.7712152 -0.786808 -0.7583681 -0.7859732 -0.7712152 -0.798013 -0.7583681 -0.7988479 -0.7712152 -0.701743 -0.7835869 -0.691316 -0.796434 -0.692094 -0.7835869 -0.691316 -0.796434 -0.701743 -0.7835869 -0.702521 -0.796434 -0.701075 -0.6581872 -0.692094 -0.6710343 -0.692762 -0.6581872 -0.692094 -0.6710343 -0.701075 -0.6581872 -0.701743 -0.6710343 -0.6932746 -0.4874954 -0.701075 -0.5003425 -0.692762 -0.5003425 -0.701075 -0.5003425 -0.6932746 -0.4874954 -0.7005624 -0.4874954 -0.6935968 -0.2831438 -0.7005624 -0.2959909 -0.6932746 -0.2959909 -0.7005624 -0.2959909 -0.6935968 -0.2831438 -0.7002401 -0.2831438 -0.6937068 -0.05905866 -0.7002401 -0.07190573 -0.6935968 -0.07190573 -0.7002401 -0.07190573 -0.6937068 -0.05905866 -0.7001302 -0.05905866 -0.2197397 0.2460629 -0.2117017 0.1968504 -0.2117017 0.2460629 -0.2117017 0.1968504 -0.2197397 0.2460629 -0.2197397 0.04921257 -0.2197397 0.04921257 -0.2197397 0.2460629 -0.2197397 0.1968504 -0.2197397 0.04921257 -0.2117017 0.04921257 -0.2117017 0.1968504 -0.7002401 0.3646552 -0.6937068 0.3518081 -0.6935968 0.3646552 -0.6937068 0.3518081 -0.7002401 0.3646552 -0.7001302 0.3518081 -0.7005624 0.56879 -0.6935968 0.5559429 -0.6932746 0.56879 -0.6935968 0.5559429 -0.7005624 0.56879 -0.7002401 0.5559429 -0.1201547 0.09619253 -0.1111737 0.08334547 -0.1118417 0.09619253 -0.1111737 0.08334547 -0.1201547 0.09619253 -0.1208228 0.08334547 -0.2197946 0.396546 -0.2117017 0.3836989 -0.2115918 0.396546 -0.2117017 0.3836989 -0.2197946 0.396546 -0.2197397 0.3836989 -0.2199556 0.662289 -0.2115918 0.6494419 -0.2112696 0.662289 -0.2115918 0.6494419 -0.2199556 0.662289 -0.2197946 0.6494419 -0.2202116 0.8833358 -0.2112696 0.8704887 -0.210757 0.8833358 -0.2112696 0.8704887 -0.2202116 0.8833358 -0.2199556 0.8704887 -0.2100889 1.044622 -0.2202116 1.031775 -0.210757 1.031775 -0.2202116 1.031775 -0.2100889 1.044622 -0.2205452 1.044622 -0.209311 1.135158 -0.2205452 1.12231 -0.2100889 1.12231 -0.2205452 1.12231 -0.209311 1.135158 -0.2209338 1.135158 -0.2084761 1.148771 -0.2209338 1.135158 -0.209311 1.135158 -0.2209338 1.135158 -0.2084761 1.148771 -0.2213508 1.148771 0.2076413 -1.084536 0.2213508 -1.071689 0.2084761 -1.071689 0.2213508 -1.071689 0.2076413 -1.084536 0.2217678 -1.084536 0.2068634 -0.9468291 0.2217678 -0.9339821 0.2076413 -0.9339821 0.2217678 -0.9339821 0.2068634 -0.9468291 0.2221563 -0.9468291 0.2061954 -0.7450351 0.2221563 -0.7321881 0.2068634 -0.7321881 0.2221563 -0.7321881 0.2061954 -0.7450351 0.22249 -0.7450351 0.222746 -0.492906 0.2061954 -0.4800589 0.2056828 -0.492906 0.2061954 -0.4800589 0.222746 -0.492906 0.22249 -0.4800589 0.222907 -0.2076238 0.2056828 -0.1947767 0.2053605 -0.2076238 0.2056828 -0.1947767 0.222907 -0.2076238 0.222746 -0.1947767 0.2229619 0.09136974 0.2053605 0.1042168 0.2052506 0.09136974 0.2053605 0.1042168 0.2229619 0.09136974 0.222907 0.1042168 0.2229619 0.04921257 0.2052506 0.2460629 0.2052506 0.04921257 0.2052506 0.2460629 0.2229619 0.04921257 0.2229619 0.2460629 0.2053605 0.1885326 0.2229619 0.2013797 0.2052506 0.2013797 0.2229619 0.2013797 0.2053605 0.1885326 0.222907 0.1885326 0.2056828 0.4675759 0.222907 0.4804229 0.2053605 0.4804229 0.222907 0.4804229 0.2056828 0.4675759 0.222746 0.4675759 0.2061954 0.7143168 0.222746 0.7271639 0.2056828 0.7271639 0.222746 0.7271639 0.2061954 0.7143168 0.22249 0.7143168 0.2221563 0.9119405 0.2061954 0.9247875 0.2068634 0.9119405 0.2061954 0.9247875 0.2221563 0.9119405 0.22249 0.9247875 0.2217678 1.046979 0.2068634 1.059826 0.2076413 1.046979 0.2068634 1.059826 0.2217678 1.046979 0.2221563 1.059826 0.2213508 1.11023 0.2076413 1.123077 0.2084761 1.11023 0.2076413 1.123077 0.2213508 1.11023 0.2217678 1.123077 -0.2209338 -1.097383 -0.2084761 -1.11023 -0.209311 -1.097383 -0.2084761 -1.11023 -0.2209338 -1.097383 -0.2213508 -1.11023 -0.2460629 -1.020473 -0.1480547 -1.03332 -0.1484433 -1.020473 -0.1480547 -1.03332 -0.2460629 -1.020473 -0.2460629 -1.03332 -0.2460629 -0.8744533 -0.148777 -0.8616062 -0.2460629 -0.8616062 -0.148777 -0.8616062 -0.2460629 -0.8744533 -0.1484433 -0.8744533 -0.149033 -0.6435843 -0.2460629 -0.6564314 -0.148777 -0.6564314 -0.2460629 -0.6564314 -0.149033 -0.6435843 -0.2460629 -0.6435843 -0.149194 -0.3812654 -0.2460629 -0.3941125 -0.149033 -0.3941125 -0.2460629 -0.3941125 -0.149194 -0.3812654 -0.2460629 -0.3812654 -0.1492488 -0.09252613 -0.2460629 -0.1053732 -0.149194 -0.1053732 -0.2460629 -0.1053732 -0.1492488 -0.09252613 -0.2460629 -0.09252613 -0.3496317 0.2460629 -0.3432081 0.1968504 -0.3432081 0.2460629 -0.3432081 0.1968504 -0.3496317 0.2460629 -0.3432081 0.04921257 -0.3432081 0.04921257 -0.3496317 0.2460629 -0.3496317 0.04921257 -0.3496317 0.04921257 -0.3496317 0.2460629 -0.3496317 0.1968504 -0.2460629 0.3981227 -0.1492488 0.3852756 -0.149194 0.3981227 -0.1492488 0.3852756 -0.2460629 0.3981227 -0.2460629 0.3852756 -0.2460629 0.6669116 -0.149194 0.6540645 -0.149033 0.6669116 -0.149194 0.6540645 -0.2460629 0.6669116 -0.2460629 0.6540645 -0.2460629 0.8906893 -0.149033 0.8778422 -0.148777 0.8906893 -0.149033 0.8778422 -0.2460629 0.8906893 -0.2460629 0.8778422 -0.1484433 1.054206 -0.2460629 1.041359 -0.148777 1.041359 -0.2460629 1.041359 -0.1484433 1.054206 -0.2460629 1.054206 -0.1484433 1.133471 -0.2460629 1.146318 -0.2460629 1.133471 -0.2460629 1.146318 -0.1484433 1.133471 -0.1480547 1.146318 -0.1476378 1.160748 -0.2460629 1.1479 -0.1480547 1.1479 -0.2460629 1.1479 -0.1476378 1.160748 -0.2460629 1.160748 0.1472208 -1.096512 0.2460629 -1.083665 0.1476378 -1.083665 0.2460629 -1.083665 0.1472208 -1.096512 0.2460629 -1.096512 0.1472208 -0.945142 0.2460629 -0.9579891 0.2460629 -0.945142 0.2460629 -0.9579891 0.1472208 -0.945142 0.1468322 -0.9579891 0.1468322 -0.7417713 0.2460629 -0.7546184 0.2460629 -0.7417713 0.2460629 -0.7546184 0.1468322 -0.7417713 0.1464986 -0.7546184 0.2460629 -0.5002595 0.1464986 -0.4874124 0.1462426 -0.5002595 0.1464986 -0.4874124 0.2460629 -0.5002595 0.2460629 -0.4874124 0.2460629 -0.2122464 0.1462426 -0.1993994 0.1460816 -0.2122464 0.1462426 -0.1993994 0.2460629 -0.2122464 0.2460629 -0.1993994 0.2460629 0.08979308 0.1460816 0.1026402 0.1460267 0.08979308 0.1460816 0.1026402 0.2460629 0.08979308 0.2460629 0.1026402 0.2460629 0.04921257 0.1457141 0.2452045 0.1457141 0.04921257 0.1457141 0.2452045 0.2460629 0.04921257 0.2460629 0.2460629 0.1452422 0.1899901 0.2460629 0.2029563 0.1460267 0.2029563 0.2460629 0.2029563 0.1452422 0.1899901 0.2460629 0.1901093 0.1462426 0.4721984 0.2460629 0.4850455 0.1460816 0.4850455 0.2460629 0.4850455 0.1462426 0.4721984 0.2460629 0.4721984 0.1464986 0.7216703 0.2460629 0.7345173 0.1462426 0.7345173 0.2460629 0.7345173 0.1464986 0.7216703 0.2460629 0.7216703 0.2460629 0.9343708 0.1468322 0.9215238 0.2460629 0.9215238 0.1468322 0.9215238 0.2460629 0.9343708 0.1464986 0.9343708 0.2460629 1.058139 0.1468322 1.070986 0.1472208 1.058139 0.1468322 1.070986 0.2460629 1.058139 0.2460629 1.070986 0.2460629 1.135053 0.1476378 1.122206 0.2460629 1.122206 0.1476378 1.122206 0.2460629 1.135053 0.1472208 1.135053 -0.2460629 -1.122206 -0.1480547 -1.109359 -0.2460629 -1.109359 -0.1480547 -1.109359 -0.2460629 -1.122206 -0.1476378 -1.122206 -1.119153 0.001676857 -1.144627 0.001676857 -1.13189 0 -1.144627 0.001676857 -1.119153 0.001676857 -1.107283 0.006593227 -1.144627 0.001676857 -1.107283 0.006593227 -1.156496 0.006593227 -1.156496 0.006593227 -1.107283 0.006593227 -1.097091 0.01441401 -1.156496 0.006593227 -1.097091 0.01441401 -1.166688 0.01441401 -1.166688 0.01441401 -1.097091 0.01441401 -1.08927 0.02460628 -1.166688 0.01441401 -1.08927 0.02460628 -1.174509 0.02460628 -1.174509 0.02460628 -1.08927 0.02460628 -1.084354 0.03647541 -1.174509 0.02460628 -1.084354 0.03647541 -1.179425 0.03647541 -1.179425 0.03647541 -1.084354 0.03647541 -1.082677 0.04921257 -1.179425 0.03647541 -1.082677 0.04921257 -1.181102 0.04921257 -1.181102 0.04921257 -1.082677 0.04921257 -1.082677 0.1968504 -1.181102 0.04921257 -1.082677 0.1968504 -1.181102 0.2460629 -1.181102 0.2460629 -1.082677 0.1968504 -1.082677 0.2460629 -1.181102 0.2460629 -1.082677 0.2460629 -1.084354 0.2588002 -1.181102 0.2460629 -1.084354 0.2588002 -1.179425 0.2588002 -1.179425 0.2588002 -1.084354 0.2588002 -1.174509 0.2706693 -1.174509 0.2706693 -1.084354 0.2588002 -1.08927 0.2706693 -1.174509 0.2706693 -1.08927 0.2706693 -1.097091 0.2808616 -1.174509 0.2706693 -1.097091 0.2808616 -1.166688 0.2808616 -1.166688 0.2808616 -1.097091 0.2808616 -1.156496 0.2886824 -1.156496 0.2886824 -1.097091 0.2808616 -1.107283 0.2886824 -1.156496 0.2886824 -1.107283 0.2886824 -1.119153 0.2935987 -1.156496 0.2886824 -1.119153 0.2935987 -1.144627 0.2935987 -1.144627 0.2935987 -1.119153 0.2935987 -1.13189 0.2952756 0.04394489 0.04921257 0.03752142 0.1968504 0.03752142 0.04921257 0.03752142 0.1968504 0.04394489 0.04921257 0.03752142 0.2460629 0.03752142 0.2460629 0.04394489 0.04921257 0.04394489 0.2460629 0.04394489 0.2460629 0.04394489 0.04921257 0.04394489 0.1968504 -0.2460629 0.2460629 -0.1492488 0.1968504 -0.1492488 0.2460629 -0.1492488 0.1968504 -0.2460629 0.04921257 -0.1492488 0.04921257 -0.2460629 0.04921257 -0.1492488 0.1968504 -0.2460629 0.2460629 -0.2460629 0.04921257 -0.2460629 0.2460629 -0.2460629 0.1968504 -0.2117017 -0.09094947 -0.2197946 -0.1037965 -0.2115918 -0.1037965 -0.2197946 -0.1037965 -0.2117017 -0.09094947 -0.2197397 -0.09094947 -0.2115918 -0.3766428 -0.2199556 -0.3894899 -0.2112696 -0.3894899 -0.2199556 -0.3894899 -0.2115918 -0.3766428 -0.2197946 -0.3766428 -0.2112696 -0.6362308 -0.2202116 -0.6490779 -0.210757 -0.6490779 -0.2202116 -0.6490779 -0.2112696 -0.6362308 -0.2199556 -0.6362308 -0.2202116 -0.852023 -0.2100889 -0.8648701 -0.210757 -0.852023 -0.2100889 -0.8648701 -0.2202116 -0.852023 -0.2205452 -0.8648701 -0.2205452 -1.009313 -0.209311 -1.022161 -0.2100889 -1.009313 -0.209311 -1.022161 -0.2205452 -1.009313 -0.2209338 -1.022161 -0.3520224 -1.060906 -0.3399826 -1.073753 -0.3408174 -1.060906 -0.3399826 -1.073753 -0.3520224 -1.060906 -0.3528572 -1.073753 0.3528572 1.073753 0.3391478 1.0866 0.3399826 1.073753 0.3391478 1.0866 0.3528572 1.073753 0.3536921 1.0866 0.3536921 1.012988 0.3383698 1.025835 0.3391478 1.012988 0.3383698 1.025835 0.3536921 1.012988 0.35447 1.025835 0.35447 0.8827517 0.3377017 0.8955987 0.3383698 0.8827517 0.3377017 0.8955987 0.35447 0.8827517 0.355138 0.8955987 0.3377017 0.6919194 0.3556506 0.7047665 0.3371891 0.7047665 0.3556506 0.7047665 0.3377017 0.6919194 0.355138 0.6919194 0.3371891 0.4534962 0.3559729 0.4663433 0.3368669 0.4663433 0.3559729 0.4663433 0.3371891 0.4534962 0.3556506 0.4534962 0.3368669 0.1837303 0.3560828 0.1965774 0.336757 0.1965774 0.3560828 0.1965774 0.3368669 0.1837303 0.3559729 0.1837303 0.3560828 0.04921257 0.336757 0.2460629 0.336757 0.04921257 0.336757 0.2460629 0.3560828 0.04921257 0.3560828 0.2460629 0.3560828 0.09617203 0.3368669 0.1090191 0.336757 0.09617203 0.3368669 0.1090191 0.3560828 0.09617203 0.3559729 0.1090191 0.3559729 -0.1935442 0.3371891 -0.1806972 0.3368669 -0.1935442 0.3371891 -0.1806972 0.3559729 -0.1935442 0.3556506 -0.1806972 0.3556506 -0.4705086 0.3377017 -0.4576615 0.3371891 -0.4705086 0.3377017 -0.4576615 0.3556506 -0.4705086 0.355138 -0.4576615 0.3377017 -0.7158463 0.35447 -0.7029992 0.3383698 -0.7029992 0.35447 -0.7029992 0.3377017 -0.7158463 0.355138 -0.7158463 0.3383698 -0.9128381 0.3536921 -0.899991 0.3391478 -0.899991 0.3536921 -0.899991 0.3383698 -0.9128381 0.35447 -0.9128381 0.3391478 -1.048059 0.3528572 -1.035212 0.3399826 -1.035212 0.3528572 -1.035212 0.3391478 -1.048059 0.3536921 -1.048059 -0.3399826 1.112294 -0.3520224 1.099447 -0.3408174 1.099447 -0.3520224 1.099447 -0.3399826 1.112294 -0.3528572 1.112294 -0.3408174 1.101166 -0.3512445 1.088319 -0.3415954 1.088319 -0.3512445 1.088319 -0.3408174 1.101166 -0.3520224 1.101166 -0.3415954 1.015434 -0.3505764 1.002586 -0.3422634 1.002586 -0.3505764 1.002586 -0.3415954 1.015434 -0.3512445 1.015434 -0.3505764 0.8609384 -0.342776 0.8480913 -0.3422634 0.8609384 -0.342776 0.8480913 -0.3505764 0.8609384 -0.3500638 0.8480913 -0.3500638 0.6482094 -0.3430982 0.6353623 -0.342776 0.6482094 -0.3430982 0.6353623 -0.3500638 0.6482094 -0.3497416 0.6353623 -0.3497416 0.3917437 -0.3432081 0.3788967 -0.3430982 0.3917437 -0.3432081 0.3788967 -0.3497416 0.3917437 -0.3496317 0.3788967 -0.4752107 0.2460629 -0.4687872 0.1968504 -0.4687872 0.2460629 -0.4687872 0.1968504 -0.4752107 0.2460629 -0.4687872 0.04921257 -0.4687872 0.04921257 -0.4752107 0.2460629 -0.4752107 0.04921257 -0.4752107 0.04921257 -0.4752107 0.2460629 -0.4752107 0.1968504 -0.3432081 -0.08614718 -0.3497416 -0.09899425 -0.3430982 -0.09899425 -0.3497416 -0.09899425 -0.3432081 -0.08614718 -0.3496317 -0.08614718 -0.3430982 -0.3625632 -0.3500638 -0.3754103 -0.342776 -0.3754103 -0.3500638 -0.3754103 -0.3430982 -0.3625632 -0.3497416 -0.3625632 -0.342776 -0.6138334 -0.3505764 -0.6266805 -0.3422634 -0.6266805 -0.3505764 -0.6266805 -0.342776 -0.6138334 -0.3500638 -0.6138334 -0.3505764 -0.8228341 -0.3415954 -0.8356812 -0.3422634 -0.8228341 -0.3415954 -0.8356812 -0.3505764 -0.8228341 -0.3512445 -0.8356812 -0.3512445 -0.9753223 -0.3408174 -0.9881694 -0.3415954 -0.9753223 -0.3408174 -0.9881694 -0.3512445 -0.9753223 -0.3520224 -0.9881694 -0.4776014 -1.007723 -0.4655616 -1.02057 -0.4663965 -1.007723 -0.4655616 -1.02057 -0.4776014 -1.007723 -0.4784363 -1.02057 0.4784363 1.02057 0.4647268 1.033417 0.4655616 1.02057 0.4647268 1.033417 0.4784363 1.02057 0.4792711 1.033417 0.4792711 0.9634293 0.4639489 0.9762763 0.4647268 0.9634293 0.4639489 0.9762763 0.4792711 0.9634293 0.4800491 0.9762763 0.4800491 0.8401945 0.4632808 0.8530416 0.4639489 0.8401945 0.4632808 0.8530416 0.4800491 0.8401945 0.4807171 0.8530416 0.4632808 0.6592642 0.4812297 0.6721113 0.4627682 0.6721113 0.4812297 0.6721113 0.4632808 0.6592642 0.4807171 0.6592642 0.4627682 0.4329683 0.481552 0.4458154 0.462446 0.4458154 0.481552 0.4458154 0.4627682 0.4329683 0.4812297 0.4329683 0.462446 0.1767286 0.4816619 0.1895757 0.4623361 0.1895757 0.4816619 0.1895757 0.462446 0.1767286 0.481552 0.1767286 0.4816619 0.04921257 0.4623361 0.2460629 0.4623361 0.04921257 0.4623361 0.2460629 0.4816619 0.04921257 0.4816619 0.2460629 0.4816619 0.1031737 0.462446 0.1160208 0.4623361 0.1031737 0.462446 0.1160208 0.4816619 0.1031737 0.481552 0.1160208 0.481552 -0.1730163 0.4627682 -0.1601693 0.462446 -0.1730163 0.4627682 -0.1601693 0.481552 -0.1730163 0.4812297 -0.1601693 0.4812297 -0.4378534 0.4632808 -0.4250063 0.4627682 -0.4378534 0.4632808 -0.4250063 0.4812297 -0.4378534 0.4807171 -0.4250063 0.4632808 -0.6732892 0.4800491 -0.6604422 0.4639489 -0.6604422 0.4800491 -0.6604422 0.4632808 -0.6732892 0.4807171 -0.6732892 0.4639489 -0.8632793 0.4792711 -0.8504322 0.4647268 -0.8504322 0.4792711 -0.8504322 0.4639489 -0.8632793 0.4800491 -0.8632793 0.4647268 -0.994876 0.4784363 -0.9820289 0.4655616 -0.9820289 0.4784363 -0.9820289 0.4647268 -0.994876 0.4792711 -0.994876 -0.4655616 1.059111 -0.4776014 1.046264 -0.4663965 1.046264 -0.4776014 1.046264 -0.4655616 1.059111 -0.4784363 1.059111 -0.4663965 1.051608 -0.4768235 1.038761 -0.4671744 1.038761 -0.4768235 1.038761 -0.4663965 1.051608 -0.4776014 1.051608 -0.4671744 0.9728766 -0.4761555 0.9600295 -0.4678425 0.9600295 -0.4761555 0.9600295 -0.4671744 0.9728766 -0.4768235 0.9728766 -0.4761555 0.8282832 -0.4683551 0.8154361 -0.4678425 0.8282832 -0.4683551 0.8154361 -0.4761555 0.8282832 -0.4756429 0.8154361 -0.4756429 0.6276814 -0.4686773 0.6148344 -0.4683551 0.6276814 -0.4686773 0.6148344 -0.4756429 0.6276814 -0.4753206 0.6148344 -0.4753206 0.384742 -0.4687872 0.371895 -0.4686773 0.384742 -0.4687872 0.371895 -0.4753206 0.384742 -0.4752107 0.371895 -0.5927138 0.2460629 -0.5862902 0.1968504 -0.5862902 0.2460629 -0.5862902 0.1968504 -0.5927138 0.2460629 -0.5862902 0.04921257 -0.5862902 0.04921257 -0.5927138 0.2460629 -0.5927138 0.04921257 -0.5927138 0.04921257 -0.5927138 0.2460629 -0.5927138 0.1968504 -0.4687872 -0.07914549 -0.4753206 -0.09199255 -0.4686773 -0.09199255 -0.4753206 -0.09199255 -0.4687872 -0.07914549 -0.4752107 -0.07914549 -0.4686773 -0.3420353 -0.4756429 -0.3548824 -0.4683551 -0.3548824 -0.4756429 -0.3548824 -0.4686773 -0.3420353 -0.4753206 -0.3420353 -0.4683551 -0.5811783 -0.4761555 -0.5940253 -0.4678425 -0.5940253 -0.4761555 -0.5940253 -0.4683551 -0.5811783 -0.4756429 -0.5811783 -0.4761555 -0.7802771 -0.4671744 -0.7931241 -0.4678425 -0.7802771 -0.4671744 -0.7931241 -0.4761555 -0.7802771 -0.4768235 -0.7931241 -0.4768235 -0.9257636 -0.4663965 -0.9386107 -0.4671744 -0.9257636 -0.4663965 -0.9386107 -0.4768235 -0.9257636 -0.4776014 -0.9386107 -0.5951045 -0.9387438 -0.5830647 -0.9515909 -0.5838995 -0.9387438 -0.5830647 -0.9515909 -0.5951045 -0.9387438 -0.5959393 -0.9515909 0.5959393 0.9515909 0.5822299 0.964438 0.5830647 0.9515909 0.5822299 0.964438 0.5959393 0.9515909 0.5967742 0.964438 0.5967742 0.8991509 0.5814519 0.9119979 0.5822299 0.8991509 0.5814519 0.9119979 0.5967742 0.8991509 0.5975521 0.9119979 0.5975521 0.7849974 0.5807839 0.7978445 0.5814519 0.7849974 0.5807839 0.7978445 0.5975521 0.7849974 0.5982201 0.7978445 0.5807839 0.61691 0.5987328 0.6297571 0.5802713 0.6297571 0.5987328 0.6297571 0.5807839 0.61691 0.5982201 0.61691 0.5802713 0.4063434 0.599055 0.4191904 0.579949 0.4191904 0.599055 0.4191904 0.5802713 0.4063434 0.5987328 0.4063434 0.579949 0.1676473 0.5991649 0.1804944 0.5798391 0.1804944 0.5991649 0.1804944 0.579949 0.1676473 0.599055 0.1676473 0.5991649 0.04921257 0.5798391 0.2460629 0.5798391 0.04921257 0.5798391 0.2460629 0.5991649 0.04921257 0.5991649 0.2460629 0.5991649 0.112255 0.579949 0.1251021 0.5798391 0.112255 0.579949 0.1251021 0.5991649 0.112255 0.599055 0.1251021 0.599055 -0.1463913 0.5802713 -0.1335443 0.579949 -0.1463913 0.5802713 -0.1335443 0.599055 -0.1463913 0.5987328 -0.1335443 0.5987328 -0.3954991 0.5807839 -0.3826521 0.5802713 -0.3954991 0.5807839 -0.3826521 0.5987328 -0.3954991 0.5982201 -0.3826521 0.5807839 -0.6180921 0.5975521 -0.6052451 0.5814519 -0.6052451 0.5975521 -0.6052451 0.5807839 -0.6180921 0.5982201 -0.6180921 0.5814519 -0.7990009 0.5967742 -0.7861538 0.5822299 -0.7861538 0.5967742 -0.7861538 0.5814519 -0.7990009 0.5975521 -0.7990009 0.5822299 -0.9258968 0.5959393 -0.9130497 0.5830647 -0.9130497 0.5959393 -0.9130497 0.5822299 -0.9258968 0.5967742 -0.9258968 -0.5830647 0.9901321 -0.5951045 0.977285 -0.5838995 0.977285 -0.5951045 0.977285 -0.5830647 0.9901321 -0.5959393 0.9901321 -0.5838995 0.9873293 -0.5943266 0.9744822 -0.5846775 0.9744822 -0.5943266 0.9744822 -0.5838995 0.9873293 -0.5951045 0.9873293 -0.5846775 0.9176794 -0.5936585 0.9048324 -0.5853455 0.9048324 -0.5936585 0.9048324 -0.5846775 0.9176794 -0.5943266 0.9176794 -0.5936585 0.785929 -0.5858581 0.7730819 -0.5853455 0.785929 -0.5858581 0.7730819 -0.5936585 0.785929 -0.5931459 0.7730819 -0.5931459 0.6010565 -0.5861803 0.5882094 -0.5858581 0.6010565 -0.5861803 0.5882094 -0.5931459 0.6010565 -0.5928237 0.5882094 -0.5928237 0.3756607 -0.5862902 0.3628137 -0.5861803 0.3756607 -0.5862902 0.3628137 -0.5928237 0.3756607 -0.5927138 0.3628137 -0.8711324 0.1968504 -0.8775559 0.04921257 -0.8711324 0.04921257 -0.8775559 0.04921257 -0.8711324 0.1968504 -0.8775559 0.1968504 -0.8775559 0.1968504 -0.8711324 0.1968504 -0.8711324 0.2460629 -0.8775559 0.1968504 -0.8711324 0.2460629 -0.8775559 0.2460629 -0.5862902 -0.07006418 -0.5928237 -0.08291125 -0.5861803 -0.08291125 -0.5928237 -0.08291125 -0.5862902 -0.07006418 -0.5927138 -0.07006418 -0.5861803 -0.3154103 -0.5931459 -0.3282574 -0.5858581 -0.3282574 -0.5931459 -0.3282574 -0.5861803 -0.3154103 -0.5928237 -0.3154103 -0.5858581 -0.538824 -0.5936585 -0.5516711 -0.5853455 -0.5516711 -0.5936585 -0.5516711 -0.5858581 -0.538824 -0.5931459 -0.538824 -0.5936585 -0.72508 -0.5846775 -0.737927 -0.5853455 -0.72508 -0.5846775 -0.737927 -0.5936585 -0.72508 -0.5943266 -0.737927 -0.5943266 -0.8614852 -0.5838995 -0.8743323 -0.5846775 -0.8614852 -0.5838995 -0.8743323 -0.5943266 -0.8614852 -0.5951045 -0.8743323 -0.702521 -0.8551487 -0.6904812 -0.8679958 -0.691316 -0.8551487 -0.6904812 -0.8679958 -0.702521 -0.8551487 -0.7033558 -0.8679958 0.7033558 0.8679958 0.6896464 0.8808429 0.6904812 0.8679958 0.6896464 0.8808429 0.7033558 0.8679958 0.7041907 0.8808429 0.7041907 0.8212526 0.6888684 0.8340997 0.6896464 0.8212526 0.6888684 0.8340997 0.7041907 0.8212526 0.7049686 0.8340997 0.7049686 0.7181047 0.6882004 0.7309517 0.6888684 0.7181047 0.6882004 0.7309517 0.7049686 0.7181047 0.7056366 0.7309517 0.6882004 0.5655814 0.7061492 0.5784285 0.6876878 0.5784285 0.7061492 0.5784285 0.6882004 0.5655814 0.7056366 0.5655814 0.6876878 0.3740769 0.7064715 0.3869239 0.6873655 0.3869239 0.7064715 0.3869239 0.6876878 0.3740769 0.7061492 0.3740769 0.6873655 0.1566419 0.7065814 0.1694889 0.6872556 0.1694889 0.7065814 0.1694889 0.6873655 0.1566419 0.7064715 0.1566419 0.7065814 0.04921257 0.6872556 0.2460629 0.6872556 0.04921257 0.6872556 0.2460629 0.7065814 0.04921257 0.7065814 0.2460629 0.7065814 0.1232605 0.6873655 0.1361076 0.6872556 0.1232605 0.6873655 0.1361076 0.7065814 0.1232605 0.7064715 0.1361076 0.7064715 -0.1141248 0.6876878 -0.1012777 0.6873655 -0.1141248 0.6876878 -0.1012777 0.7064715 -0.1141248 0.7061492 -0.1012777 0.7061492 -0.3441705 0.6882004 -0.3313235 0.6876878 -0.3441705 0.6882004 -0.3313235 0.7061492 -0.3441705 0.7056366 -0.3313235 0.6882004 -0.5511994 0.7049686 -0.5383523 0.6888684 -0.5383523 0.7049686 -0.5383523 0.6882004 -0.5511994 0.7056366 -0.5511994 0.6888684 -0.7211026 0.7041907 -0.7082555 0.6896464 -0.7082555 0.7041907 -0.7082555 0.6888684 -0.7211026 0.7049686 -0.7211026 0.6896464 -0.8423017 0.7033558 -0.8294546 0.6904812 -0.8294546 0.7033558 -0.8294546 0.6896464 -0.8423017 0.7041907 -0.8423017 -0.6904812 0.906537 -0.702521 0.8936899 -0.691316 0.8936899 -0.702521 0.8936899 -0.6904812 0.906537 -0.7033558 0.906537 -0.691316 0.909431 -0.701743 0.896584 -0.692094 0.896584 -0.701743 0.896584 -0.691316 0.909431 -0.702521 0.909431 -0.692094 0.8507867 -0.701075 0.8379396 -0.692762 0.8379396 -0.701075 0.8379396 -0.692094 0.8507867 -0.701743 0.8507867 -0.701075 0.7346004 -0.6932746 0.7217533 -0.692762 0.7346004 -0.6932746 0.7217533 -0.701075 0.7346004 -0.7005624 0.7217533 -0.8687417 0.7183167 -0.8791687 0.7054697 -0.8695197 0.7054697 -0.8791687 0.7054697 -0.8687417 0.7183167 -0.8799467 0.7183167 -0.8695197 0.6866731 -0.8785006 0.673826 -0.8701876 0.673826 -0.8785006 0.673826 -0.8695197 0.6866731 -0.8791687 0.6866731 -0.8701876 0.6086716 -0.8779881 0.5958245 -0.8707002 0.5958245 -0.8779881 0.5958245 -0.8701876 0.6086716 -0.8785006 0.6086716 -0.8707002 0.4896278 -0.8776658 0.4767807 -0.8710225 0.4767807 -0.8776658 0.4767807 -0.8707002 0.4896278 -0.8779881 0.4896278 -0.8710225 0.3376545 -0.8775559 0.3248074 -0.8711324 0.3248074 -0.8775559 0.3248074 -0.8710225 0.3376545 -0.8776658 0.3376545 -0.9381058 0.1968504 -0.9445293 0.04921257 -0.9381058 0.04921257 -0.9445293 0.04921257 -0.9381058 0.1968504 -0.9445293 0.1968504 -0.9445293 0.1968504 -0.9381058 0.1968504 -0.9381058 0.2460629 -0.9445293 0.1968504 -0.9381058 0.2460629 -0.9445293 0.2460629 -0.8711324 -0.03205794 -0.8776658 -0.044905 -0.8710225 -0.044905 -0.8776658 -0.044905 -0.8711324 -0.03205794 -0.8775559 -0.03205794 -0.8710225 -0.2039816 -0.8779881 -0.2168287 -0.8707002 -0.2168287 -0.8779881 -0.2168287 -0.8710225 -0.2039816 -0.8776658 -0.2039816 -0.8779881 -0.3615666 -0.8701876 -0.3744137 -0.8707002 -0.3615666 -0.8701876 -0.3744137 -0.8779881 -0.3615666 -0.8785006 -0.3744137 -0.8785006 -0.4940736 -0.8695197 -0.5069207 -0.8701876 -0.4940736 -0.8695197 -0.5069207 -0.8785006 -0.4940736 -0.8791687 -0.5069207 -0.8791687 -0.5924726 -0.8687417 -0.6053197 -0.8695197 -0.5924726 -0.8687417 -0.6053197 -0.8791687 -0.5924726 -0.8799467 -0.6053197 -0.94692 -0.5320711 -0.9348803 -0.5449182 -0.9357151 -0.5320711 -0.9348803 -0.5449182 -0.94692 -0.5320711 -0.9477549 -0.5449182 0.9477549 0.5449182 0.9340454 0.5577653 0.9348803 0.5449182 0.9340454 0.5577653 0.9477549 0.5449182 0.9485897 0.5577653 0.9485897 0.5201922 0.9332675 0.5330393 0.9340454 0.5201922 0.9332675 0.5330393 0.9485897 0.5201922 0.9493677 0.5330393 0.9493677 0.4595783 0.9325994 0.4724254 0.9332675 0.4595783 0.9325994 0.4724254 0.9493677 0.4595783 0.9500357 0.4724254 0.9505483 0.3800541 0.9325994 0.3672071 0.9500357 0.3672071 0.9325994 0.3672071 0.9505483 0.3800541 0.9320868 0.3800541 0.9508705 0.2622206 0.9320868 0.2493735 0.9505483 0.2493735 0.9320868 0.2493735 0.9508705 0.2622206 0.9317646 0.2622206 0.9509804 0.1269549 0.9317646 0.1141079 0.9508705 0.1141079 0.9317646 0.1141079 0.9509804 0.1269549 0.9316547 0.1269549 0.9509804 0.2460629 0.9316547 0.04921257 0.9509804 0.04921257 0.9316547 0.04921257 0.9509804 0.2460629 0.9316547 0.2460629 0.9508705 0.1786416 0.9316547 0.1657945 0.9509804 0.1657945 0.9316547 0.1657945 0.9508705 0.1786416 0.9317646 0.1786416 0.9505483 0.02342551 0.9317646 0.01057845 0.9508705 0.01057845 0.9317646 0.01057845 0.9505483 0.02342551 0.9320868 0.02342551 0.9500357 -0.1329492 0.9320868 -0.1457962 0.9505483 -0.1457962 0.9320868 -0.1457962 0.9500357 -0.1329492 0.9325994 -0.1329492 0.9325994 -0.2926729 0.9493677 -0.2798259 0.9332675 -0.2798259 0.9493677 -0.2798259 0.9325994 -0.2926729 0.9500357 -0.2926729 0.9332675 -0.4200422 0.9485897 -0.4071952 0.9340454 -0.4071952 0.9485897 -0.4071952 0.9332675 -0.4200422 0.9493677 -0.4200422 0.9340454 -0.5192241 0.9477549 -0.506377 0.9348803 -0.506377 0.9477549 -0.506377 0.9340454 -0.5192241 0.9485897 -0.5192241 -0.9348803 0.5834594 -0.94692 0.5706123 -0.9357151 0.5706123 -0.94692 0.5706123 -0.9348803 0.5834594 -0.9477549 0.5834594 -0.9357151 0.6083707 -0.9461421 0.5955236 -0.936493 0.5955236 -0.9461421 0.5955236 -0.9357151 0.6083707 -0.94692 0.6083707 -0.936493 0.5922603 -0.945474 0.5794132 -0.937161 0.5794132 -0.945474 0.5794132 -0.936493 0.5922603 -0.9461421 0.5922603 -0.937161 0.536226 -0.9449614 0.523379 -0.9376736 0.523379 -0.9449614 0.523379 -0.937161 0.536226 -0.945474 0.536226 -0.9376736 0.4440867 -0.9446392 0.4312396 -0.9379959 0.4312396 -0.9446392 0.4312396 -0.9376736 0.4440867 -0.9449614 0.4440867 -0.9379959 0.3221213 -0.9445293 0.3092742 -0.9381058 0.3092742 -0.9445293 0.3092742 -0.9379959 0.3221213 -0.9446392 0.3221213 -0.988973 0.1968504 -0.9953965 0.04921257 -0.988973 0.04921257 -0.9953965 0.04921257 -0.988973 0.1968504 -0.9953965 0.1968504 -0.9953965 0.1968504 -0.988973 0.1968504 -0.988973 0.2460629 -0.9953965 0.1968504 -0.988973 0.2460629 -0.9953965 0.2460629 -0.9381058 -0.01652473 -0.9446392 -0.02937179 -0.9379959 -0.02937179 -0.9446392 -0.02937179 -0.9381058 -0.01652473 -0.9445293 -0.01652473 -0.9379959 -0.1584405 -0.9449614 -0.1712875 -0.9376736 -0.1712875 -0.9449614 -0.1712875 -0.9379959 -0.1584405 -0.9446392 -0.1584405 -0.9376736 -0.2891211 -0.945474 -0.3019682 -0.937161 -0.3019682 -0.945474 -0.3019682 -0.9376736 -0.2891211 -0.9449614 -0.2891211 -0.945474 -0.3996608 -0.936493 -0.4125079 -0.937161 -0.3996608 -0.936493 -0.4125079 -0.945474 -0.3996608 -0.9461421 -0.4125079 -0.9461421 -0.4825266 -0.9357151 -0.4953736 -0.936493 -0.4825266 -0.9357151 -0.4953736 -0.9461421 -0.4825266 -0.94692 -0.4953736 -0.9977872 -0.4064269 -0.9857474 -0.4192739 -0.9865822 -0.4064269 -0.9857474 -0.4192739 -0.9977872 -0.4064269 -0.9986221 -0.4192739 0.9986221 0.4192739 0.9849126 0.432121 0.9857474 0.4192739 0.9849126 0.432121 0.9986221 0.4192739 0.9994569 0.432121 0.9994569 0.4031104 0.9841346 0.4159575 0.9849126 0.4031104 0.9841346 0.4159575 0.9994569 0.4031104 1.000235 0.4159575 1.000235 0.3590378 0.9834666 0.3718849 0.9841346 0.3590378 0.9834666 0.3718849 1.000235 0.3590378 1.000903 0.3718849 1.001415 0.3029068 0.9834666 0.2900597 1.000903 0.2900597 0.9834666 0.2900597 1.001415 0.3029068 0.982954 0.3029068 1.001738 0.2137237 0.982954 0.2008767 1.001415 0.2008767 0.982954 0.2008767 1.001738 0.2137237 0.9826318 0.2137237 1.001848 0.1104136 0.9826318 0.09756648 1.001738 0.09756648 0.9826318 0.09756648 1.001848 0.1104136 0.9825218 0.1104136 1.001848 0.2460629 0.9825218 0.04921257 1.001848 0.04921257 0.9825218 0.04921257 1.001848 0.2460629 0.9825218 0.2460629 1.001738 0.1951829 0.9825218 0.1823359 1.001848 0.1823359 0.9825218 0.1823359 1.001738 0.1951829 0.9826318 0.1951829 1.001415 0.07192236 0.9826318 0.05907529 1.001738 0.05907529 0.9826318 0.05907529 1.001415 0.07192236 0.982954 0.07192236 1.000903 -0.0558018 0.982954 -0.06864887 1.001415 -0.06864887 0.982954 -0.06864887 1.000903 -0.0558018 0.9834666 -0.0558018 0.9834666 -0.1921325 1.000235 -0.1792854 0.9841346 -0.1792854 1.000235 -0.1792854 0.9834666 -0.1921325 1.000903 -0.1921325 0.9841346 -0.3029604 0.9994569 -0.2901133 0.9849126 -0.2901133 0.9994569 -0.2901133 0.9841346 -0.3029604 1.000235 -0.3029604 0.9849126 -0.3935798 0.9986221 -0.3807327 0.9857474 -0.3807327 0.9986221 -0.3807327 0.9849126 -0.3935798 0.9994569 -0.3935798 -0.9857474 0.4578151 -0.9977872 0.4449681 -0.9865822 0.4449681 -0.9977872 0.4449681 -0.9857474 0.4578151 -0.9986221 0.4578151 -0.9865822 0.4912889 -0.9970093 0.4784418 -0.9873602 0.4784418 -0.9970093 0.4784418 -0.9865822 0.4912889 -0.9977872 0.4912889 -0.9865822 0.4912889 -0.9970093 0.4784418 -0.9873602 0.4784418 -0.9970093 0.4784418 -0.9865822 0.4912889 -0.9977872 0.4912889 -0.9880282 0.4590787 -0.9958286 0.4462316 -0.9885408 0.4462316 -0.9958286 0.4462316 -0.9880282 0.4590787 -0.9963412 0.4590787 -0.9885408 0.3955898 -0.9955064 0.3827427 -0.9888631 0.3827427 -0.9955064 0.3827427 -0.9885408 0.3955898 -0.9958286 0.3955898 -0.9888631 0.3055799 -0.9953965 0.2927328 -0.988973 0.2927328 -0.9953965 0.2927328 -0.9888631 0.3055799 -0.9955064 0.3055799 0.07032549 0.04921257 0.06390202 0.1968504 0.06390202 0.04921257 0.06390202 0.1968504 0.07032549 0.04921257 0.06390202 0.2460629 0.06390202 0.2460629 0.07032549 0.04921257 0.07032549 0.2460629 0.07032549 0.2460629 0.07032549 0.04921257 0.07032549 0.1968504 -0.988973 1.66498e-5 -0.9955064 -0.01283037 -0.9888631 -0.01283037 -0.9955064 -0.01283037 -0.988973 1.66498e-5 -0.9953965 1.66498e-5 -0.9888631 -0.1099436 -0.9958286 -0.1227907 -0.9885408 -0.1227907 -0.9958286 -0.1227907 -0.9888631 -0.1099436 -0.9955064 -0.1099436 -0.9970093 -0.3654447 -0.9865822 -0.3782918 -0.9873602 -0.3654447 -0.9865822 -0.3782918 -0.9970093 -0.3654447 -0.9977872 -0.3782918 -1.031678 -0.2752748 -1.019638 -0.2881219 -1.020473 -0.2752748 -1.019638 -0.2881219 -1.031678 -0.2752748 -1.032513 -0.2881219 -0.9963412 -0.2991204 -0.9873602 -0.3119674 -0.9880282 -0.2991204 -0.9873602 -0.3119674 -0.9963412 -0.2991204 -0.9970093 -0.3119674 -0.9885408 -0.2119737 -0.9963412 -0.2248207 -0.9880282 -0.2248207 -0.9963412 -0.2248207 -0.9885408 -0.2119737 -0.9958286 -0.2119737 1.035628 0.2124494 1.016412 0.1996024 1.035738 0.1996024 1.016412 0.1996024 1.035628 0.2124494 1.016522 0.2124494 1.035076 0.2460629 1.016412 0.04921257 1.035076 0.04879152 1.016412 0.04921257 1.035076 0.2460629 1.016412 0.2460629 1.035738 0.09314703 1.016522 0.08029997 1.035628 0.08029997 1.016522 0.08029997 1.035738 0.09314703 1.016412 0.09314703 1.035628 0.1631009 1.016845 0.1502538 1.035306 0.1502538 1.016845 0.1502538 1.035628 0.1631009 1.016522 0.1631009 1.035306 0.2223775 1.017357 0.2095304 1.034793 0.2095304 1.017357 0.2095304 1.035306 0.2223775 1.016845 0.2223775 1.034125 0.2540901 1.017357 0.2669371 1.018025 0.2540901 1.017357 0.2669371 1.034125 0.2540901 1.034793 0.2669371 1.033347 0.2808962 1.018025 0.2937433 1.018803 0.2808962 1.018025 0.2937433 1.033347 0.2808962 1.034125 0.2937433 1.032513 0.2881219 1.018803 0.300969 1.019638 0.2881219 1.018803 0.300969 1.032513 0.2881219 1.033347 0.300969 0.865626 -0.3870857 0.8823943 -0.3742387 0.8662941 -0.3742387 0.8823943 -0.3742387 0.865626 -0.3870857 0.8830623 -0.3870857 0.8662941 -0.5299883 0.8816163 -0.5171412 0.867072 -0.5171412 0.8816163 -0.5171412 0.8662941 -0.5299883 0.8823943 -0.5299883 0.867072 -0.6372107 0.8807815 -0.6243637 0.8679069 -0.6243637 0.8807815 -0.6243637 0.867072 -0.6372107 0.8816163 -0.6372107 1.035306 0.1225452 1.016522 0.1096981 1.035628 0.1096981 1.016522 0.1096981 1.035306 0.1225452 1.016845 0.1225452 -0.05788302 0.2718317 -0.07666671 0.2589846 -0.0575608 0.2589846 -0.07666671 0.2589846 -0.05788302 0.2718317 -0.07634449 0.2718317 -0.05839562 0.262208 -0.07634449 0.2493609 -0.05788302 0.2493609 -0.07634449 0.2493609 -0.05839562 0.262208 -0.07583189 0.262208 -0.05839562 0.2223059 -0.07516384 0.235153 -0.07583189 0.2223059 -0.07516384 0.235153 -0.05839562 0.2223059 -0.05906367 0.235153 -0.05906367 0.1796633 -0.07438594 0.1925104 -0.07516384 0.1796633 -0.07438594 0.1925104 -0.05906367 0.1796633 -0.05984163 0.1925104 -0.05984163 0.1243393 -0.07355105 0.1371864 -0.07438594 0.1243393 -0.07355105 0.1371864 -0.05984163 0.1243393 -0.06067645 0.1371864 0.06067645 -0.06010395 0.07271623 -0.07295101 0.07355105 -0.06010395 0.07271623 -0.07295101 0.06067645 -0.06010395 0.06151127 -0.07295101 0.06151127 0.008665084 0.07193827 -0.004181921 0.07271623 0.008665084 0.07193827 -0.004181921 0.06151127 0.008665084 0.06228923 -0.004181921 0.06228923 0.07728141 0.07127028 0.06443434 0.07193827 0.07728141 0.07127028 0.06443434 0.06228923 0.07728141 0.06295728 0.06443434 0.06346988 0.1282218 0.07127028 0.1410688 0.06295728 0.1410688 0.07127028 0.1410688 0.06346988 0.1282218 0.07075768 0.1282218 0.0637921 0.1828334 0.07075768 0.1956804 0.06346988 0.1956804 0.07075768 0.1956804 0.0637921 0.1828334 0.0704354 0.1828334 0.06390202 0.2245475 0.0704354 0.2373945 0.0637921 0.2373945 0.0704354 0.2373945 0.06390202 0.2245475 0.07032549 0.2245475 0.1424919 0.04921257 0.134454 0.1968504 0.134454 0.04921257 0.134454 0.1968504 0.1424919 0.04921257 0.134454 0.2460629 0.134454 0.2460629 0.1424919 0.04921257 0.1424919 0.2460629 0.1424919 0.2460629 0.1424919 0.04921257 0.1424919 0.1968504 0.0704354 0.05535489 0.06390202 0.06820195 0.0637921 0.05535489 0.06390202 0.06820195 0.0704354 0.05535489 0.07032549 0.06820195 0.07075768 0.07711857 0.0637921 0.08996564 0.06346988 0.07711857 0.0637921 0.08996564 0.07075768 0.07711857 0.0704354 0.08996564 0.07127028 0.093189 0.06346988 0.1060361 0.06295728 0.093189 0.06346988 0.1060361 0.07127028 0.093189 0.07075768 0.1060361 0.07127028 0.115318 0.06228923 0.1024709 0.07193827 0.1024709 0.06228923 0.1024709 0.07127028 0.115318 0.06295728 0.115318 0.07193827 0.117179 0.06151127 0.104332 0.07271623 0.104332 0.06151127 0.104332 0.07193827 0.117179 0.06228923 0.117179 0.09794855 0.1011301 0.08590871 0.088283 0.09878337 0.088283 0.08590871 0.088283 0.09794855 0.1011301 0.08674359 0.1011301 -0.09878337 -0.088283 -0.08507388 -0.07543593 -0.09961819 -0.07543593 -0.08507388 -0.07543593 -0.09878337 -0.088283 -0.08590871 -0.088283 -0.09961819 -0.06985735 -0.08429592 -0.05701029 -0.1003962 -0.05701029 -0.08429592 -0.05701029 -0.09961819 -0.06985735 -0.08507388 -0.06985735 -0.1003962 -0.04710876 -0.08362793 -0.0342617 -0.1010642 -0.0342617 -0.08362793 -0.0342617 -0.1003962 -0.04710876 -0.08429592 -0.04710876 0.1429638 0.0830022 0.1320632 0.0711075 0.143686 0.0711075 0.1320632 0.0711075 0.1429638 0.0830022 0.1335092 0.0830022 -0.0200929 -0.07064646 -0.008053123 -0.08349353 -0.007218241 -0.07064646 -0.008053123 -0.08349353 -0.0200929 -0.07064646 -0.01925808 -0.08349353 0.1429638 0.06839221 0.1340218 0.08123928 0.1335092 0.06839221 0.1340218 0.08123928 0.1429638 0.06839221 0.1427078 0.08123928 0.1427078 0.06153064 0.1343441 0.07437771 0.1340218 0.06153064 0.1343441 0.07437771 0.1427078 0.06153064 0.1425468 0.07437771 0.1424919 0.04921257 0.134454 0.06288522 0.134454 0.04921257 0.134454 0.06288522 0.1424919 0.04921257 0.1424919 0.06288522 0.01686733 0.04921257 0.0104438 0.1968504 0.0104438 0.04921257 0.0104438 0.1968504 0.01686733 0.04921257 0.0104438 0.2460629 0.0104438 0.2460629 0.01686733 0.04921257 0.01686733 0.2460629 0.01686733 0.2460629 0.01686733 0.04921257 0.01686733 0.1968504 0.134454 0.2298642 0.1425468 0.2427113 0.1343441 0.2427113 0.1425468 0.2427113 0.134454 0.2298642 0.1424919 0.2298642 0.1343441 0.1984213 0.1427078 0.2112684 0.1340218 0.2112684 0.1427078 0.2112684 0.1343441 0.1984213 0.1425468 0.1984213 0.1340218 0.1530185 0.1429638 0.1658656 0.1335092 0.1658656 0.1429638 0.1658656 0.1340218 0.1530185 0.1427078 0.1530185 0.1328412 0.1095972 0.1429638 0.09675014 0.1432975 0.1095972 0.1429638 0.09675014 0.1328412 0.1095972 0.1335092 0.09675014 0.1320632 0.0462976 0.1432975 0.03345054 0.143686 0.0462976 0.1432975 0.03345054 0.1320632 0.0462976 0.1328412 0.03345054 0.1312284 -0.01971924 0.143686 -0.0325663 0.144103 -0.01971924 0.143686 -0.0325663 0.1312284 -0.01971924 0.1320632 -0.0325663 -0.1303935 0.08395457 -0.144103 0.09680163 -0.14452 0.08395457 -0.144103 0.09680163 -0.1303935 0.08395457 -0.1312284 0.09680163 -0.1296156 0.1420308 -0.14452 0.1548779 -0.1449086 0.1420308 -0.14452 0.1548779 -0.1296156 0.1420308 -0.1303935 0.1548779 -0.1289476 0.1899901 -0.1449086 0.2028371 -0.1452422 0.1899901 -0.1449086 0.2028371 -0.1289476 0.1899901 -0.1296156 0.2028371 -0.1289476 0.2374112 -0.1454982 0.2245641 -0.128435 0.2245641 -0.1454982 0.2245641 -0.1289476 0.2374112 -0.1452422 0.2374112 -0.128435 0.2562438 -0.1456592 0.2433967 -0.1281127 0.2433967 -0.1456592 0.2433967 -0.128435 0.2562438 -0.1454982 0.2562438 -0.1281127 0.2580516 -0.1457141 0.2452045 -0.1280028 0.2452045 -0.1457141 0.2452045 -0.1281127 0.2580516 -0.1456592 0.2580516 -0.1280028 0.2452045 -0.1457141 0.04921257 -0.1280028 0.04921257 -0.1457141 0.04921257 -0.1280028 0.2452045 -0.1457141 0.2452045 -0.1457141 0.04754495 -0.1281127 0.03469789 -0.1280028 0.04754495 -0.1281127 0.03469789 -0.1457141 0.04754495 -0.1456592 0.03469789 -0.1456592 0.02940231 -0.128435 0.01655524 -0.1281127 0.02940231 -0.128435 0.01655524 -0.1456592 0.02940231 -0.1454982 0.01655524 -0.1454982 0.009693682 -0.1289476 -0.003153324 -0.128435 0.009693682 -0.1289476 -0.003153324 -0.1454982 0.009693682 -0.1452422 -0.003153324 -0.1449086 -0.02308475 -0.1289476 -0.01023769 -0.1452422 -0.01023769 -0.1289476 -0.01023769 -0.1449086 -0.02308475 -0.1296156 -0.02308475 -0.14452 -0.04188078 -0.1296156 -0.02903372 -0.1449086 -0.02903372 -0.1296156 -0.02903372 -0.14452 -0.04188078 -0.1303935 -0.04188078 0.007218241 -0.07064646 0.01925808 -0.08349353 0.0200929 -0.07064646 0.01925808 -0.08349353 0.007218241 -0.07064646 0.008053123 -0.08349353 0.008053123 -0.001158952 0.01848012 -0.01400601 0.01925808 -0.001158952 0.01848012 -0.01400601 0.008053123 -0.001158952 0.008831024 -0.01400601 0.008831024 0.06884527 0.01781207 0.0559982 0.01848012 0.06884527 0.01781207 0.0559982 0.008831024 0.06884527 0.009499073 0.0559982 0.009499073 0.1345956 0.01729947 0.1217485 0.01781207 0.1345956 0.01729947 0.1217485 0.009499073 0.1345956 0.01001167 0.1217485 0.01033389 0.1787641 0.01729947 0.1916112 0.01001167 0.1916112 0.01729947 0.1916112 0.01033389 0.1787641 0.01697725 0.1787641 0.0104438 0.2231595 0.01697725 0.2360066 0.01033389 0.2360066 0.01697725 0.2360066 0.0104438 0.2231595 0.01686733 0.2231595 0.472441 0.04879152 0.1492488 0.1968504 0.1492488 0.04921257 0.1492488 0.1968504 0.472441 0.04879152 0.1492488 0.2460629 0.1492488 0.2460629 0.472441 0.04879152 0.472441 0.2460629 0.472441 0.2460629 0.472441 0.04879152 0.472441 0.1968504 0.01781207 0.0559982 0.0104438 0.06958991 0.009499073 0.0559982 0.0104438 0.06958991 0.01781207 0.0559982 0.01686733 0.06958991 0.01729947 0.08118784 0.01033389 0.09403491 0.01001167 0.08118784 0.01033389 0.09403491 0.01729947 0.08118784 0.01697725 0.09403491 0.01729947 0.1125093 0.009499073 0.09966224 0.01781207 0.09966224 0.009499073 0.09966224 0.01729947 0.1125093 0.01001167 0.1125093 0.01781207 0.1237542 0.008831024 0.1109071 0.01848012 0.1109071 0.008831024 0.1109071 0.01781207 0.1237542 0.009499073 0.1237542 0.01848012 0.1270031 0.008053123 0.114156 0.01925808 0.114156 0.008053123 0.114156 0.01848012 0.1270031 0.008831024 0.1270031 0.04633563 0.1185004 0.03429585 0.1056534 0.04717046 0.1056534 0.03429585 0.1056534 0.04633563 0.1185004 0.03513067 0.1185004 -0.04717046 -0.1056534 -0.03346097 -0.09280627 -0.04800528 -0.09280627 -0.03346097 -0.09280627 -0.04717046 -0.1056534 -0.03429585 -0.1056534 -0.04800528 -0.08604395 -0.03268307 -0.07319688 -0.04878324 -0.07319688 -0.03268307 -0.07319688 -0.04800528 -0.08604395 -0.03346097 -0.08604395 -0.04878324 -0.06100851 -0.03201502 -0.04816144 -0.04945129 -0.04816144 -0.03201502 -0.04816144 -0.04878324 -0.06100851 -0.03268307 -0.06100851 -0.04996389 -0.01940613 -0.03201502 -0.0322532 -0.03150242 -0.01940613 -0.03201502 -0.0322532 -0.04996389 -0.01940613 -0.04945129 -0.0322532 -0.05028611 0.01110935 -0.03150242 -0.001737654 -0.0311802 0.01110935 -0.03150242 -0.001737654 -0.05028611 0.01110935 -0.04996389 -0.001737654 -0.05039602 0.04130554 -0.0311802 0.02845847 -0.03107029 0.04130554 -0.0311802 0.02845847 -0.05039602 0.04130554 -0.05028611 0.02845847 -0.03107029 0.2460629 -0.05039602 0.04921257 -0.03107029 0.04921257 -0.05039602 0.04921257 -0.03107029 0.2460629 -0.05039602 0.2460629 -0.0311802 0.2642909 -0.05039602 0.2514439 -0.03107029 0.2514439 -0.05039602 0.2514439 -0.0311802 0.2642909 -0.05028611 0.2642909 -0.03150242 0.2745367 -0.05028611 0.2616897 -0.0311802 0.2616897 -0.05028611 0.2616897 -0.03150242 0.2745367 -0.04996389 0.2745367 -0.03201502 0.2665111 -0.04996389 0.253664 -0.03150242 0.253664 -0.04996389 0.253664 -0.03201502 0.2665111 -0.04945129 0.2665111 -0.03201502 0.2279138 -0.04878324 0.2407609 -0.04945129 0.2279138 -0.04878324 0.2407609 -0.03201502 0.2279138 -0.03268307 0.2407609 0.472441 0.07072287 0.1480547 0.05787581 0.472441 0.05787581 0.1480547 0.05787581 0.472441 0.07072287 0.1484433 0.07072287 0.472441 0.0754252 0.1480547 0.06163859 0.472441 0.06163859 0.1480547 0.06163859 0.472441 0.0754252 0.148777 0.0754252 0.472441 0.06163859 0.148777 0.0754252 0.1480547 0.06163859 0.148777 0.0754252 0.472441 0.06163859 0.472441 0.0754252 0.472441 0.05787581 0.1484433 0.07072287 0.1480547 0.05787581 0.1484433 0.07072287 0.472441 0.05787581 0.472441 0.07072287 0.472441 0.04879152 0.1492488 0.06163859 0.1492488 0.04921257 0.1492488 0.06163859 0.472441 0.04879152 0.472441 0.06163859 -0.0104438 0.1968504 -0.01686733 0.04921257 -0.0104438 0.04921257 -0.01686733 0.04921257 -0.0104438 0.1968504 -0.01686733 0.1968504 -0.01686733 0.1968504 -0.0104438 0.1968504 -0.0104438 0.2460629 -0.01686733 0.1968504 -0.0104438 0.2460629 -0.01686733 0.2460629 0.1492488 0.2311108 0.472441 0.2439579 0.149194 0.2439579 0.472441 0.2439579 0.1492488 0.2311108 0.472441 0.2311108 0.149194 0.2020761 0.472441 0.2149232 0.149033 0.2149232 0.472441 0.2149232 0.149194 0.2020761 0.472441 0.2020761 0.149033 0.1588326 0.472441 0.1716797 0.148777 0.1716797 0.472441 0.1716797 0.149033 0.1588326 0.472441 0.1588326 0.1484433 0.1171742 0.472441 0.1043272 0.472441 0.1171742 0.472441 0.1043272 0.1484433 0.1171742 0.148777 0.1043272 0.1480547 0.05512124 0.472441 0.04227417 0.472441 0.05512124 0.472441 0.04227417 0.1480547 0.05512124 0.1484433 0.04227417 0.1476378 -0.01025032 0.472441 -0.02309739 0.472441 -0.01025032 0.472441 -0.02309739 0.1476378 -0.01025032 0.1480547 -0.02309739 -0.1472208 0.07448571 -0.472441 0.08733278 -0.472441 0.07448571 -0.472441 0.08733278 -0.1472208 0.07448571 -0.1476378 0.08733278 -0.1468322 0.1332072 -0.472441 0.1460543 -0.472441 0.1332072 -0.472441 0.1460543 -0.1468322 0.1332072 -0.1472208 0.1460543 -0.1464986 0.1824131 -0.472441 0.1952601 -0.472441 0.1824131 -0.472441 0.1952601 -0.1464986 0.1824131 -0.1468322 0.1952601 -0.1464986 0.2315971 -0.472441 0.2187501 -0.1462426 0.2187501 -0.472441 0.2187501 -0.1464986 0.2315971 -0.472441 0.2315971 -0.1462426 0.2525889 -0.472441 0.2397419 -0.1460816 0.2397419 -0.472441 0.2397419 -0.1462426 0.2525889 -0.472441 0.2525889 -0.1454982 0.2562438 -0.472441 0.2439579 -0.1456592 0.2433967 -0.472441 0.2439579 -0.1454982 0.2562438 -0.472441 0.256805 -0.1457141 0.2452045 -0.472441 0.04921257 -0.1457141 0.04921257 -0.472441 0.04921257 -0.1457141 0.2452045 -0.472441 0.2460629 -0.472441 0.04921257 -0.1460816 0.03594446 -0.1457141 0.04921257 -0.1460816 0.03594446 -0.472441 0.04921257 -0.472441 0.03594446 -0.472441 0.03305715 -0.1462426 0.02021008 -0.1460816 0.03305715 -0.1462426 0.02021008 -0.472441 0.03305715 -0.472441 0.02021008 -0.472441 0.01550775 -0.1464986 0.002660691 -0.1462426 0.01550775 -0.1464986 0.002660691 -0.472441 0.01550775 -0.472441 0.002660691 -0.472441 -0.01550775 -0.1464986 -0.002660691 -0.472441 -0.002660691 -0.1464986 -0.002660691 -0.472441 -0.01550775 -0.1468322 -0.01550775 -0.01925808 -0.001158952 -0.008831024 -0.01400601 -0.008053123 -0.001158952 -0.008831024 -0.01400601 -0.01925808 -0.001158952 -0.01848012 -0.01400601 -0.472441 -0.03305715 -0.1468322 -0.02021008 -0.472441 -0.02021008 -0.1468322 -0.02021008 -0.472441 -0.03305715 -0.1472208 -0.03305715 -0.144103 -0.05826044 -0.1303935 -0.04541337 -0.14452 -0.04541337 -0.1303935 -0.04541337 -0.144103 -0.05826044 -0.1312284 -0.05826044 -0.03647541 0.001676857 -0.06194972 0.001676857 -0.04921257 0 -0.06194972 0.001676857 -0.03647541 0.001676857 -0.07381886 0.006593227 -0.07381886 0.006593227 -0.03647541 0.001676857 -0.02460628 0.006593227 -0.07381886 0.006593227 -0.02460628 0.006593227 -0.01441401 0.01441401 -0.07381886 0.006593227 -0.01441401 0.01441401 -0.08401113 0.01441401 -0.08401113 0.01441401 -0.01441401 0.01441401 -0.006593227 0.02460628 -0.08401113 0.01441401 -0.006593227 0.02460628 -0.09183192 0.02460628 -0.09183192 0.02460628 -0.006593227 0.02460628 -0.001676857 0.03647541 -0.09183192 0.02460628 -0.001676857 0.03647541 -0.09674829 0.03647541 -0.09674829 0.03647541 -0.001676857 0.03647541 0 0.04921257 -0.09674829 0.03647541 0 0.04921257 -0.09842514 0.04921257 -0.09842514 0.04921257 0 0.04921257 0 0.2460629 -0.09842514 0.04921257 0 0.2460629 -0.09842514 0.1968504 -0.09842514 0.1968504 0 0.2460629 -0.09842514 0.2460629 -0.09842514 0.2460629 0 0.2460629 -0.001676857 0.2588002 -0.09842514 0.2460629 -0.001676857 0.2588002 -0.09674829 0.2588002 -0.09674829 0.2588002 -0.001676857 0.2588002 -0.006593227 0.2706693 -0.09674829 0.2588002 -0.006593227 0.2706693 -0.09183192 0.2706693 -0.09183192 0.2706693 -0.006593227 0.2706693 -0.01441401 0.2808616 -0.09183192 0.2706693 -0.01441401 0.2808616 -0.08401113 0.2808616 -0.08401113 0.2808616 -0.01441401 0.2808616 -0.02460628 0.2886824 -0.08401113 0.2808616 -0.02460628 0.2886824 -0.07381886 0.2886824 -0.07381886 0.2886824 -0.02460628 0.2886824 -0.03647541 0.2935987 -0.07381886 0.2886824 -0.03647541 0.2935987 -0.06194972 0.2935987 -0.06194972 0.2935987 -0.03647541 0.2935987 -0.04921257 0.2952756 -0.08279305 0.2620041 -0.1020089 0.249157 -0.08268314 0.249157 -0.1020089 0.249157 -0.08279305 0.2620041 -0.101899 0.2620041 -0.0104438 0.06958991 -0.01781207 0.0559982 -0.009499073 0.0559982 -0.01781207 0.0559982 -0.0104438 0.06958991 -0.01686733 0.06958991 -0.01033389 0.09403491 -0.01729947 0.08118784 -0.01001167 0.08118784 -0.01729947 0.08118784 -0.01033389 0.09403491 -0.01697725 0.09403491 -0.01001167 0.1125093 -0.01781207 0.09966224 -0.009499073 0.09966224 -0.01781207 0.09966224 -0.01001167 0.1125093 -0.01729947 0.1125093 -0.009499073 0.1237542 -0.01848012 0.1109071 -0.008831024 0.1109071 -0.01848012 0.1109071 -0.009499073 0.1237542 -0.01781207 0.1237542 -0.008831024 0.1270031 -0.01925808 0.114156 -0.008053123 0.114156 -0.01925808 0.114156 -0.008831024 0.1270031 -0.01848012 0.1270031 0.01925808 0.1220347 0.007218241 0.1091877 0.0200929 0.1091877 0.007218241 0.1091877 0.01925808 0.1220347 0.008053123 0.1220347 -0.0200929 -0.1091877 -0.006383419 -0.09634059 -0.02092772 -0.09634059 -0.006383419 -0.09634059 -0.0200929 -0.1091877 -0.007218241 -0.1091877 -0.02092772 -0.0893374 -0.005605459 -0.07649034 -0.02170568 -0.07649034 -0.005605459 -0.07649034 -0.02092772 -0.0893374 -0.006383419 -0.0893374 -0.02170568 -0.06383669 -0.004937469 -0.05098962 -0.02237373 -0.05098962 -0.004937469 -0.05098962 -0.02170568 -0.06383669 -0.005605459 -0.06383669 -0.02237373 -0.03442335 -0.00442487 -0.02157628 -0.02288633 -0.02157628 -0.00442487 -0.02157628 -0.02237373 -0.03442335 -0.004937469 -0.03442335 -0.02320855 0.009745121 -0.00442487 -0.003101885 -0.004102587 0.009745121 -0.00442487 -0.003101885 -0.02320855 0.009745121 -0.02288633 -0.003101885 -0.02331846 0.04084026 -0.004102587 0.0279932 -0.003992676 0.04084026 -0.004102587 0.0279932 -0.02331846 0.04084026 -0.02320855 0.0279932 -0.003992676 0.2460629 -0.02331846 0.04921257 -0.003992676 0.04921257 -0.02331846 0.04921257 -0.003992676 0.2460629 -0.02331846 0.2460629 -0.004102587 0.2647563 -0.02331846 0.2519092 -0.003992676 0.2519092 -0.02331846 0.2519092 -0.004102587 0.2647563 -0.02320855 0.2647563 -0.00442487 0.275901 -0.02320855 0.2630539 -0.004102587 0.2630539 -0.02320855 0.2630539 -0.00442487 0.275901 -0.02288633 0.275901 -0.006383419 0.1348818 -0.0200929 0.1477289 -0.02092772 0.1348818 -0.0200929 0.1477289 -0.006383419 0.1348818 -0.007218241 0.1477289 -0.005605459 0.1894874 -0.02092772 0.2023345 -0.02170568 0.1894874 -0.02092772 0.2023345 -0.005605459 0.1894874 -0.006383419 0.2023345 -0.00442487 0.2558342 -0.02237373 0.2686812 -0.02288633 0.2558342 -0.02237373 0.2686812 -0.00442487 0.2558342 -0.004937469 0.2686812 -0.004937469 0.230742 -0.02170568 0.2435891 -0.02237373 0.230742 -0.02170568 0.2435891 -0.004937469 0.230742 -0.005605459 0.2435891</float_array>
          <technique_common>
            <accessor source="#Síť_013-mesh-map-0-array" count="4524" stride="2">
              <param name="S" type="float"/>
              <param name="T" type="float"/>
            </accessor>
          </technique_common>
        </source>
        <source id="Síť_013-mesh-map-1">
          <float_array id="Síť_013-mesh-map-1-array" count="9048">-0.0575608 0.2633683 -0.07677662 0.2505213 -0.05745089 0.2505213 -0.07677662 0.2505213 -0.0575608 0.2633683 -0.07666671 0.2633683 -0.05745089 0.2460629 -0.07677662 0.04921257 -0.05745089 0.04921257 -0.07677662 0.04921257 -0.05745089 0.2460629 -0.07677662 0.2460629 -0.07677662 0.04222822 -0.0575608 0.02938115 -0.05745089 0.04222822 -0.0575608 0.02938115 -0.07677662 0.04222822 -0.07666671 0.02938115 -0.07666671 0.01381438 -0.05788302 9.67363e-4 -0.0575608 0.01381438 -0.05788302 9.67363e-4 -0.07666671 0.01381438 -0.07634449 9.67363e-4 -0.07634449 -0.01510304 -0.05839562 -0.0279501 -0.05788302 -0.01510304 -0.05839562 -0.0279501 -0.07634449 -0.01510304 -0.07583189 -0.0279501 -0.07516384 -0.05540055 -0.05839562 -0.04255348 -0.07583189 -0.04255348 -0.05839562 -0.04255348 -0.07516384 -0.05540055 -0.05906367 -0.05540055 -0.07438594 -0.07951331 -0.05906367 -0.06666624 -0.07516384 -0.06666624 -0.05906367 -0.06666624 -0.07438594 -0.07951331 -0.05984163 -0.07951331 -0.07355105 -0.09864515 -0.05984163 -0.08579808 -0.07438594 -0.08579808 -0.05984163 -0.08579808 -0.07355105 -0.09864515 -0.06067645 -0.09864515 0.07271623 0.1114922 0.06067645 0.09864515 0.07355105 0.09864515 0.06067645 0.09864515 0.07271623 0.1114922 0.06151127 0.1114922 0.04555767 0.1237096 0.03513067 0.1108626 0.04633563 0.1108626 0.03513067 0.1108626 0.04555767 0.1237096 0.03590863 0.1237096 0.04488962 0.120926 0.03590863 0.1080789 0.04555767 0.1080789 0.03590863 0.1080789 0.04488962 0.120926 0.03657662 0.120926 0.04488962 0.09749209 0.03708922 0.1103392 0.03657662 0.09749209 0.03708922 0.1103392 0.04488962 0.09749209 0.04437702 0.1103392 0.04437702 0.07982361 0.03741151 0.09267067 0.03708922 0.07982361 0.03741151 0.09267067 0.04437702 0.07982361 0.0440548 0.09267067 0.0440548 0.05627757 0.03752142 0.06912463 0.03741151 0.05627757 0.03752142 0.06912463 0.0440548 0.05627757 0.04394489 0.06912463 0.0955578 0.04921257 0.08913427 0.1968504 0.08913427 0.04921257 0.08913427 0.1968504 0.0955578 0.04921257 0.08913427 0.2460629 0.08913427 0.2460629 0.0955578 0.04921257 0.0955578 0.2460629 0.0955578 0.2460629 0.0955578 0.04921257 0.0955578 0.1968504 0.03752142 0.2236248 0.0440548 0.2364718 0.03741151 0.2364718 0.0440548 0.2364718 0.03752142 0.2236248 0.04394489 0.2236248 0.03741151 0.1801283 0.04437702 0.1929754 0.03708922 0.1929754 0.04437702 0.1929754 0.03741151 0.1801283 0.0440548 0.1801283 0.03708922 0.1239187 0.04488962 0.1367657 0.03657662 0.1367657 0.04488962 0.1367657 0.03708922 0.1239187 0.04437702 0.1239187 0.03590863 0.07167345 0.04488962 0.05882638 0.04555767 0.07167345 0.04488962 0.05882638 0.03590863 0.07167345 0.03657662 0.05882638 0.03513067 0.002134442 0.04555767 -0.01071256 0.04633563 0.002134442 0.04555767 -0.01071256 0.03513067 0.002134442 0.03590863 -0.01071256 0.03429585 -0.06711214 0.04633563 -0.07995921 0.04717046 -0.06711214 0.04633563 -0.07995921 0.03429585 -0.06711214 0.03513067 -0.07995921 -0.03346097 0.1313475 -0.04717046 0.1441946 -0.04800528 0.1313475 -0.04717046 0.1441946 -0.03346097 0.1313475 -0.03429585 0.1441946 -0.03268307 0.186194 -0.04800528 0.199041 -0.04878324 0.186194 -0.04800528 0.199041 -0.03268307 0.186194 -0.03346097 0.199041 -0.08311527 0.2678321 -0.101899 0.254985 -0.08279305 0.254985 -0.101899 0.254985 -0.08311527 0.2678321 -0.1015768 0.2678321 -0.08279305 0.254985 -0.1015768 0.2429984 -0.08311527 0.2429984 -0.1015768 0.2429984 -0.08279305 0.254985 -0.101899 0.254985 -0.08362793 0.2140141 -0.1003962 0.2268612 -0.1010642 0.2140141 -0.1003962 0.2268612 -0.08362793 0.2140141 -0.08429592 0.2268612 -0.08429592 0.1700074 -0.09961819 0.1828544 -0.1003962 0.1700074 -0.09961819 0.1828544 -0.08429592 0.1700074 -0.08507388 0.1828544 -0.08507388 0.1139771 -0.09878337 0.1268242 -0.09961819 0.1139771 -0.09878337 0.1268242 -0.08507388 0.1139771 -0.08590871 0.1268242 0.08590871 -0.0497418 0.09794855 -0.06258887 0.09878337 -0.0497418 0.09794855 -0.06258887 0.08590871 -0.0497418 0.08674359 -0.06258887 0.08674359 0.01832103 0.09717059 0.005473971 0.09794855 0.01832103 0.09717059 0.005473971 0.08674359 0.01832103 0.08752149 0.005473971 0.08752149 0.08557313 0.09650254 0.07272607 0.09717059 0.08557313 0.09650254 0.07272607 0.08752149 0.08557313 0.08818954 0.07272607 0.08870214 0.1345843 0.09650254 0.1474313 0.08818954 0.1474313 0.09650254 0.1474313 0.08870214 0.1345843 0.09598994 0.1345843 0.08902436 0.186833 0.09598994 0.1996801 0.08870214 0.1996801 0.09598994 0.1996801 0.08902436 0.186833 0.09566771 0.186833 0.08913427 0.2259116 0.09566771 0.2387587 0.08902436 0.2387587 0.09566771 0.2387587 0.08913427 0.2259116 0.0955578 0.2259116 0.11921 0.04921257 0.1127865 0.1968504 0.1127865 0.04921257 0.1127865 0.1968504 0.11921 0.2460629 0.1127865 0.2460629 0.11921 0.2460629 0.1127865 0.1968504 0.11921 0.04921257 0.11921 0.2460629 0.11921 0.04921257 0.11921 0.1968504 0.09566771 0.05399072 0.08913427 0.06683778 0.08902436 0.05399072 0.08913427 0.06683778 0.09566771 0.05399072 0.0955578 0.06683778 0.09650254 0.07272607 0.08902436 0.08596599 0.08818954 0.07272607 0.08902436 0.08596599 0.09650254 0.07272607 0.09566771 0.08596599 0.09566771 0.08596599 0.08870214 0.09967356 0.08902436 0.08596599 0.08870214 0.09967356 0.09566771 0.08596599 0.09598994 0.09967356 0.09650254 0.1070262 0.08752149 0.09417921 0.09717059 0.09417921 0.08752149 0.09417921 0.09650254 0.1070262 0.08818954 0.1070262 0.09650254 0.1070262 0.08752149 0.09417921 0.09717059 0.09417921 0.08752149 0.09417921 0.09650254 0.1070262 0.08818954 0.1070262 0.1216007 0.08759129 0.1095609 0.07474422 0.1224356 0.07474422 0.1095609 0.07474422 0.1216007 0.08759129 0.1103958 0.08759129 -0.1224356 -0.07474422 -0.1087261 -0.06189715 -0.1232704 -0.06189715 -0.1087261 -0.06189715 -0.1224356 -0.07474422 -0.1095609 -0.07474422 -0.1232704 -0.0572412 -0.1079481 -0.04439413 -0.1240484 -0.04439413 -0.1079481 -0.04439413 -0.1232704 -0.0572412 -0.1087261 -0.0572412 -0.1240484 -0.03627508 -0.1072801 -0.02342802 -0.1247164 -0.02342802 -0.1072801 -0.02342802 -0.1240484 -0.03627508 -0.1079481 -0.03627508 -0.125229 -4.27537e-4 -0.1072801 -0.01327455 -0.1067675 -4.27537e-4 -0.1072801 -0.01327455 -0.125229 -4.27537e-4 -0.1247164 -0.01327455 -0.1255512 0.02303981 -0.1067675 0.01019275 -0.1064453 0.02303981 -0.1067675 0.01019275 -0.1255512 0.02303981 -0.125229 0.01019275 -0.1256611 0.04537481 -0.1064453 0.03252774 -0.1063354 0.04537481 -0.1064453 0.03252774 -0.1256611 0.04537481 -0.1255512 0.03252774 -0.1256611 0.2460629 -0.1063354 0.04921257 -0.1063354 0.2460629 -0.1063354 0.04921257 -0.1256611 0.2460629 -0.1256611 0.04921257 -0.1064453 0.2602217 -0.1256611 0.2473746 -0.1063354 0.2473746 -0.1256611 0.2473746 -0.1064453 0.2602217 -0.1255512 0.2602217 -0.1067675 0.2626063 -0.1255512 0.2497592 -0.1064453 0.2497592 -0.1255512 0.2497592 -0.1067675 0.2626063 -0.125229 0.2626063 -0.1063354 0.2473746 -0.125229 0.2346854 -0.1067675 0.2346854 -0.125229 0.2346854 -0.1063354 0.2473746 -0.1256611 0.2473746 -0.1072801 0.2031804 -0.1240484 0.2160274 -0.1247164 0.2031804 -0.1240484 0.2160274 -0.1072801 0.2031804 -0.1079481 0.2160274 -0.1079481 0.1573912 -0.1232704 0.1702383 -0.1240484 0.1573912 -0.1232704 0.1702383 -0.1079481 0.1573912 -0.1087261 0.1702383 -0.1087261 0.1004384 -0.1224356 0.1132854 -0.1232704 0.1004384 -0.1224356 0.1132854 -0.1087261 0.1004384 -0.1095609 0.1132854 0.1095609 -0.03620302 0.1216007 -0.04905009 0.1224356 -0.03620302 0.1216007 -0.04905009 0.1095609 -0.03620302 0.1103958 -0.04905009 0.1103958 0.03093719 0.1208228 0.01809012 0.1216007 0.03093719 0.1208228 0.01809012 0.1103958 0.03093719 0.1111737 0.01809012 0.1111737 0.09640687 0.1201547 0.08355981 0.1208228 0.09640687 0.1201547 0.08355981 0.1111737 0.09640687 0.1118417 0.08355981 0.1123543 0.1428973 0.1201547 0.1557443 0.1118417 0.1557443 0.1201547 0.1557443 0.1123543 0.1428973 0.1196421 0.1428973 0.1126766 0.1920588 0.1196421 0.2049059 0.1123543 0.2049059 0.1196421 0.2049059 0.1126766 0.1920588 0.1193199 0.1920588 0.1127865 0.227694 0.1193199 0.2405411 0.1126766 0.2405411 0.1193199 0.2405411 0.1127865 0.227694 0.11921 0.227694 -0.03752142 0.1968504 -0.04394489 0.04921257 -0.03752142 0.04921257 -0.04394489 0.04921257 -0.03752142 0.1968504 -0.04394489 0.1968504 -0.04394489 0.1968504 -0.03752142 0.1968504 -0.03752142 0.2460629 -0.04394489 0.1968504 -0.03752142 0.2460629 -0.04394489 0.2460629 0.1193199 0.0522083 0.1127865 0.06505537 0.1126766 0.0522083 0.1127865 0.06505537 0.1193199 0.0522083 0.11921 0.06505537 0.1196421 0.06789314 0.1126766 0.08074021 0.1123543 0.06789314 0.1126766 0.08074021 0.1196421 0.06789314 0.1193199 0.08074021 0.1201547 0.0785135 0.1123543 0.09136056 0.1118417 0.0785135 0.1123543 0.09136056 0.1201547 0.0785135 0.1196421 0.09136056 0.1208228 0.09640687 0.1118417 0.08355981 0.1201547 0.08355981 0.1118417 0.08355981 0.1208228 0.09640687 0.1111737 0.09640687 0.1208228 0.09490692 0.1103958 0.08205986 0.1216007 0.08205986 0.1103958 0.08205986 0.1208228 0.09490692 0.1111737 0.09490692 0.143686 0.0711075 0.1312284 0.05826044 0.144103 0.05826044 0.1312284 0.05826044 0.143686 0.0711075 0.1320632 0.0711075 0.1432975 0.07954651 0.1320632 0.06669944 0.143686 0.06669944 0.1320632 0.06669944 0.1432975 0.07954651 0.1328412 0.07954651 0.472441 0.06163859 0.1476378 0.04879152 0.472441 0.04879152 0.1476378 0.04879152 0.472441 0.06163859 0.1480547 0.06163859 -0.472441 -0.04879152 -0.1472208 -0.03594446 -0.472441 -0.03594446 -0.1472208 -0.03594446 -0.472441 -0.04879152 -0.1476378 -0.04879152 -0.1015768 -0.008740544 -0.08362793 -0.02158761 -0.08311527 -0.008740544 -0.08362793 -0.02158761 -0.1015768 -0.008740544 -0.1010642 -0.02158761 -0.101899 0.01781404 -0.08311527 0.004966974 -0.08279305 0.01781404 -0.08311527 0.004966974 -0.101899 0.01781404 -0.1015768 0.004966974 -0.1020089 0.04359239 -0.08279305 0.03074532 -0.08268314 0.04359239 -0.08279305 0.03074532 -0.1020089 0.04359239 -0.101899 0.03074532 -0.01781207 0.1345956 -0.01001167 0.1217485 -0.009499073 0.1345956 -0.01001167 0.1217485 -0.01781207 0.1345956 -0.01729947 0.1217485 -0.01848012 0.06884527 -0.009499073 0.0559982 -0.008831024 0.06884527 -0.009499073 0.0559982 -0.01848012 0.06884527 -0.01781207 0.0559982 -0.1020089 0.2460629 -0.08268314 0.04921257 -0.08268314 0.2460629 -0.08268314 0.04921257 -0.1020089 0.2460629 -0.1020089 0.04921257 -0.01033389 0.2360066 -0.01686733 0.2231595 -0.0104438 0.2231595 -0.01686733 0.2231595 -0.01033389 0.2360066 -0.01697725 0.2360066 -0.01001167 0.1916112 -0.01697725 0.1787641 -0.01033389 0.1787641 -0.01697725 0.1787641 -0.01001167 0.1916112 -0.01729947 0.1916112 0.02092772 0.1348818 0.007218241 0.1477289 0.006383419 0.1348818 0.007218241 0.1477289 0.02092772 0.1348818 0.0200929 0.1477289 0.02170568 0.1894874 0.006383419 0.2023345 0.005605459 0.1894874 0.006383419 0.2023345 0.02170568 0.1894874 0.02092772 0.2023345 0.02237373 0.230742 0.005605459 0.2435891 0.004937469 0.230742 0.005605459 0.2435891 0.02237373 0.230742 0.02170568 0.2435891 0.02288633 0.2558342 0.004937469 0.2686812 0.00442487 0.2558342 0.004937469 0.2686812 0.02288633 0.2558342 0.02237373 0.2686812 0.02288633 0.275901 0.004102587 0.2630539 0.02320855 0.2630539 0.004102587 0.2630539 0.02288633 0.275901 0.00442487 0.275901 0.02320855 0.2647563 0.003992676 0.2519092 0.02331846 0.2519092 0.003992676 0.2519092 0.02320855 0.2647563 0.004102587 0.2647563 0.02331846 0.2460629 0.003992676 0.04921257 0.02331846 0.04921257 0.003992676 0.04921257 0.02331846 0.2460629 0.003992676 0.2460629 0.02331846 0.04084026 0.004102587 0.0279932 0.02320855 0.0279932 0.004102587 0.0279932 0.02331846 0.04084026 0.003992676 0.04084026 0.02320855 0.009745121 0.00442487 -0.003101885 0.02288633 -0.003101885 0.00442487 -0.003101885 0.02320855 0.009745121 0.004102587 0.009745121 0.004937469 -0.03442335 0.02288633 -0.02157628 0.00442487 -0.02157628 0.02288633 -0.02157628 0.004937469 -0.03442335 0.02237373 -0.03442335 0.005605459 -0.06383669 0.02237373 -0.05098962 0.004937469 -0.05098962 0.02237373 -0.05098962 0.005605459 -0.06383669 0.02170568 -0.06383669 0.006383419 -0.0893374 0.02170568 -0.07649034 0.005605459 -0.07649034 0.02170568 -0.07649034 0.006383419 -0.0893374 0.02092772 -0.0893374 0.007218241 -0.1091877 0.02092772 -0.09634059 0.006383419 -0.09634059 0.02092772 -0.09634059 0.007218241 -0.1091877 0.0200929 -0.1091877 -0.008053123 0.1220347 -0.0200929 0.1091877 -0.007218241 0.1091877 -0.0200929 0.1091877 -0.008053123 0.1220347 -0.01925808 0.1220347 -0.03590863 0.1237096 -0.04633563 0.1108626 -0.03513067 0.1108626 -0.04633563 0.1108626 -0.03590863 0.1237096 -0.04555767 0.1237096 -0.03657662 0.120926 -0.04555767 0.1080789 -0.03590863 0.1080789 -0.04555767 0.1080789 -0.03657662 0.120926 -0.04488962 0.120926 -0.03708922 0.1103392 -0.04488962 0.09749209 -0.03657662 0.09749209 -0.04488962 0.09749209 -0.03708922 0.1103392 -0.04437702 0.1103392 -0.03741151 0.09267067 -0.04437702 0.07982361 -0.03708922 0.07982361 -0.04437702 0.07982361 -0.03741151 0.09267067 -0.0440548 0.09267067 -0.03752142 0.06912463 -0.0440548 0.05627757 -0.03741151 0.05627757 -0.0440548 0.05627757 -0.03752142 0.06912463 -0.04394489 0.06912463 -0.06390202 0.1968504 -0.07032549 0.04921257 -0.06390202 0.04921257 -0.07032549 0.04921257 -0.06390202 0.1968504 -0.07032549 0.1968504 -0.07032549 0.1968504 -0.06390202 0.1968504 -0.06390202 0.2460629 -0.07032549 0.1968504 -0.06390202 0.2460629 -0.07032549 0.2460629 -0.03741151 0.2364718 -0.04394489 0.2236248 -0.03752142 0.2236248 -0.04394489 0.2236248 -0.03741151 0.2364718 -0.0440548 0.2364718 -0.03708922 0.1929754 -0.0440548 0.1801283 -0.03741151 0.1801283 -0.0440548 0.1801283 -0.03708922 0.1929754 -0.04437702 0.1929754 -0.03657662 0.1367657 -0.04437702 0.1239187 -0.03708922 0.1239187 -0.04437702 0.1239187 -0.03657662 0.1367657 -0.04488962 0.1367657 -0.04555767 0.07167345 -0.03657662 0.05882638 -0.03590863 0.07167345 -0.03657662 0.05882638 -0.04555767 0.07167345 -0.04488962 0.05882638 -0.04633563 0.002134442 -0.03590863 -0.01071256 -0.03513067 0.002134442 -0.03590863 -0.01071256 -0.04633563 0.002134442 -0.04555767 -0.01071256 -0.04717046 -0.06711214 -0.03513067 -0.07995921 -0.03429585 -0.06711214 -0.03513067 -0.07995921 -0.04717046 -0.06711214 -0.04633563 -0.07995921 0.04800528 0.1313475 0.03429585 0.1441946 0.03346097 0.1313475 0.03429585 0.1441946 0.04800528 0.1313475 0.04717046 0.1441946 0.04878324 0.186194 0.03346097 0.199041 0.03268307 0.186194 0.03346097 0.199041 0.04878324 0.186194 0.04800528 0.199041 0.04945129 0.2279138 0.03268307 0.2407609 0.03201502 0.2279138 0.03268307 0.2407609 0.04945129 0.2279138 0.04878324 0.2407609 0.04945129 0.2665111 0.03150242 0.253664 0.04996389 0.253664 0.03150242 0.253664 0.04945129 0.2665111 0.03201502 0.2665111 0.04996389 0.2745367 0.0311802 0.2616897 0.05028611 0.2616897 0.0311802 0.2616897 0.04996389 0.2745367 0.03150242 0.2745367 0.05028611 0.2642909 0.03107029 0.2514439 0.05039602 0.2514439 0.03107029 0.2514439 0.05028611 0.2642909 0.0311802 0.2642909 0.05039602 0.2460629 0.03107029 0.04921257 0.05039602 0.04921257 0.03107029 0.04921257 0.05039602 0.2460629 0.03107029 0.2460629 0.05039602 0.04130554 0.0311802 0.02845847 0.05028611 0.02845847 0.0311802 0.02845847 0.05039602 0.04130554 0.03107029 0.04130554 0.05028611 0.01110935 0.03150242 -0.001737654 0.04996389 -0.001737654 0.03150242 -0.001737654 0.05028611 0.01110935 0.0311802 0.01110935 0.04996389 -0.01940613 0.03201502 -0.0322532 0.04945129 -0.0322532 0.03201502 -0.0322532 0.04996389 -0.01940613 0.03150242 -0.01940613 0.03268307 -0.06100851 0.04945129 -0.04816144 0.03201502 -0.04816144 0.04945129 -0.04816144 0.03268307 -0.06100851 0.04878324 -0.06100851 0.03346097 -0.08604395 0.04878324 -0.07319688 0.03268307 -0.07319688 0.04878324 -0.07319688 0.03346097 -0.08604395 0.04800528 -0.08604395 0.03429585 -0.1056534 0.04800528 -0.09280627 0.03346097 -0.09280627 0.04800528 -0.09280627 0.03429585 -0.1056534 0.04717046 -0.1056534 -0.03513067 0.1185004 -0.04717046 0.1056534 -0.03429585 0.1056534 -0.04717046 0.1056534 -0.03513067 0.1185004 -0.04633563 0.1185004 -0.06228923 0.117179 -0.07271623 0.104332 -0.06151127 0.104332 -0.07271623 0.104332 -0.06228923 0.117179 -0.07193827 0.117179 -0.06295728 0.115318 -0.07193827 0.1024709 -0.06228923 0.1024709 -0.07193827 0.1024709 -0.06295728 0.115318 -0.07127028 0.115318 -0.06346988 0.1060361 -0.07127028 0.093189 -0.06295728 0.093189 -0.07127028 0.093189 -0.06346988 0.1060361 -0.07075768 0.1060361 -0.0637921 0.08996564 -0.07075768 0.07711857 -0.06346988 0.07711857 -0.07075768 0.07711857 -0.0637921 0.08996564 -0.0704354 0.08996564 -0.06390202 0.06820195 -0.0704354 0.05535489 -0.0637921 0.05535489 -0.0704354 0.05535489 -0.06390202 0.06820195 -0.07032549 0.06820195 -0.08913427 0.1968504 -0.0955578 0.04921257 -0.08913427 0.04921257 -0.0955578 0.04921257 -0.08913427 0.1968504 -0.0955578 0.1968504 -0.0955578 0.1968504 -0.08913427 0.1968504 -0.08913427 0.2460629 -0.0955578 0.1968504 -0.08913427 0.2460629 -0.0955578 0.2460629 -0.0637921 0.2373945 -0.07032549 0.2245475 -0.06390202 0.2245475 -0.07032549 0.2245475 -0.0637921 0.2373945 -0.0704354 0.2373945 -0.0637921 0.1828334 -0.07075768 0.1956804 -0.0704354 0.1828334 -0.07075768 0.1956804 -0.0637921 0.1828334 -0.06346988 0.1956804 -0.06295728 0.1410688 -0.07075768 0.1282218 -0.06346988 0.1282218 -0.07075768 0.1282218 -0.06295728 0.1410688 -0.07127028 0.1410688 -0.07193827 0.07728141 -0.06295728 0.06443434 -0.06228923 0.07728141 -0.06295728 0.06443434 -0.07193827 0.07728141 -0.07127028 0.06443434 -0.07271623 0.008665084 -0.06228923 -0.004181921 -0.06151127 0.008665084 -0.06228923 -0.004181921 -0.07271623 0.008665084 -0.07193827 -0.004181921 -0.07355105 -0.06010395 -0.06151127 -0.07295101 -0.06067645 -0.06010395 -0.06151127 -0.07295101 -0.07355105 -0.06010395 -0.07271623 -0.07295101 0.07438594 0.1243393 0.06067645 0.1371864 0.05984163 0.1243393 0.06067645 0.1371864 0.07438594 0.1243393 0.07355105 0.1371864 0.07516384 0.1796633 0.05984163 0.1925104 0.05906367 0.1796633 0.05984163 0.1925104 0.07516384 0.1796633 0.07438594 0.1925104 0.07583189 0.2223059 0.05906367 0.235153 0.05839562 0.2223059 0.05906367 0.235153 0.07583189 0.2223059 0.07516384 0.235153 0.07583189 0.262208 0.05788302 0.2493609 0.07634449 0.2493609 0.05788302 0.2493609 0.07583189 0.262208 0.05839562 0.262208 0.07634449 0.2718317 0.0575608 0.2589846 0.07666671 0.2589846 0.0575608 0.2589846 0.07634449 0.2718317 0.05788302 0.2718317 0.07677662 0.2505213 0.0575608 0.2633683 0.05745089 0.2505213 0.0575608 0.2633683 0.07677662 0.2505213 0.07666671 0.2633683 0.07677662 0.2460629 0.05745089 0.04921257 0.07677662 0.04921257 0.05745089 0.04921257 0.07677662 0.2460629 0.05745089 0.2460629 0.07677662 0.04222822 0.0575608 0.02938115 0.07666671 0.02938115 0.0575608 0.02938115 0.07677662 0.04222822 0.05745089 0.04222822 0.07666671 0.01381438 0.05788302 9.67363e-4 0.07634449 9.67363e-4 0.05788302 9.67363e-4 0.07666671 0.01381438 0.0575608 0.01381438 0.07634449 -0.01510304 0.05839562 -0.0279501 0.07583189 -0.0279501 0.05839562 -0.0279501 0.07634449 -0.01510304 0.05788302 -0.01510304 0.05906367 -0.05540055 0.07583189 -0.04255348 0.05839562 -0.04255348 0.07583189 -0.04255348 0.05906367 -0.05540055 0.07516384 -0.05540055 0.05984163 -0.07951331 0.07516384 -0.06666624 0.05906367 -0.06666624 0.07516384 -0.06666624 0.05984163 -0.07951331 0.07438594 -0.07951331 0.06067645 -0.09864515 0.07438594 -0.08579808 0.05984163 -0.08579808 0.07438594 -0.08579808 0.06067645 -0.09864515 0.07355105 -0.09864515 -0.06151127 0.1114922 -0.07355105 0.09864515 -0.06067645 0.09864515 -0.07355105 0.09864515 -0.06151127 0.1114922 -0.07271623 0.1114922 -0.08752149 0.107523 -0.09794855 0.09467601 -0.08674359 0.09467601 -0.09794855 0.09467601 -0.08752149 0.107523 -0.09717059 0.107523 -0.08752149 0.107523 -0.09794855 0.09467601 -0.08674359 0.09467601 -0.09794855 0.09467601 -0.08752149 0.107523 -0.09717059 0.107523 -0.08870214 0.09967356 -0.09650254 0.0868265 -0.08818954 0.0868265 -0.09650254 0.0868265 -0.08870214 0.09967356 -0.09598994 0.09967356 -0.08818954 0.0868265 -0.09598994 0.07311892 -0.08870214 0.07311892 -0.09598994 0.07311892 -0.08818954 0.0868265 -0.09650254 0.0868265 -0.08913427 0.06683778 -0.09566771 0.05399072 -0.08902436 0.05399072 -0.09566771 0.05399072 -0.08913427 0.06683778 -0.0955578 0.06683778 -0.1127865 0.1968504 -0.11921 0.04921257 -0.1127865 0.04921257 -0.11921 0.04921257 -0.1127865 0.1968504 -0.11921 0.1968504 -0.11921 0.1968504 -0.1127865 0.1968504 -0.1127865 0.2460629 -0.11921 0.1968504 -0.1127865 0.2460629 -0.11921 0.2460629 -0.08902436 0.2387587 -0.0955578 0.2259116 -0.08913427 0.2259116 -0.0955578 0.2259116 -0.08902436 0.2387587 -0.09566771 0.2387587 -0.08870214 0.1996801 -0.09566771 0.186833 -0.08902436 0.186833 -0.09566771 0.186833 -0.08870214 0.1996801 -0.09598994 0.1996801 -0.08818954 0.1474313 -0.09598994 0.1345843 -0.08870214 0.1345843 -0.09598994 0.1345843 -0.08818954 0.1474313 -0.09650254 0.1474313 -0.09717059 0.08557313 -0.08870214 0.07311892 -0.08752149 0.08557313 -0.08870214 0.07311892 -0.09717059 0.08557313 -0.09598994 0.07311892 -0.09794855 0.01832103 -0.08752149 0.005473971 -0.08674359 0.01832103 -0.08752149 0.005473971 -0.09794855 0.01832103 -0.09717059 0.005473971 -0.09878337 -0.0497418 -0.08674359 -0.06258887 -0.08590871 -0.0497418 -0.08674359 -0.06258887 -0.09878337 -0.0497418 -0.09794855 -0.06258887 0.09961819 0.1139771 0.08590871 0.1268242 0.08507388 0.1139771 0.08590871 0.1268242 0.09961819 0.1139771 0.09878337 0.1268242 0.1003962 0.1700074 0.08507388 0.1828544 0.08429592 0.1700074 0.08507388 0.1828544 0.1003962 0.1700074 0.09961819 0.1828544 0.1010642 0.2140141 0.08429592 0.2268612 0.08362793 0.2140141 0.08429592 0.2268612 0.1010642 0.2140141 0.1003962 0.2268612 0.1010642 0.2558455 0.08311527 0.2429984 0.1015768 0.2429984 0.08311527 0.2429984 0.1010642 0.2558455 0.08362793 0.2558455 0.1015768 0.2678321 0.08362793 0.2558455 0.1010642 0.2558455 0.08362793 0.2558455 0.1015768 0.2678321 0.08311527 0.2678321 0.101899 0.2620041 0.08268314 0.249157 0.1020089 0.249157 0.08268314 0.249157 0.101899 0.2620041 0.08279305 0.2620041 0.1020089 0.2460629 0.08268314 0.04921257 0.1020089 0.04921257 0.08268314 0.04921257 0.1020089 0.2460629 0.08268314 0.2460629 0.1020089 0.04359239 0.08279305 0.03074532 0.101899 0.03074532 0.08279305 0.03074532 0.1020089 0.04359239 0.08268314 0.04359239 0.101899 0.01781404 0.08311527 0.004966974 0.1015768 0.004966974 0.08311527 0.004966974 0.101899 0.01781404 0.08279305 0.01781404 0.1015768 -0.008740544 0.08362793 -0.02158761 0.1010642 -0.02158761 0.08362793 -0.02158761 0.1015768 -0.008740544 0.08311527 -0.008740544 0.08429592 -0.04710876 0.1010642 -0.0342617 0.08362793 -0.0342617 0.1010642 -0.0342617 0.08429592 -0.04710876 0.1003962 -0.04710876 0.08507388 -0.06985735 0.1003962 -0.05701029 0.08429592 -0.05701029 0.1003962 -0.05701029 0.08507388 -0.06985735 0.09961819 -0.06985735 0.08590871 -0.088283 0.09961819 -0.07543593 0.08507388 -0.07543593 0.09961819 -0.07543593 0.08590871 -0.088283 0.09878337 -0.088283 -0.08674359 0.1011301 -0.09878337 0.088283 -0.08590871 0.088283 -0.09878337 0.088283 -0.08674359 0.1011301 -0.09794855 0.1011301 -0.1111737 0.09490692 -0.1216007 0.08205986 -0.1103958 0.08205986 -0.1216007 0.08205986 -0.1111737 0.09490692 -0.1208228 0.09490692 -0.1118417 0.09619253 -0.1208228 0.08334547 -0.1111737 0.08334547 -0.1208228 0.08334547 -0.1118417 0.09619253 -0.1201547 0.09619253 -0.1123543 0.09136056 -0.1201547 0.0785135 -0.1118417 0.0785135 -0.1201547 0.0785135 -0.1123543 0.09136056 -0.1196421 0.09136056 -0.1126766 0.08074021 -0.1196421 0.06789314 -0.1123543 0.06789314 -0.1196421 0.06789314 -0.1126766 0.08074021 -0.1193199 0.08074021 -0.1127865 0.06505537 -0.1193199 0.0522083 -0.1126766 0.0522083 -0.1193199 0.0522083 -0.1127865 0.06505537 -0.11921 0.06505537 -0.134454 0.04921257 -0.1424919 0.1968504 -0.1424919 0.04921257 -0.1424919 0.1968504 -0.134454 0.04921257 -0.134454 0.1968504 -0.1424919 0.1968504 -0.134454 0.1968504 -0.1424919 0.2460629 -0.1424919 0.2460629 -0.134454 0.1968504 -0.134454 0.2460629 -0.1126766 0.2405411 -0.11921 0.227694 -0.1127865 0.227694 -0.11921 0.227694 -0.1126766 0.2405411 -0.1193199 0.2405411 -0.1123543 0.2049059 -0.1193199 0.1920588 -0.1126766 0.1920588 -0.1193199 0.1920588 -0.1123543 0.2049059 -0.1196421 0.2049059 -0.1118417 0.1557443 -0.1196421 0.1428973 -0.1123543 0.1428973 -0.1196421 0.1428973 -0.1118417 0.1557443 -0.1201547 0.1557443 0.1240484 0.1573912 0.1087261 0.1702383 0.1079481 0.1573912 0.1087261 0.1702383 0.1240484 0.1573912 0.1232704 0.1702383 0.1232704 0.1004384 0.1095609 0.1132854 0.1087261 0.1004384 0.1095609 0.1132854 0.1232704 0.1004384 0.1224356 0.1132854 -0.1224356 -0.03620302 -0.1103958 -0.04905009 -0.1095609 -0.03620302 -0.1103958 -0.04905009 -0.1224356 -0.03620302 -0.1216007 -0.04905009 -0.1216007 0.03093719 -0.1111737 0.01809012 -0.1103958 0.03093719 -0.1111737 0.01809012 -0.1216007 0.03093719 -0.1208228 0.01809012 0.1247164 0.2031804 0.1079481 0.2160274 0.1072801 0.2031804 0.1079481 0.2160274 0.1247164 0.2031804 0.1240484 0.2160274 0.1247164 0.2475324 0.1067675 0.2346854 0.125229 0.2346854 0.1067675 0.2346854 0.1247164 0.2475324 0.1072801 0.2475324 0.125229 0.2626063 0.1064453 0.2497592 0.1255512 0.2497592 0.1064453 0.2497592 0.125229 0.2626063 0.1067675 0.2626063 0.1255512 0.2602217 0.1072801 0.2475324 0.1247164 0.2475324 0.1072801 0.2475324 0.1255512 0.2602217 0.1064453 0.2602217 0.1256611 0.2460629 0.1063354 0.04921257 0.1256611 0.04921257 0.1063354 0.04921257 0.1256611 0.2460629 0.1063354 0.2460629 -0.1103958 0.08759129 -0.1224356 0.07474422 -0.1095609 0.07474422 -0.1224356 0.07474422 -0.1103958 0.08759129 -0.1216007 0.08759129 -0.1328412 0.07954651 -0.143686 0.06669944 -0.1320632 0.06669944 -0.143686 0.06669944 -0.1328412 0.07954651 -0.1432975 0.07954651 0.1256611 0.04537481 0.1064453 0.03252774 0.1255512 0.03252774 0.1064453 0.03252774 0.1256611 0.04537481 0.1063354 0.04537481 0.1255512 0.02303981 0.1067675 0.01019275 0.125229 0.01019275 0.1067675 0.01019275 0.1255512 0.02303981 0.1064453 0.02303981 0.1079481 -0.03627508 0.1247164 -0.02342802 0.1072801 -0.02342802 0.1247164 -0.02342802 0.1079481 -0.03627508 0.1240484 -0.03627508 0.125229 -4.27537e-4 0.1072801 -0.01327455 0.1247164 -0.01327455 0.1072801 -0.01327455 0.125229 -4.27537e-4 0.1067675 -4.27537e-4 -0.1335092 0.0830022 -0.1432975 0.07015514 -0.1328412 0.07015514 -0.1432975 0.07015514 -0.1335092 0.0830022 -0.1429638 0.0830022 0.1095609 -0.07474422 0.1232704 -0.06189715 0.1087261 -0.06189715 0.1232704 -0.06189715 0.1095609 -0.07474422 0.1224356 -0.07474422 0.1087261 -0.0572412 0.1240484 -0.04439413 0.1079481 -0.04439413 0.1240484 -0.04439413 0.1087261 -0.0572412 0.1232704 -0.0572412 -0.7891988 -0.04631727 -0.7957322 -0.05916434 -0.7890889 -0.05916434 -0.7957322 -0.05916434 -0.7891988 -0.04631727 -0.7956223 -0.04631727 0.8816163 0.6301383 0.8662941 0.6429854 0.867072 0.6301383 0.8662941 0.6429854 0.8816163 0.6301383 0.8823943 0.6429854 0.8823943 0.5539911 0.865626 0.5668382 0.8662941 0.5539911 0.865626 0.5668382 0.8823943 0.5539911 0.8830623 0.5668382 -0.7890889 -0.2457879 -0.7960544 -0.2586349 -0.7887666 -0.2586349 -0.7960544 -0.2586349 -0.7890889 -0.2457879 -0.7957322 -0.2457879 -0.7960544 -0.4280707 -0.788254 -0.4409177 -0.7887666 -0.4280707 -0.788254 -0.4409177 -0.7960544 -0.4280707 -0.796567 -0.4409177 -0.7972351 -0.6934017 -0.786808 -0.7062488 -0.787586 -0.6934017 -0.786808 -0.7062488 -0.7972351 -0.6934017 -0.798013 -0.7062488 -0.796567 -0.5807434 -0.787586 -0.5935905 -0.788254 -0.5807434 -0.787586 -0.5935905 -0.796567 -0.5807434 -0.7972351 -0.5935905 0.8830623 0.4396526 0.8651134 0.4524996 0.865626 0.4396526 0.8651134 0.4524996 0.8830623 0.4396526 0.8835749 0.4524996 0.8807815 0.6629049 0.867072 0.6757519 0.8679069 0.6629049 0.867072 0.6757519 0.8807815 0.6629049 0.8816163 0.6757519 -0.8799467 -0.6500578 -0.8679069 -0.6629049 -0.8687417 -0.6500578 -0.8679069 -0.6629049 -0.8799467 -0.6500578 -0.8807815 -0.6629049 0.8838971 0.3077617 0.8651134 0.2949147 0.8835749 0.2949147 0.8651134 0.2949147 0.8838971 0.3077617 0.8647912 0.3077617 0.884007 0.1424882 0.8647912 0.1296411 0.8838971 0.1296411 0.8647912 0.1296411 0.884007 0.1424882 0.8646813 0.1424882 0.884007 0.2460629 0.8646813 0.04921257 0.884007 0.04921257 0.8646813 0.04921257 0.884007 0.2460629 0.8646813 0.2460629 0.8838971 0.1631083 0.8646813 0.1502612 0.884007 0.1502612 0.8646813 0.1502612 0.8838971 0.1631083 0.8647912 0.1631083 0.8835749 -0.02211558 0.8647912 -0.03496265 0.8838971 -0.03496265 0.8647912 -0.03496265 0.8835749 -0.02211558 0.8651134 -0.02211558 0.8651134 -0.2182418 0.8830623 -0.2053947 0.865626 -0.2053947 0.8830623 -0.2053947 0.8651134 -0.2182418 0.8835749 -0.2182418 -0.134454 0.2298642 -0.1425468 0.2427113 -0.1424919 0.2298642 -0.1425468 0.2427113 -0.134454 0.2298642 -0.1343441 0.2427113 -0.1343441 0.1984213 -0.1427078 0.2112684 -0.1425468 0.1984213 -0.1427078 0.2112684 -0.1343441 0.1984213 -0.1340218 0.2112684 -0.1340218 0.1530185 -0.1429638 0.1658656 -0.1427078 0.1530185 -0.1429638 0.1658656 -0.1340218 0.1530185 -0.1335092 0.1658656 -0.1432975 0.1095972 -0.1335092 0.09675014 -0.1328412 0.1095972 -0.1335092 0.09675014 -0.1432975 0.1095972 -0.1429638 0.09675014 -0.143686 0.0462976 -0.1328412 0.03345054 -0.1320632 0.0462976 -0.1328412 0.03345054 -0.143686 0.0462976 -0.1432975 0.03345054 -0.144103 -0.01971924 -0.1320632 -0.0325663 -0.1312284 -0.01971924 -0.1320632 -0.0325663 -0.144103 -0.01971924 -0.143686 -0.0325663 0.14452 0.08395457 0.1312284 0.09680163 0.1303935 0.08395457 0.1312284 0.09680163 0.14452 0.08395457 0.144103 0.09680163 0.1449086 0.1420308 0.1303935 0.1548779 0.1296156 0.1420308 0.1303935 0.1548779 0.1449086 0.1420308 0.14452 0.1548779 0.1452422 0.1899901 0.1296156 0.2028371 0.1289476 0.1899901 0.1296156 0.2028371 0.1452422 0.1899901 0.1449086 0.2028371 0.1452422 0.2374112 0.128435 0.2245641 0.1454982 0.2245641 0.128435 0.2245641 0.1452422 0.2374112 0.1289476 0.2374112 0.1454982 0.2562438 0.1281127 0.2433967 0.1456592 0.2433967 0.1281127 0.2433967 0.1454982 0.2562438 0.128435 0.2562438 0.1456592 0.2580516 0.1280028 0.2452045 0.1457141 0.2452045 0.1280028 0.2452045 0.1456592 0.2580516 0.1281127 0.2580516 0.1457141 0.2452045 0.1280028 0.04921257 0.1457141 0.04921257 0.1280028 0.04921257 0.1457141 0.2452045 0.1280028 0.2452045 0.1457141 0.04754495 0.1281127 0.03469789 0.1456592 0.03469789 0.1281127 0.03469789 0.1457141 0.04754495 0.1280028 0.04754495 0.1456592 0.02940231 0.128435 0.01655524 0.1454982 0.01655524 0.128435 0.01655524 0.1456592 0.02940231 0.1281127 0.02940231 0.1454982 0.009693682 0.1289476 -0.003153324 0.1452422 -0.003153324 0.1289476 -0.003153324 0.1454982 0.009693682 0.128435 0.009693682 0.1296156 -0.02308475 0.1452422 -0.01023769 0.1289476 -0.01023769 0.1452422 -0.01023769 0.1296156 -0.02308475 0.1449086 -0.02308475 0.1303935 -0.04188078 0.1449086 -0.02903372 0.1296156 -0.02903372 0.1449086 -0.02903372 0.1303935 -0.04188078 0.14452 -0.04188078 -0.1492488 0.1968504 -1.031854 0.04921257 -0.1492488 0.04921257 -1.031854 0.04921257 -0.1492488 0.1968504 -1.031854 0.1968504 -1.031854 0.1968504 -0.1492488 0.1968504 -0.1492488 0.2460629 -1.031854 0.1968504 -0.1492488 0.2460629 -1.031854 0.2460629 -0.134454 0.04921257 -0.1424919 0.06288522 -0.1424919 0.04921257 -0.1424919 0.06288522 -0.134454 0.04921257 -0.134454 0.06288522 -0.1340218 0.06153064 -0.1425468 0.07437771 -0.1427078 0.06153064 -0.1425468 0.07437771 -0.1340218 0.06153064 -0.1343441 0.07437771 -0.1335092 0.06839221 -0.1427078 0.08123928 -0.1429638 0.06839221 -0.1427078 0.08123928 -0.1335092 0.06839221 -0.1340218 0.08123928 1.035076 0.04879152 0.1460816 0.03594446 1.035021 0.03594446 0.1460816 0.03594446 1.035076 0.04879152 0.1457141 0.04921257 -0.8679069 0.7014461 -0.8799467 0.688599 -0.8687417 0.688599 -0.8799467 0.688599 -0.8679069 0.7014461 -0.8807815 0.7014461 0.1312284 -0.05826044 0.14452 -0.04541337 0.1303935 -0.04541337 0.14452 -0.04541337 0.1312284 -0.05826044 0.144103 -0.05826044 1.035076 0.2460629 0.1457141 0.04921257 1.035076 0.04879152 0.1457141 0.04921257 1.035076 0.2460629 0.1457141 0.2452045 1.035021 0.256805 0.1456592 0.2433967 1.035076 0.2439579 0.1456592 0.2433967 1.035021 0.256805 0.1454982 0.2562438 1.03486 0.2525889 0.1460816 0.2397419 1.035021 0.2397419 0.1460816 0.2397419 1.03486 0.2525889 0.1462426 0.2525889 1.034604 0.2315971 0.1462426 0.2187501 1.03486 0.2187501 0.1462426 0.2187501 1.034604 0.2315971 0.1464986 0.2315971 1.034604 0.1824131 0.1468322 0.1952601 0.1464986 0.1824131 0.1468322 0.1952601 1.034604 0.1824131 1.03427 0.1952601 1.03427 0.1332072 0.1472208 0.1460543 0.1468322 0.1332072 0.1472208 0.1460543 1.03427 0.1332072 1.033882 0.1460543 1.033882 0.07448571 0.1476378 0.08733278 0.1472208 0.07448571 0.1476378 0.08733278 1.033882 0.07448571 1.033465 0.08733278 -1.033465 -0.01025032 -0.1480547 -0.02309739 -0.1476378 -0.01025032 -0.1480547 -0.02309739 -1.033465 -0.01025032 -1.033048 -0.02309739 -1.033048 0.05512124 -0.1484433 0.04227417 -0.1480547 0.05512124 -0.1484433 0.04227417 -1.033048 0.05512124 -1.032659 0.04227417 -1.032659 0.1171742 -0.148777 0.1043272 -0.1484433 0.1171742 -0.148777 0.1043272 -1.032659 0.1171742 -1.032325 0.1043272 -0.148777 0.1716797 -1.032069 0.1588326 -0.149033 0.1588326 -1.032069 0.1588326 -0.148777 0.1716797 -1.032325 0.1716797 -0.149033 0.2149232 -1.031908 0.2020761 -0.149194 0.2020761 -1.031908 0.2020761 -0.149033 0.2149232 -1.032069 0.2149232 -0.149194 0.2439579 -1.031854 0.2311108 -0.1492488 0.2311108 -1.031854 0.2311108 -0.149194 0.2439579 -1.031908 0.2439579 -1.036082 0.1968504 -1.04412 0.04921257 -1.036082 0.04921257 -1.04412 0.04921257 -1.036082 0.1968504 -1.04412 0.1968504 -1.04412 0.1968504 -1.036082 0.1968504 -1.036082 0.2460629 -1.04412 0.1968504 -1.036082 0.2460629 -1.04412 0.2460629 -0.1492488 0.06163859 -1.031854 0.04921257 -0.1492488 0.04921257 -1.031854 0.04921257 -0.1492488 0.06163859 -1.031854 0.06163859 -0.149194 0.07072287 -1.032069 0.05787581 -0.149033 0.05787581 -1.032069 0.05787581 -0.149194 0.07072287 -1.031908 0.07072287 -0.149033 0.0754252 -1.031854 0.06163859 -0.1492488 0.06163859 -1.031854 0.06163859 -0.149033 0.0754252 -1.032069 0.0754252 -0.149033 0.0754252 -1.031854 0.06163859 -0.1492488 0.06163859 -1.031854 0.06163859 -0.149033 0.0754252 -1.032069 0.0754252 -0.149194 0.07072287 -1.032069 0.05787581 -0.149033 0.05787581 -1.032069 0.05787581 -0.149194 0.07072287 -1.031908 0.07072287 -0.1328412 0.07015514 -0.144103 0.05826044 -0.1312284 0.05826044 -0.144103 0.05826044 -0.1328412 0.07015514 -0.1432975 0.07015514 1.035021 0.03305715 0.1462426 0.02021008 1.03486 0.02021008 0.1462426 0.02021008 1.035021 0.03305715 0.1460816 0.03305715 1.03486 0.01550775 0.1464986 0.002660691 1.034604 0.002660691 0.1464986 0.002660691 1.03486 0.01550775 0.1462426 0.01550775 0.1468322 -0.01550775 1.034604 -0.002660691 0.1464986 -0.002660691 1.034604 -0.002660691 0.1468322 -0.01550775 1.03427 -0.01550775 0.1472208 -0.03305715 1.03427 -0.02021008 0.1468322 -0.02021008 1.03427 -0.02021008 0.1472208 -0.03305715 1.033882 -0.03305715 0.1476378 -0.04879152 1.033882 -0.03594446 0.1472208 -0.03594446 1.033882 -0.03594446 0.1476378 -0.04879152 1.033465 -0.04879152 -0.1480547 0.06163859 -1.033465 0.04879152 -0.1476378 0.04879152 -1.033465 0.04879152 -0.1480547 0.06163859 -1.033048 0.06163859 -1.045732 0.00817883 -1.034887 -0.004668176 -1.035276 0.00817883 -1.034887 -0.004668176 -1.045732 0.00817883 -1.04651 -0.004668176 -1.045064 0.02171742 -1.035276 0.00817883 -1.03561 0.02171742 -1.035276 0.00817883 -1.045064 0.02171742 -1.045732 0.00817883 -1.035866 0.03421378 -1.045064 0.02171742 -1.03561 0.02171742 -1.045064 0.02171742 -1.035866 0.03421378 -1.044552 0.03421378 -1.036027 0.04481625 -1.044552 0.03196918 -1.035866 0.03196918 -1.044552 0.03196918 -1.036027 0.04481625 -1.044229 0.04481625 -1.036082 0.05280238 -1.044229 0.03995531 -1.036027 0.03995531 -1.044229 0.03995531 -1.036082 0.05280238 -1.04412 0.05280238 -1.039198 0.1968504 -1.045621 0.04921257 -1.039198 0.04921257 -1.045621 0.04921257 -1.039198 0.1968504 -1.045621 0.1968504 -1.045621 0.1968504 -1.039198 0.1968504 -1.039198 0.2460629 -1.045621 0.1968504 -1.039198 0.2460629 -1.045621 0.2460629 -1.036027 0.2527942 -1.04412 0.239947 -1.036082 0.239947 -1.04412 0.239947 -1.036027 0.2527942 -1.044229 0.2527942 -1.036082 0.239947 -1.044229 0.2279828 -1.036027 0.2279828 -1.044229 0.2279828 -1.036082 0.239947 -1.04412 0.239947 -1.03561 0.2128911 -1.044552 0.200044 -1.035866 0.200044 -1.044552 0.200044 -1.03561 0.2128911 -1.045064 0.2128911 -1.035276 0.170882 -1.045064 0.1580349 -1.03561 0.1580349 -1.045064 0.1580349 -1.035276 0.170882 -1.045732 0.170882 -1.034887 0.1176652 -1.045732 0.1048182 -1.035276 0.1048182 -1.045732 0.1048182 -1.034887 0.1176652 -1.04651 0.1176652 -1.03447 0.05686759 -1.04651 0.04402053 -1.034887 0.04402053 -1.04651 0.04402053 -1.03447 0.05686759 -1.047345 0.05686759 1.034054 0.00736767 1.047345 0.02021473 1.03486 0.02021008 1.047345 0.02021473 1.034054 0.00736767 1.04818 0.00736767 1.033665 0.07066315 1.04818 0.08351022 1.034054 0.08351022 1.04818 0.08351022 1.033665 0.07066315 1.048958 0.07066315 1.033331 0.1287053 1.048958 0.1415523 1.033665 0.1415523 1.048958 0.1415523 1.033331 0.1287053 1.049626 0.1287053 1.050139 0.1775386 1.033331 0.1903857 1.033075 0.1775386 1.033331 0.1903857 1.050139 0.1775386 1.049626 0.1903857 1.050461 0.2138352 1.033075 0.2266823 1.032914 0.2138352 1.033075 0.2266823 1.050461 0.2138352 1.050139 0.2266823 1.050571 0.2351216 1.032914 0.2479687 1.032859 0.2351216 1.032914 0.2479687 1.050571 0.2351216 1.050461 0.2479687 1.050571 0.04921257 1.032859 0.2460629 1.032859 0.04921257 1.032859 0.2460629 1.050571 0.04921257 1.050571 0.2460629 1.050461 0.04478073 1.032859 0.05762779 1.032914 0.04478073 1.032859 0.05762779 1.050461 0.04478073 1.050571 0.05762779 1.050139 0.0461167 1.032914 0.05896377 1.033075 0.0461167 1.032914 0.05896377 1.050139 0.0461167 1.050461 0.05896377 1.050461 0.04478073 1.032859 0.05762779 1.032914 0.04478073 1.032859 0.05762779 1.050461 0.04478073 1.050571 0.05762779 1.048958 0.03819996 1.033331 0.05104702 1.033665 0.03819996 1.033331 0.05104702 1.048958 0.03819996 1.049626 0.05104702 1.04818 0.02948683 1.033665 0.0423339 1.034054 0.02948683 1.033665 0.0423339 1.04818 0.02948683 1.048958 0.0423339 1.047345 0.0183264 1.034054 0.03117346 1.03447 0.0183264 1.034054 0.03117346 1.047345 0.0183264 1.04818 0.03117346 -1.04651 -0.004668176 -1.03447 -0.0183264 -1.034887 -0.004668176 -1.03447 -0.0183264 -1.04651 -0.004668176 -1.047345 -0.0183264 -1.047234 -0.1179749 -1.036807 -0.130822 -1.037585 -0.1179749 -1.036807 -0.130822 -1.047234 -0.1179749 -1.048012 -0.130822 -1.046566 -0.08661317 -1.037585 -0.09946024 -1.038253 -0.08661317 -1.037585 -0.09946024 -1.046566 -0.08661317 -1.047234 -0.09946024 -1.038766 -0.04891121 -1.046566 -0.06175827 -1.038253 -0.06175827 -1.046566 -0.06175827 -1.038766 -0.04891121 -1.046053 -0.04891121 -1.039088 -0.007438242 -1.046053 -0.0202853 -1.038766 -0.0202853 -1.046053 -0.0202853 -1.039088 -0.007438242 -1.045731 -0.007438242 -1.039198 0.03497928 -1.045064 0.02171742 -1.039088 0.02213221 -1.045064 0.02171742 -1.039198 0.03497928 -1.045621 0.03497928 -1.022864 0.1968504 -1.029287 0.04921257 -1.022864 0.04921257 -1.029287 0.04921257 -1.022864 0.1968504 -1.029287 0.1968504 -1.029287 0.1968504 -1.022864 0.1968504 -1.022864 0.2460629 -1.029287 0.1968504 -1.022864 0.2460629 -1.029287 0.2460629 -1.039088 0.2706172 -1.045621 0.2577701 -1.039198 0.2577701 -1.045621 0.2577701 -1.039088 0.2706172 -1.045731 0.2706172 -1.038766 0.2930845 -1.045731 0.2802374 -1.039088 0.2802374 -1.045731 0.2802374 -1.038766 0.2930845 -1.046053 0.2930845 -1.038253 0.2960162 -1.046053 0.2831691 -1.038766 0.2831691 -1.046053 0.2831691 -1.038253 0.2960162 -1.046566 0.2960162 -1.037585 0.2792127 -1.046566 0.2663656 -1.038253 0.2663656 -1.046566 0.2663656 -1.037585 0.2792127 -1.047234 0.2792127 -1.036807 0.243819 -1.047234 0.2309719 -1.037585 0.2309719 -1.047234 0.2309719 -1.036807 0.243819 -1.048012 0.243819 -1.035972 0.1922473 -1.048012 0.1794002 -1.036807 0.1794002 -1.048012 0.1794002 -1.035972 0.1922473 -1.048847 0.1922473 1.035137 -0.128012 1.048847 -0.1151649 1.035972 -0.1151649 1.048847 -0.1151649 1.035137 -0.128012 1.049682 -0.128012 1.034359 -0.05549055 1.049682 -0.04264348 1.035137 -0.04264348 1.049682 -0.04264348 1.034359 -0.05549055 1.05046 -0.05549055 1.033691 0.02037459 1.05046 0.03322166 1.035021 0.03305715 1.05046 0.03322166 1.033691 0.02037459 1.051128 0.02037459 1.051128 0.1072607 1.033179 0.09441357 1.05164 0.09441357 1.033179 0.09441357 1.051128 0.1072607 1.033691 0.1072607 1.05164 0.1744278 1.032857 0.1615807 1.051962 0.1615807 1.032857 0.1615807 1.05164 0.1744278 1.033179 0.1744278 1.051962 0.2301456 1.032747 0.2172985 1.052072 0.2172985 1.032747 0.2172985 1.051962 0.2301456 1.032857 0.2301456 1.052072 0.2460629 1.032859 0.04921257 1.052072 0.04921257 1.032859 0.04921257 1.052072 0.2460629 1.032859 0.2460629 1.052072 0.07545089 1.032857 0.06260383 1.051962 0.06260383 1.032857 0.06260383 1.052072 0.07545089 1.032747 0.07545089 1.051962 0.1112183 1.033179 0.09837132 1.05164 0.09837132 1.033179 0.09837132 1.051962 0.1112183 1.032857 0.1112183 1.05164 0.1398442 1.033691 0.1269972 1.051128 0.1269972 1.033691 0.1269972 1.05164 0.1398442 1.033179 0.1398442 1.05046 0.1465306 1.033691 0.1593777 1.033882 0.1460543 1.033691 0.1593777 1.05046 0.1465306 1.051128 0.1593777 1.049682 0.1556406 1.034359 0.1684876 1.035137 0.1556406 1.034359 0.1684876 1.049682 0.1556406 1.05046 0.1684876 1.048847 0.1537061 1.035137 0.1665531 1.035972 0.1537061 1.035137 0.1665531 1.048847 0.1537061 1.049682 0.1665531 -1.048012 -0.140859 -1.035972 -0.1537061 -1.036807 -0.140859 -1.035972 -0.1537061 -1.048012 -0.140859 -1.048847 -0.1537061 -1.0309 -0.2432305 -1.020473 -0.2560775 -1.021251 -0.2432305 -1.020473 -0.2560775 -1.0309 -0.2432305 -1.031678 -0.2560775 -1.030232 -0.1941726 -1.021251 -0.2070196 -1.021919 -0.1941726 -1.021251 -0.2070196 -1.030232 -0.1941726 -1.0309 -0.2070196 -1.022431 -0.1314445 -1.030232 -0.1442915 -1.021919 -0.1442915 -1.030232 -0.1442915 -1.022431 -0.1314445 -1.029719 -0.1314445 -1.022754 -0.0593208 -1.029719 -0.07216787 -1.022431 -0.07216787 -1.029719 -0.07216787 -1.022754 -0.0593208 -1.029397 -0.0593208 -1.022864 0.01728314 -1.029397 0.004436075 -1.022754 0.004436075 -1.029397 0.004436075 -1.022864 0.01728314 -1.029287 0.01728314 -0.7956223 0.2460629 -0.7891988 0.1968504 -0.7891988 0.2460629 -0.7891988 0.1968504 -0.7956223 0.2460629 -0.7891988 0.04921257 -0.7891988 0.04921257 -0.7956223 0.2460629 -0.7956223 0.04921257 -0.7956223 0.04921257 -0.7956223 0.2460629 -0.7956223 0.1968504 -1.022754 0.2883134 -1.029287 0.2754663 -1.022864 0.2754663 -1.029287 0.2754663 -1.022754 0.2883134 -1.029397 0.2883134 -1.022431 0.344967 -1.029397 0.33212 -1.022754 0.33212 -1.029397 0.33212 -1.022431 0.344967 -1.029719 0.344967 -1.021919 0.3785494 -1.029719 0.3657023 -1.022431 0.3657023 -1.029719 0.3657023 -1.021919 0.3785494 -1.030232 0.3785494 -1.021251 0.3867721 -1.030232 0.373925 -1.021919 0.373925 -1.030232 0.373925 -1.021251 0.3867721 -1.0309 0.3867721 -1.020473 0.3690746 -1.0309 0.3562275 -1.021251 0.3562275 -1.0309 0.3562275 -1.020473 0.3690746 -1.031678 0.3690746 -1.019638 0.3266631 -1.031678 0.313816 -1.020473 0.313816 -1.031678 0.313816 -1.019638 0.3266631 -1.032513 0.3266631 1.018803 -0.2624278 1.032513 -0.2495807 1.019638 -0.2495807 1.032513 -0.2495807 1.018803 -0.2624278 1.033347 -0.2624278 1.018025 -0.1807461 1.033347 -0.1678991 1.018803 -0.1678991 1.033347 -0.1678991 1.018025 -0.1807461 1.034125 -0.1807461 1.017357 -0.08718472 1.034125 -0.07433766 1.018025 -0.07433766 1.034125 -0.07433766 1.017357 -0.08718472 1.034793 -0.08718472 1.034793 0.0247274 1.016845 0.01188033 1.035306 0.01188033 1.016845 0.01188033 1.034793 0.0247274 1.017357 0.0247274 -0.7001302 0.2460629 -0.6937068 0.1968504 -0.6937068 0.2460629 -0.6937068 0.1968504 -0.7001302 0.2460629 -0.6937068 0.04921257 -0.6937068 0.04921257 -0.7001302 0.2460629 -0.7001302 0.04921257 -0.7001302 0.04921257 -0.7001302 0.2460629 -0.7001302 0.1968504 -0.7957322 0.3519138 -0.7891988 0.3390668 -0.7890889 0.3519138 -0.7891988 0.3390668 -0.7957322 0.3519138 -0.7956223 0.3390668 -0.7960544 0.531434 -0.7890889 0.5185869 -0.7887666 0.531434 -0.7890889 0.5185869 -0.7960544 0.531434 -0.7957322 0.5185869 -0.788254 0.6751756 -0.7960544 0.6623286 -0.7887666 0.6623286 -0.7960544 0.6623286 -0.788254 0.6751756 -0.796567 0.6751756 -0.787586 0.7733429 -0.796567 0.7604958 -0.788254 0.7604958 -0.796567 0.7604958 -0.787586 0.7733429 -0.7972351 0.7733429 -0.786808 0.8192458 -0.7972351 0.8063988 -0.787586 0.8063988 -0.7972351 0.8063988 -0.786808 0.8192458 -0.798013 0.8192458 -0.7859732 0.8097563 -0.798013 0.7969093 -0.786808 0.7969093 -0.798013 0.7969093 -0.7859732 0.8097563 -0.7988479 0.8097563 0.7851384 -0.745521 0.7988479 -0.732674 0.7859732 -0.732674 0.7988479 -0.732674 0.7851384 -0.745521 0.7996827 -0.745521 0.7843604 -0.6309174 0.7996827 -0.6180703 0.7851384 -0.6180703 0.7996827 -0.6180703 0.7843604 -0.6309174 0.8004606 -0.6309174 0.7836924 -0.4737555 0.8004606 -0.4609085 0.7843604 -0.4609085 0.8004606 -0.4609085 0.7836924 -0.4737555 0.8011286 -0.4737555 0.7831798 -0.2847458 0.8011286 -0.2718988 0.7836924 -0.2718988 0.8011286 -0.2718988 0.7831798 -0.2847458 0.8016412 -0.2847458 0.8019635 -0.07676887 0.7831798 -0.0639218 0.7828575 -0.07676887 0.7831798 -0.0639218 0.8019635 -0.07676887 0.8016412 -0.0639218 0.8020734 0.136002 0.7828575 0.148849 0.7827476 0.136002 0.7828575 0.148849 0.8020734 0.136002 0.8019635 0.148849 0.8020734 0.04921257 0.7827476 0.2460629 0.7827476 0.04921257 0.7827476 0.2460629 0.8020734 0.04921257 0.8020734 0.2460629 0.7828575 0.1439004 0.8020734 0.1567475 0.7827476 0.1567475 0.8020734 0.1567475 0.7828575 0.1439004 0.8019635 0.1439004 0.7831798 0.3367209 0.8019635 0.349568 0.7828575 0.349568 0.8019635 0.349568 0.7831798 0.3367209 0.8016412 0.3367209 0.8011286 0.5061566 0.7831798 0.5190037 0.7836924 0.5061566 0.7831798 0.5190037 0.8011286 0.5061566 0.8016412 0.5190037 0.8004606 0.6406609 0.7836924 0.653508 0.7843604 0.6406609 0.7836924 0.653508 0.8004606 0.6406609 0.8011286 0.653508 0.7996827 0.7310674 0.7843604 0.7439145 0.7851384 0.7310674 0.7843604 0.7439145 0.7996827 0.7310674 0.8004606 0.7439145 0.7988479 0.7712152 0.7851384 0.7840622 0.7859732 0.7712152 0.7851384 0.7840622 0.7988479 0.7712152 0.7996827 0.7840622 -0.798013 -0.7583681 -0.7859732 -0.7712152 -0.786808 -0.7583681 -0.7859732 -0.7712152 -0.798013 -0.7583681 -0.7988479 -0.7712152 -0.701743 -0.7835869 -0.691316 -0.796434 -0.692094 -0.7835869 -0.691316 -0.796434 -0.701743 -0.7835869 -0.702521 -0.796434 -0.701075 -0.6581872 -0.692094 -0.6710343 -0.692762 -0.6581872 -0.692094 -0.6710343 -0.701075 -0.6581872 -0.701743 -0.6710343 -0.6932746 -0.4874954 -0.701075 -0.5003425 -0.692762 -0.5003425 -0.701075 -0.5003425 -0.6932746 -0.4874954 -0.7005624 -0.4874954 -0.6935968 -0.2831438 -0.7005624 -0.2959909 -0.6932746 -0.2959909 -0.7005624 -0.2959909 -0.6935968 -0.2831438 -0.7002401 -0.2831438 -0.6937068 -0.05905866 -0.7002401 -0.07190573 -0.6935968 -0.07190573 -0.7002401 -0.07190573 -0.6937068 -0.05905866 -0.7001302 -0.05905866 -0.2197397 0.2460629 -0.2117017 0.1968504 -0.2117017 0.2460629 -0.2117017 0.1968504 -0.2197397 0.2460629 -0.2197397 0.04921257 -0.2197397 0.04921257 -0.2197397 0.2460629 -0.2197397 0.1968504 -0.2197397 0.04921257 -0.2117017 0.04921257 -0.2117017 0.1968504 -0.7002401 0.3646552 -0.6937068 0.3518081 -0.6935968 0.3646552 -0.6937068 0.3518081 -0.7002401 0.3646552 -0.7001302 0.3518081 -0.7005624 0.56879 -0.6935968 0.5559429 -0.6932746 0.56879 -0.6935968 0.5559429 -0.7005624 0.56879 -0.7002401 0.5559429 -0.1201547 0.09619253 -0.1111737 0.08334547 -0.1118417 0.09619253 -0.1111737 0.08334547 -0.1201547 0.09619253 -0.1208228 0.08334547 -0.2197946 0.396546 -0.2117017 0.3836989 -0.2115918 0.396546 -0.2117017 0.3836989 -0.2197946 0.396546 -0.2197397 0.3836989 -0.2199556 0.662289 -0.2115918 0.6494419 -0.2112696 0.662289 -0.2115918 0.6494419 -0.2199556 0.662289 -0.2197946 0.6494419 -0.2202116 0.8833358 -0.2112696 0.8704887 -0.210757 0.8833358 -0.2112696 0.8704887 -0.2202116 0.8833358 -0.2199556 0.8704887 -0.2100889 1.044622 -0.2202116 1.031775 -0.210757 1.031775 -0.2202116 1.031775 -0.2100889 1.044622 -0.2205452 1.044622 -0.209311 1.135158 -0.2205452 1.12231 -0.2100889 1.12231 -0.2205452 1.12231 -0.209311 1.135158 -0.2209338 1.135158 -0.2084761 1.148771 -0.2209338 1.135158 -0.209311 1.135158 -0.2209338 1.135158 -0.2084761 1.148771 -0.2213508 1.148771 0.2076413 -1.084536 0.2213508 -1.071689 0.2084761 -1.071689 0.2213508 -1.071689 0.2076413 -1.084536 0.2217678 -1.084536 0.2068634 -0.9468291 0.2217678 -0.9339821 0.2076413 -0.9339821 0.2217678 -0.9339821 0.2068634 -0.9468291 0.2221563 -0.9468291 0.2061954 -0.7450351 0.2221563 -0.7321881 0.2068634 -0.7321881 0.2221563 -0.7321881 0.2061954 -0.7450351 0.22249 -0.7450351 0.222746 -0.492906 0.2061954 -0.4800589 0.2056828 -0.492906 0.2061954 -0.4800589 0.222746 -0.492906 0.22249 -0.4800589 0.222907 -0.2076238 0.2056828 -0.1947767 0.2053605 -0.2076238 0.2056828 -0.1947767 0.222907 -0.2076238 0.222746 -0.1947767 0.2229619 0.09136974 0.2053605 0.1042168 0.2052506 0.09136974 0.2053605 0.1042168 0.2229619 0.09136974 0.222907 0.1042168 0.2229619 0.04921257 0.2052506 0.2460629 0.2052506 0.04921257 0.2052506 0.2460629 0.2229619 0.04921257 0.2229619 0.2460629 0.2053605 0.1885326 0.2229619 0.2013797 0.2052506 0.2013797 0.2229619 0.2013797 0.2053605 0.1885326 0.222907 0.1885326 0.2056828 0.4675759 0.222907 0.4804229 0.2053605 0.4804229 0.222907 0.4804229 0.2056828 0.4675759 0.222746 0.4675759 0.2061954 0.7143168 0.222746 0.7271639 0.2056828 0.7271639 0.222746 0.7271639 0.2061954 0.7143168 0.22249 0.7143168 0.2221563 0.9119405 0.2061954 0.9247875 0.2068634 0.9119405 0.2061954 0.9247875 0.2221563 0.9119405 0.22249 0.9247875 0.2217678 1.046979 0.2068634 1.059826 0.2076413 1.046979 0.2068634 1.059826 0.2217678 1.046979 0.2221563 1.059826 0.2213508 1.11023 0.2076413 1.123077 0.2084761 1.11023 0.2076413 1.123077 0.2213508 1.11023 0.2217678 1.123077 -0.2209338 -1.097383 -0.2084761 -1.11023 -0.209311 -1.097383 -0.2084761 -1.11023 -0.2209338 -1.097383 -0.2213508 -1.11023 -0.2460629 -1.020473 -0.1480547 -1.03332 -0.1484433 -1.020473 -0.1480547 -1.03332 -0.2460629 -1.020473 -0.2460629 -1.03332 -0.2460629 -0.8744533 -0.148777 -0.8616062 -0.2460629 -0.8616062 -0.148777 -0.8616062 -0.2460629 -0.8744533 -0.1484433 -0.8744533 -0.149033 -0.6435843 -0.2460629 -0.6564314 -0.148777 -0.6564314 -0.2460629 -0.6564314 -0.149033 -0.6435843 -0.2460629 -0.6435843 -0.149194 -0.3812654 -0.2460629 -0.3941125 -0.149033 -0.3941125 -0.2460629 -0.3941125 -0.149194 -0.3812654 -0.2460629 -0.3812654 -0.1492488 -0.09252613 -0.2460629 -0.1053732 -0.149194 -0.1053732 -0.2460629 -0.1053732 -0.1492488 -0.09252613 -0.2460629 -0.09252613 -0.3496317 0.2460629 -0.3432081 0.1968504 -0.3432081 0.2460629 -0.3432081 0.1968504 -0.3496317 0.2460629 -0.3432081 0.04921257 -0.3432081 0.04921257 -0.3496317 0.2460629 -0.3496317 0.04921257 -0.3496317 0.04921257 -0.3496317 0.2460629 -0.3496317 0.1968504 -0.2460629 0.3981227 -0.1492488 0.3852756 -0.149194 0.3981227 -0.1492488 0.3852756 -0.2460629 0.3981227 -0.2460629 0.3852756 -0.2460629 0.6669116 -0.149194 0.6540645 -0.149033 0.6669116 -0.149194 0.6540645 -0.2460629 0.6669116 -0.2460629 0.6540645 -0.2460629 0.8906893 -0.149033 0.8778422 -0.148777 0.8906893 -0.149033 0.8778422 -0.2460629 0.8906893 -0.2460629 0.8778422 -0.1484433 1.054206 -0.2460629 1.041359 -0.148777 1.041359 -0.2460629 1.041359 -0.1484433 1.054206 -0.2460629 1.054206 -0.1484433 1.133471 -0.2460629 1.146318 -0.2460629 1.133471 -0.2460629 1.146318 -0.1484433 1.133471 -0.1480547 1.146318 -0.1476378 1.160748 -0.2460629 1.1479 -0.1480547 1.1479 -0.2460629 1.1479 -0.1476378 1.160748 -0.2460629 1.160748 0.1472208 -1.096512 0.2460629 -1.083665 0.1476378 -1.083665 0.2460629 -1.083665 0.1472208 -1.096512 0.2460629 -1.096512 0.1472208 -0.945142 0.2460629 -0.9579891 0.2460629 -0.945142 0.2460629 -0.9579891 0.1472208 -0.945142 0.1468322 -0.9579891 0.1468322 -0.7417713 0.2460629 -0.7546184 0.2460629 -0.7417713 0.2460629 -0.7546184 0.1468322 -0.7417713 0.1464986 -0.7546184 0.2460629 -0.5002595 0.1464986 -0.4874124 0.1462426 -0.5002595 0.1464986 -0.4874124 0.2460629 -0.5002595 0.2460629 -0.4874124 0.2460629 -0.2122464 0.1462426 -0.1993994 0.1460816 -0.2122464 0.1462426 -0.1993994 0.2460629 -0.2122464 0.2460629 -0.1993994 0.2460629 0.08979308 0.1460816 0.1026402 0.1460267 0.08979308 0.1460816 0.1026402 0.2460629 0.08979308 0.2460629 0.1026402 0.2460629 0.04921257 0.1457141 0.2452045 0.1457141 0.04921257 0.1457141 0.2452045 0.2460629 0.04921257 0.2460629 0.2460629 0.1452422 0.1899901 0.2460629 0.2029563 0.1460267 0.2029563 0.2460629 0.2029563 0.1452422 0.1899901 0.2460629 0.1901093 0.1462426 0.4721984 0.2460629 0.4850455 0.1460816 0.4850455 0.2460629 0.4850455 0.1462426 0.4721984 0.2460629 0.4721984 0.1464986 0.7216703 0.2460629 0.7345173 0.1462426 0.7345173 0.2460629 0.7345173 0.1464986 0.7216703 0.2460629 0.7216703 0.2460629 0.9343708 0.1468322 0.9215238 0.2460629 0.9215238 0.1468322 0.9215238 0.2460629 0.9343708 0.1464986 0.9343708 0.2460629 1.058139 0.1468322 1.070986 0.1472208 1.058139 0.1468322 1.070986 0.2460629 1.058139 0.2460629 1.070986 0.2460629 1.135053 0.1476378 1.122206 0.2460629 1.122206 0.1476378 1.122206 0.2460629 1.135053 0.1472208 1.135053 -0.2460629 -1.122206 -0.1480547 -1.109359 -0.2460629 -1.109359 -0.1480547 -1.109359 -0.2460629 -1.122206 -0.1476378 -1.122206 -1.119153 0.001676857 -1.144627 0.001676857 -1.13189 0 -1.144627 0.001676857 -1.119153 0.001676857 -1.107283 0.006593227 -1.144627 0.001676857 -1.107283 0.006593227 -1.156496 0.006593227 -1.156496 0.006593227 -1.107283 0.006593227 -1.097091 0.01441401 -1.156496 0.006593227 -1.097091 0.01441401 -1.166688 0.01441401 -1.166688 0.01441401 -1.097091 0.01441401 -1.08927 0.02460628 -1.166688 0.01441401 -1.08927 0.02460628 -1.174509 0.02460628 -1.174509 0.02460628 -1.08927 0.02460628 -1.084354 0.03647541 -1.174509 0.02460628 -1.084354 0.03647541 -1.179425 0.03647541 -1.179425 0.03647541 -1.084354 0.03647541 -1.082677 0.04921257 -1.179425 0.03647541 -1.082677 0.04921257 -1.181102 0.04921257 -1.181102 0.04921257 -1.082677 0.04921257 -1.082677 0.1968504 -1.181102 0.04921257 -1.082677 0.1968504 -1.181102 0.2460629 -1.181102 0.2460629 -1.082677 0.1968504 -1.082677 0.2460629 -1.181102 0.2460629 -1.082677 0.2460629 -1.084354 0.2588002 -1.181102 0.2460629 -1.084354 0.2588002 -1.179425 0.2588002 -1.179425 0.2588002 -1.084354 0.2588002 -1.174509 0.2706693 -1.174509 0.2706693 -1.084354 0.2588002 -1.08927 0.2706693 -1.174509 0.2706693 -1.08927 0.2706693 -1.097091 0.2808616 -1.174509 0.2706693 -1.097091 0.2808616 -1.166688 0.2808616 -1.166688 0.2808616 -1.097091 0.2808616 -1.156496 0.2886824 -1.156496 0.2886824 -1.097091 0.2808616 -1.107283 0.2886824 -1.156496 0.2886824 -1.107283 0.2886824 -1.119153 0.2935987 -1.156496 0.2886824 -1.119153 0.2935987 -1.144627 0.2935987 -1.144627 0.2935987 -1.119153 0.2935987 -1.13189 0.2952756 0.04394489 0.04921257 0.03752142 0.1968504 0.03752142 0.04921257 0.03752142 0.1968504 0.04394489 0.04921257 0.03752142 0.2460629 0.03752142 0.2460629 0.04394489 0.04921257 0.04394489 0.2460629 0.04394489 0.2460629 0.04394489 0.04921257 0.04394489 0.1968504 -0.2460629 0.2460629 -0.1492488 0.1968504 -0.1492488 0.2460629 -0.1492488 0.1968504 -0.2460629 0.04921257 -0.1492488 0.04921257 -0.2460629 0.04921257 -0.1492488 0.1968504 -0.2460629 0.2460629 -0.2460629 0.04921257 -0.2460629 0.2460629 -0.2460629 0.1968504 -0.2117017 -0.09094947 -0.2197946 -0.1037965 -0.2115918 -0.1037965 -0.2197946 -0.1037965 -0.2117017 -0.09094947 -0.2197397 -0.09094947 -0.2115918 -0.3766428 -0.2199556 -0.3894899 -0.2112696 -0.3894899 -0.2199556 -0.3894899 -0.2115918 -0.3766428 -0.2197946 -0.3766428 -0.2112696 -0.6362308 -0.2202116 -0.6490779 -0.210757 -0.6490779 -0.2202116 -0.6490779 -0.2112696 -0.6362308 -0.2199556 -0.6362308 -0.2202116 -0.852023 -0.2100889 -0.8648701 -0.210757 -0.852023 -0.2100889 -0.8648701 -0.2202116 -0.852023 -0.2205452 -0.8648701 -0.2205452 -1.009313 -0.209311 -1.022161 -0.2100889 -1.009313 -0.209311 -1.022161 -0.2205452 -1.009313 -0.2209338 -1.022161 -0.3520224 -1.060906 -0.3399826 -1.073753 -0.3408174 -1.060906 -0.3399826 -1.073753 -0.3520224 -1.060906 -0.3528572 -1.073753 0.3528572 1.073753 0.3391478 1.0866 0.3399826 1.073753 0.3391478 1.0866 0.3528572 1.073753 0.3536921 1.0866 0.3536921 1.012988 0.3383698 1.025835 0.3391478 1.012988 0.3383698 1.025835 0.3536921 1.012988 0.35447 1.025835 0.35447 0.8827517 0.3377017 0.8955987 0.3383698 0.8827517 0.3377017 0.8955987 0.35447 0.8827517 0.355138 0.8955987 0.3377017 0.6919194 0.3556506 0.7047665 0.3371891 0.7047665 0.3556506 0.7047665 0.3377017 0.6919194 0.355138 0.6919194 0.3371891 0.4534962 0.3559729 0.4663433 0.3368669 0.4663433 0.3559729 0.4663433 0.3371891 0.4534962 0.3556506 0.4534962 0.3368669 0.1837303 0.3560828 0.1965774 0.336757 0.1965774 0.3560828 0.1965774 0.3368669 0.1837303 0.3559729 0.1837303 0.3560828 0.04921257 0.336757 0.2460629 0.336757 0.04921257 0.336757 0.2460629 0.3560828 0.04921257 0.3560828 0.2460629 0.3560828 0.09617203 0.3368669 0.1090191 0.336757 0.09617203 0.3368669 0.1090191 0.3560828 0.09617203 0.3559729 0.1090191 0.3559729 -0.1935442 0.3371891 -0.1806972 0.3368669 -0.1935442 0.3371891 -0.1806972 0.3559729 -0.1935442 0.3556506 -0.1806972 0.3556506 -0.4705086 0.3377017 -0.4576615 0.3371891 -0.4705086 0.3377017 -0.4576615 0.3556506 -0.4705086 0.355138 -0.4576615 0.3377017 -0.7158463 0.35447 -0.7029992 0.3383698 -0.7029992 0.35447 -0.7029992 0.3377017 -0.7158463 0.355138 -0.7158463 0.3383698 -0.9128381 0.3536921 -0.899991 0.3391478 -0.899991 0.3536921 -0.899991 0.3383698 -0.9128381 0.35447 -0.9128381 0.3391478 -1.048059 0.3528572 -1.035212 0.3399826 -1.035212 0.3528572 -1.035212 0.3391478 -1.048059 0.3536921 -1.048059 -0.3399826 1.112294 -0.3520224 1.099447 -0.3408174 1.099447 -0.3520224 1.099447 -0.3399826 1.112294 -0.3528572 1.112294 -0.3408174 1.101166 -0.3512445 1.088319 -0.3415954 1.088319 -0.3512445 1.088319 -0.3408174 1.101166 -0.3520224 1.101166 -0.3415954 1.015434 -0.3505764 1.002586 -0.3422634 1.002586 -0.3505764 1.002586 -0.3415954 1.015434 -0.3512445 1.015434 -0.3505764 0.8609384 -0.342776 0.8480913 -0.3422634 0.8609384 -0.342776 0.8480913 -0.3505764 0.8609384 -0.3500638 0.8480913 -0.3500638 0.6482094 -0.3430982 0.6353623 -0.342776 0.6482094 -0.3430982 0.6353623 -0.3500638 0.6482094 -0.3497416 0.6353623 -0.3497416 0.3917437 -0.3432081 0.3788967 -0.3430982 0.3917437 -0.3432081 0.3788967 -0.3497416 0.3917437 -0.3496317 0.3788967 -0.4752107 0.2460629 -0.4687872 0.1968504 -0.4687872 0.2460629 -0.4687872 0.1968504 -0.4752107 0.2460629 -0.4687872 0.04921257 -0.4687872 0.04921257 -0.4752107 0.2460629 -0.4752107 0.04921257 -0.4752107 0.04921257 -0.4752107 0.2460629 -0.4752107 0.1968504 -0.3432081 -0.08614718 -0.3497416 -0.09899425 -0.3430982 -0.09899425 -0.3497416 -0.09899425 -0.3432081 -0.08614718 -0.3496317 -0.08614718 -0.3430982 -0.3625632 -0.3500638 -0.3754103 -0.342776 -0.3754103 -0.3500638 -0.3754103 -0.3430982 -0.3625632 -0.3497416 -0.3625632 -0.342776 -0.6138334 -0.3505764 -0.6266805 -0.3422634 -0.6266805 -0.3505764 -0.6266805 -0.342776 -0.6138334 -0.3500638 -0.6138334 -0.3505764 -0.8228341 -0.3415954 -0.8356812 -0.3422634 -0.8228341 -0.3415954 -0.8356812 -0.3505764 -0.8228341 -0.3512445 -0.8356812 -0.3512445 -0.9753223 -0.3408174 -0.9881694 -0.3415954 -0.9753223 -0.3408174 -0.9881694 -0.3512445 -0.9753223 -0.3520224 -0.9881694 -0.4776014 -1.007723 -0.4655616 -1.02057 -0.4663965 -1.007723 -0.4655616 -1.02057 -0.4776014 -1.007723 -0.4784363 -1.02057 0.4784363 1.02057 0.4647268 1.033417 0.4655616 1.02057 0.4647268 1.033417 0.4784363 1.02057 0.4792711 1.033417 0.4792711 0.9634293 0.4639489 0.9762763 0.4647268 0.9634293 0.4639489 0.9762763 0.4792711 0.9634293 0.4800491 0.9762763 0.4800491 0.8401945 0.4632808 0.8530416 0.4639489 0.8401945 0.4632808 0.8530416 0.4800491 0.8401945 0.4807171 0.8530416 0.4632808 0.6592642 0.4812297 0.6721113 0.4627682 0.6721113 0.4812297 0.6721113 0.4632808 0.6592642 0.4807171 0.6592642 0.4627682 0.4329683 0.481552 0.4458154 0.462446 0.4458154 0.481552 0.4458154 0.4627682 0.4329683 0.4812297 0.4329683 0.462446 0.1767286 0.4816619 0.1895757 0.4623361 0.1895757 0.4816619 0.1895757 0.462446 0.1767286 0.481552 0.1767286 0.4816619 0.04921257 0.4623361 0.2460629 0.4623361 0.04921257 0.4623361 0.2460629 0.4816619 0.04921257 0.4816619 0.2460629 0.4816619 0.1031737 0.462446 0.1160208 0.4623361 0.1031737 0.462446 0.1160208 0.4816619 0.1031737 0.481552 0.1160208 0.481552 -0.1730163 0.4627682 -0.1601693 0.462446 -0.1730163 0.4627682 -0.1601693 0.481552 -0.1730163 0.4812297 -0.1601693 0.4812297 -0.4378534 0.4632808 -0.4250063 0.4627682 -0.4378534 0.4632808 -0.4250063 0.4812297 -0.4378534 0.4807171 -0.4250063 0.4632808 -0.6732892 0.4800491 -0.6604422 0.4639489 -0.6604422 0.4800491 -0.6604422 0.4632808 -0.6732892 0.4807171 -0.6732892 0.4639489 -0.8632793 0.4792711 -0.8504322 0.4647268 -0.8504322 0.4792711 -0.8504322 0.4639489 -0.8632793 0.4800491 -0.8632793 0.4647268 -0.994876 0.4784363 -0.9820289 0.4655616 -0.9820289 0.4784363 -0.9820289 0.4647268 -0.994876 0.4792711 -0.994876 -0.4655616 1.059111 -0.4776014 1.046264 -0.4663965 1.046264 -0.4776014 1.046264 -0.4655616 1.059111 -0.4784363 1.059111 -0.4663965 1.051608 -0.4768235 1.038761 -0.4671744 1.038761 -0.4768235 1.038761 -0.4663965 1.051608 -0.4776014 1.051608 -0.4671744 0.9728766 -0.4761555 0.9600295 -0.4678425 0.9600295 -0.4761555 0.9600295 -0.4671744 0.9728766 -0.4768235 0.9728766 -0.4761555 0.8282832 -0.4683551 0.8154361 -0.4678425 0.8282832 -0.4683551 0.8154361 -0.4761555 0.8282832 -0.4756429 0.8154361 -0.4756429 0.6276814 -0.4686773 0.6148344 -0.4683551 0.6276814 -0.4686773 0.6148344 -0.4756429 0.6276814 -0.4753206 0.6148344 -0.4753206 0.384742 -0.4687872 0.371895 -0.4686773 0.384742 -0.4687872 0.371895 -0.4753206 0.384742 -0.4752107 0.371895 -0.5927138 0.2460629 -0.5862902 0.1968504 -0.5862902 0.2460629 -0.5862902 0.1968504 -0.5927138 0.2460629 -0.5862902 0.04921257 -0.5862902 0.04921257 -0.5927138 0.2460629 -0.5927138 0.04921257 -0.5927138 0.04921257 -0.5927138 0.2460629 -0.5927138 0.1968504 -0.4687872 -0.07914549 -0.4753206 -0.09199255 -0.4686773 -0.09199255 -0.4753206 -0.09199255 -0.4687872 -0.07914549 -0.4752107 -0.07914549 -0.4686773 -0.3420353 -0.4756429 -0.3548824 -0.4683551 -0.3548824 -0.4756429 -0.3548824 -0.4686773 -0.3420353 -0.4753206 -0.3420353 -0.4683551 -0.5811783 -0.4761555 -0.5940253 -0.4678425 -0.5940253 -0.4761555 -0.5940253 -0.4683551 -0.5811783 -0.4756429 -0.5811783 -0.4761555 -0.7802771 -0.4671744 -0.7931241 -0.4678425 -0.7802771 -0.4671744 -0.7931241 -0.4761555 -0.7802771 -0.4768235 -0.7931241 -0.4768235 -0.9257636 -0.4663965 -0.9386107 -0.4671744 -0.9257636 -0.4663965 -0.9386107 -0.4768235 -0.9257636 -0.4776014 -0.9386107 -0.5951045 -0.9387438 -0.5830647 -0.9515909 -0.5838995 -0.9387438 -0.5830647 -0.9515909 -0.5951045 -0.9387438 -0.5959393 -0.9515909 0.5959393 0.9515909 0.5822299 0.964438 0.5830647 0.9515909 0.5822299 0.964438 0.5959393 0.9515909 0.5967742 0.964438 0.5967742 0.8991509 0.5814519 0.9119979 0.5822299 0.8991509 0.5814519 0.9119979 0.5967742 0.8991509 0.5975521 0.9119979 0.5975521 0.7849974 0.5807839 0.7978445 0.5814519 0.7849974 0.5807839 0.7978445 0.5975521 0.7849974 0.5982201 0.7978445 0.5807839 0.61691 0.5987328 0.6297571 0.5802713 0.6297571 0.5987328 0.6297571 0.5807839 0.61691 0.5982201 0.61691 0.5802713 0.4063434 0.599055 0.4191904 0.579949 0.4191904 0.599055 0.4191904 0.5802713 0.4063434 0.5987328 0.4063434 0.579949 0.1676473 0.5991649 0.1804944 0.5798391 0.1804944 0.5991649 0.1804944 0.579949 0.1676473 0.599055 0.1676473 0.5991649 0.04921257 0.5798391 0.2460629 0.5798391 0.04921257 0.5798391 0.2460629 0.5991649 0.04921257 0.5991649 0.2460629 0.5991649 0.112255 0.579949 0.1251021 0.5798391 0.112255 0.579949 0.1251021 0.5991649 0.112255 0.599055 0.1251021 0.599055 -0.1463913 0.5802713 -0.1335443 0.579949 -0.1463913 0.5802713 -0.1335443 0.599055 -0.1463913 0.5987328 -0.1335443 0.5987328 -0.3954991 0.5807839 -0.3826521 0.5802713 -0.3954991 0.5807839 -0.3826521 0.5987328 -0.3954991 0.5982201 -0.3826521 0.5807839 -0.6180921 0.5975521 -0.6052451 0.5814519 -0.6052451 0.5975521 -0.6052451 0.5807839 -0.6180921 0.5982201 -0.6180921 0.5814519 -0.7990009 0.5967742 -0.7861538 0.5822299 -0.7861538 0.5967742 -0.7861538 0.5814519 -0.7990009 0.5975521 -0.7990009 0.5822299 -0.9258968 0.5959393 -0.9130497 0.5830647 -0.9130497 0.5959393 -0.9130497 0.5822299 -0.9258968 0.5967742 -0.9258968 -0.5830647 0.9901321 -0.5951045 0.977285 -0.5838995 0.977285 -0.5951045 0.977285 -0.5830647 0.9901321 -0.5959393 0.9901321 -0.5838995 0.9873293 -0.5943266 0.9744822 -0.5846775 0.9744822 -0.5943266 0.9744822 -0.5838995 0.9873293 -0.5951045 0.9873293 -0.5846775 0.9176794 -0.5936585 0.9048324 -0.5853455 0.9048324 -0.5936585 0.9048324 -0.5846775 0.9176794 -0.5943266 0.9176794 -0.5936585 0.785929 -0.5858581 0.7730819 -0.5853455 0.785929 -0.5858581 0.7730819 -0.5936585 0.785929 -0.5931459 0.7730819 -0.5931459 0.6010565 -0.5861803 0.5882094 -0.5858581 0.6010565 -0.5861803 0.5882094 -0.5931459 0.6010565 -0.5928237 0.5882094 -0.5928237 0.3756607 -0.5862902 0.3628137 -0.5861803 0.3756607 -0.5862902 0.3628137 -0.5928237 0.3756607 -0.5927138 0.3628137 -0.8711324 0.1968504 -0.8775559 0.04921257 -0.8711324 0.04921257 -0.8775559 0.04921257 -0.8711324 0.1968504 -0.8775559 0.1968504 -0.8775559 0.1968504 -0.8711324 0.1968504 -0.8711324 0.2460629 -0.8775559 0.1968504 -0.8711324 0.2460629 -0.8775559 0.2460629 -0.5862902 -0.07006418 -0.5928237 -0.08291125 -0.5861803 -0.08291125 -0.5928237 -0.08291125 -0.5862902 -0.07006418 -0.5927138 -0.07006418 -0.5861803 -0.3154103 -0.5931459 -0.3282574 -0.5858581 -0.3282574 -0.5931459 -0.3282574 -0.5861803 -0.3154103 -0.5928237 -0.3154103 -0.5858581 -0.538824 -0.5936585 -0.5516711 -0.5853455 -0.5516711 -0.5936585 -0.5516711 -0.5858581 -0.538824 -0.5931459 -0.538824 -0.5936585 -0.72508 -0.5846775 -0.737927 -0.5853455 -0.72508 -0.5846775 -0.737927 -0.5936585 -0.72508 -0.5943266 -0.737927 -0.5943266 -0.8614852 -0.5838995 -0.8743323 -0.5846775 -0.8614852 -0.5838995 -0.8743323 -0.5943266 -0.8614852 -0.5951045 -0.8743323 -0.702521 -0.8551487 -0.6904812 -0.8679958 -0.691316 -0.8551487 -0.6904812 -0.8679958 -0.702521 -0.8551487 -0.7033558 -0.8679958 0.7033558 0.8679958 0.6896464 0.8808429 0.6904812 0.8679958 0.6896464 0.8808429 0.7033558 0.8679958 0.7041907 0.8808429 0.7041907 0.8212526 0.6888684 0.8340997 0.6896464 0.8212526 0.6888684 0.8340997 0.7041907 0.8212526 0.7049686 0.8340997 0.7049686 0.7181047 0.6882004 0.7309517 0.6888684 0.7181047 0.6882004 0.7309517 0.7049686 0.7181047 0.7056366 0.7309517 0.6882004 0.5655814 0.7061492 0.5784285 0.6876878 0.5784285 0.7061492 0.5784285 0.6882004 0.5655814 0.7056366 0.5655814 0.6876878 0.3740769 0.7064715 0.3869239 0.6873655 0.3869239 0.7064715 0.3869239 0.6876878 0.3740769 0.7061492 0.3740769 0.6873655 0.1566419 0.7065814 0.1694889 0.6872556 0.1694889 0.7065814 0.1694889 0.6873655 0.1566419 0.7064715 0.1566419 0.7065814 0.04921257 0.6872556 0.2460629 0.6872556 0.04921257 0.6872556 0.2460629 0.7065814 0.04921257 0.7065814 0.2460629 0.7065814 0.1232605 0.6873655 0.1361076 0.6872556 0.1232605 0.6873655 0.1361076 0.7065814 0.1232605 0.7064715 0.1361076 0.7064715 -0.1141248 0.6876878 -0.1012777 0.6873655 -0.1141248 0.6876878 -0.1012777 0.7064715 -0.1141248 0.7061492 -0.1012777 0.7061492 -0.3441705 0.6882004 -0.3313235 0.6876878 -0.3441705 0.6882004 -0.3313235 0.7061492 -0.3441705 0.7056366 -0.3313235 0.6882004 -0.5511994 0.7049686 -0.5383523 0.6888684 -0.5383523 0.7049686 -0.5383523 0.6882004 -0.5511994 0.7056366 -0.5511994 0.6888684 -0.7211026 0.7041907 -0.7082555 0.6896464 -0.7082555 0.7041907 -0.7082555 0.6888684 -0.7211026 0.7049686 -0.7211026 0.6896464 -0.8423017 0.7033558 -0.8294546 0.6904812 -0.8294546 0.7033558 -0.8294546 0.6896464 -0.8423017 0.7041907 -0.8423017 -0.6904812 0.906537 -0.702521 0.8936899 -0.691316 0.8936899 -0.702521 0.8936899 -0.6904812 0.906537 -0.7033558 0.906537 -0.691316 0.909431 -0.701743 0.896584 -0.692094 0.896584 -0.701743 0.896584 -0.691316 0.909431 -0.702521 0.909431 -0.692094 0.8507867 -0.701075 0.8379396 -0.692762 0.8379396 -0.701075 0.8379396 -0.692094 0.8507867 -0.701743 0.8507867 -0.701075 0.7346004 -0.6932746 0.7217533 -0.692762 0.7346004 -0.6932746 0.7217533 -0.701075 0.7346004 -0.7005624 0.7217533 -0.8687417 0.7183167 -0.8791687 0.7054697 -0.8695197 0.7054697 -0.8791687 0.7054697 -0.8687417 0.7183167 -0.8799467 0.7183167 -0.8695197 0.6866731 -0.8785006 0.673826 -0.8701876 0.673826 -0.8785006 0.673826 -0.8695197 0.6866731 -0.8791687 0.6866731 -0.8701876 0.6086716 -0.8779881 0.5958245 -0.8707002 0.5958245 -0.8779881 0.5958245 -0.8701876 0.6086716 -0.8785006 0.6086716 -0.8707002 0.4896278 -0.8776658 0.4767807 -0.8710225 0.4767807 -0.8776658 0.4767807 -0.8707002 0.4896278 -0.8779881 0.4896278 -0.8710225 0.3376545 -0.8775559 0.3248074 -0.8711324 0.3248074 -0.8775559 0.3248074 -0.8710225 0.3376545 -0.8776658 0.3376545 -0.9381058 0.1968504 -0.9445293 0.04921257 -0.9381058 0.04921257 -0.9445293 0.04921257 -0.9381058 0.1968504 -0.9445293 0.1968504 -0.9445293 0.1968504 -0.9381058 0.1968504 -0.9381058 0.2460629 -0.9445293 0.1968504 -0.9381058 0.2460629 -0.9445293 0.2460629 -0.8711324 -0.03205794 -0.8776658 -0.044905 -0.8710225 -0.044905 -0.8776658 -0.044905 -0.8711324 -0.03205794 -0.8775559 -0.03205794 -0.8710225 -0.2039816 -0.8779881 -0.2168287 -0.8707002 -0.2168287 -0.8779881 -0.2168287 -0.8710225 -0.2039816 -0.8776658 -0.2039816 -0.8779881 -0.3615666 -0.8701876 -0.3744137 -0.8707002 -0.3615666 -0.8701876 -0.3744137 -0.8779881 -0.3615666 -0.8785006 -0.3744137 -0.8785006 -0.4940736 -0.8695197 -0.5069207 -0.8701876 -0.4940736 -0.8695197 -0.5069207 -0.8785006 -0.4940736 -0.8791687 -0.5069207 -0.8791687 -0.5924726 -0.8687417 -0.6053197 -0.8695197 -0.5924726 -0.8687417 -0.6053197 -0.8791687 -0.5924726 -0.8799467 -0.6053197 -0.94692 -0.5320711 -0.9348803 -0.5449182 -0.9357151 -0.5320711 -0.9348803 -0.5449182 -0.94692 -0.5320711 -0.9477549 -0.5449182 0.9477549 0.5449182 0.9340454 0.5577653 0.9348803 0.5449182 0.9340454 0.5577653 0.9477549 0.5449182 0.9485897 0.5577653 0.9485897 0.5201922 0.9332675 0.5330393 0.9340454 0.5201922 0.9332675 0.5330393 0.9485897 0.5201922 0.9493677 0.5330393 0.9493677 0.4595783 0.9325994 0.4724254 0.9332675 0.4595783 0.9325994 0.4724254 0.9493677 0.4595783 0.9500357 0.4724254 0.9505483 0.3800541 0.9325994 0.3672071 0.9500357 0.3672071 0.9325994 0.3672071 0.9505483 0.3800541 0.9320868 0.3800541 0.9508705 0.2622206 0.9320868 0.2493735 0.9505483 0.2493735 0.9320868 0.2493735 0.9508705 0.2622206 0.9317646 0.2622206 0.9509804 0.1269549 0.9317646 0.1141079 0.9508705 0.1141079 0.9317646 0.1141079 0.9509804 0.1269549 0.9316547 0.1269549 0.9509804 0.2460629 0.9316547 0.04921257 0.9509804 0.04921257 0.9316547 0.04921257 0.9509804 0.2460629 0.9316547 0.2460629 0.9508705 0.1786416 0.9316547 0.1657945 0.9509804 0.1657945 0.9316547 0.1657945 0.9508705 0.1786416 0.9317646 0.1786416 0.9505483 0.02342551 0.9317646 0.01057845 0.9508705 0.01057845 0.9317646 0.01057845 0.9505483 0.02342551 0.9320868 0.02342551 0.9500357 -0.1329492 0.9320868 -0.1457962 0.9505483 -0.1457962 0.9320868 -0.1457962 0.9500357 -0.1329492 0.9325994 -0.1329492 0.9325994 -0.2926729 0.9493677 -0.2798259 0.9332675 -0.2798259 0.9493677 -0.2798259 0.9325994 -0.2926729 0.9500357 -0.2926729 0.9332675 -0.4200422 0.9485897 -0.4071952 0.9340454 -0.4071952 0.9485897 -0.4071952 0.9332675 -0.4200422 0.9493677 -0.4200422 0.9340454 -0.5192241 0.9477549 -0.506377 0.9348803 -0.506377 0.9477549 -0.506377 0.9340454 -0.5192241 0.9485897 -0.5192241 -0.9348803 0.5834594 -0.94692 0.5706123 -0.9357151 0.5706123 -0.94692 0.5706123 -0.9348803 0.5834594 -0.9477549 0.5834594 -0.9357151 0.6083707 -0.9461421 0.5955236 -0.936493 0.5955236 -0.9461421 0.5955236 -0.9357151 0.6083707 -0.94692 0.6083707 -0.936493 0.5922603 -0.945474 0.5794132 -0.937161 0.5794132 -0.945474 0.5794132 -0.936493 0.5922603 -0.9461421 0.5922603 -0.937161 0.536226 -0.9449614 0.523379 -0.9376736 0.523379 -0.9449614 0.523379 -0.937161 0.536226 -0.945474 0.536226 -0.9376736 0.4440867 -0.9446392 0.4312396 -0.9379959 0.4312396 -0.9446392 0.4312396 -0.9376736 0.4440867 -0.9449614 0.4440867 -0.9379959 0.3221213 -0.9445293 0.3092742 -0.9381058 0.3092742 -0.9445293 0.3092742 -0.9379959 0.3221213 -0.9446392 0.3221213 -0.988973 0.1968504 -0.9953965 0.04921257 -0.988973 0.04921257 -0.9953965 0.04921257 -0.988973 0.1968504 -0.9953965 0.1968504 -0.9953965 0.1968504 -0.988973 0.1968504 -0.988973 0.2460629 -0.9953965 0.1968504 -0.988973 0.2460629 -0.9953965 0.2460629 -0.9381058 -0.01652473 -0.9446392 -0.02937179 -0.9379959 -0.02937179 -0.9446392 -0.02937179 -0.9381058 -0.01652473 -0.9445293 -0.01652473 -0.9379959 -0.1584405 -0.9449614 -0.1712875 -0.9376736 -0.1712875 -0.9449614 -0.1712875 -0.9379959 -0.1584405 -0.9446392 -0.1584405 -0.9376736 -0.2891211 -0.945474 -0.3019682 -0.937161 -0.3019682 -0.945474 -0.3019682 -0.9376736 -0.2891211 -0.9449614 -0.2891211 -0.945474 -0.3996608 -0.936493 -0.4125079 -0.937161 -0.3996608 -0.936493 -0.4125079 -0.945474 -0.3996608 -0.9461421 -0.4125079 -0.9461421 -0.4825266 -0.9357151 -0.4953736 -0.936493 -0.4825266 -0.9357151 -0.4953736 -0.9461421 -0.4825266 -0.94692 -0.4953736 -0.9977872 -0.4064269 -0.9857474 -0.4192739 -0.9865822 -0.4064269 -0.9857474 -0.4192739 -0.9977872 -0.4064269 -0.9986221 -0.4192739 0.9986221 0.4192739 0.9849126 0.432121 0.9857474 0.4192739 0.9849126 0.432121 0.9986221 0.4192739 0.9994569 0.432121 0.9994569 0.4031104 0.9841346 0.4159575 0.9849126 0.4031104 0.9841346 0.4159575 0.9994569 0.4031104 1.000235 0.4159575 1.000235 0.3590378 0.9834666 0.3718849 0.9841346 0.3590378 0.9834666 0.3718849 1.000235 0.3590378 1.000903 0.3718849 1.001415 0.3029068 0.9834666 0.2900597 1.000903 0.2900597 0.9834666 0.2900597 1.001415 0.3029068 0.982954 0.3029068 1.001738 0.2137237 0.982954 0.2008767 1.001415 0.2008767 0.982954 0.2008767 1.001738 0.2137237 0.9826318 0.2137237 1.001848 0.1104136 0.9826318 0.09756648 1.001738 0.09756648 0.9826318 0.09756648 1.001848 0.1104136 0.9825218 0.1104136 1.001848 0.2460629 0.9825218 0.04921257 1.001848 0.04921257 0.9825218 0.04921257 1.001848 0.2460629 0.9825218 0.2460629 1.001738 0.1951829 0.9825218 0.1823359 1.001848 0.1823359 0.9825218 0.1823359 1.001738 0.1951829 0.9826318 0.1951829 1.001415 0.07192236 0.9826318 0.05907529 1.001738 0.05907529 0.9826318 0.05907529 1.001415 0.07192236 0.982954 0.07192236 1.000903 -0.0558018 0.982954 -0.06864887 1.001415 -0.06864887 0.982954 -0.06864887 1.000903 -0.0558018 0.9834666 -0.0558018 0.9834666 -0.1921325 1.000235 -0.1792854 0.9841346 -0.1792854 1.000235 -0.1792854 0.9834666 -0.1921325 1.000903 -0.1921325 0.9841346 -0.3029604 0.9994569 -0.2901133 0.9849126 -0.2901133 0.9994569 -0.2901133 0.9841346 -0.3029604 1.000235 -0.3029604 0.9849126 -0.3935798 0.9986221 -0.3807327 0.9857474 -0.3807327 0.9986221 -0.3807327 0.9849126 -0.3935798 0.9994569 -0.3935798 -0.9857474 0.4578151 -0.9977872 0.4449681 -0.9865822 0.4449681 -0.9977872 0.4449681 -0.9857474 0.4578151 -0.9986221 0.4578151 -0.9865822 0.4912889 -0.9970093 0.4784418 -0.9873602 0.4784418 -0.9970093 0.4784418 -0.9865822 0.4912889 -0.9977872 0.4912889 -0.9865822 0.4912889 -0.9970093 0.4784418 -0.9873602 0.4784418 -0.9970093 0.4784418 -0.9865822 0.4912889 -0.9977872 0.4912889 -0.9880282 0.4590787 -0.9958286 0.4462316 -0.9885408 0.4462316 -0.9958286 0.4462316 -0.9880282 0.4590787 -0.9963412 0.4590787 -0.9885408 0.3955898 -0.9955064 0.3827427 -0.9888631 0.3827427 -0.9955064 0.3827427 -0.9885408 0.3955898 -0.9958286 0.3955898 -0.9888631 0.3055799 -0.9953965 0.2927328 -0.988973 0.2927328 -0.9953965 0.2927328 -0.9888631 0.3055799 -0.9955064 0.3055799 0.07032549 0.04921257 0.06390202 0.1968504 0.06390202 0.04921257 0.06390202 0.1968504 0.07032549 0.04921257 0.06390202 0.2460629 0.06390202 0.2460629 0.07032549 0.04921257 0.07032549 0.2460629 0.07032549 0.2460629 0.07032549 0.04921257 0.07032549 0.1968504 -0.988973 1.66498e-5 -0.9955064 -0.01283037 -0.9888631 -0.01283037 -0.9955064 -0.01283037 -0.988973 1.66498e-5 -0.9953965 1.66498e-5 -0.9888631 -0.1099436 -0.9958286 -0.1227907 -0.9885408 -0.1227907 -0.9958286 -0.1227907 -0.9888631 -0.1099436 -0.9955064 -0.1099436 -0.9970093 -0.3654447 -0.9865822 -0.3782918 -0.9873602 -0.3654447 -0.9865822 -0.3782918 -0.9970093 -0.3654447 -0.9977872 -0.3782918 -1.031678 -0.2752748 -1.019638 -0.2881219 -1.020473 -0.2752748 -1.019638 -0.2881219 -1.031678 -0.2752748 -1.032513 -0.2881219 -0.9963412 -0.2991204 -0.9873602 -0.3119674 -0.9880282 -0.2991204 -0.9873602 -0.3119674 -0.9963412 -0.2991204 -0.9970093 -0.3119674 -0.9885408 -0.2119737 -0.9963412 -0.2248207 -0.9880282 -0.2248207 -0.9963412 -0.2248207 -0.9885408 -0.2119737 -0.9958286 -0.2119737 1.035628 0.2124494 1.016412 0.1996024 1.035738 0.1996024 1.016412 0.1996024 1.035628 0.2124494 1.016522 0.2124494 1.035076 0.2460629 1.016412 0.04921257 1.035076 0.04879152 1.016412 0.04921257 1.035076 0.2460629 1.016412 0.2460629 1.035738 0.09314703 1.016522 0.08029997 1.035628 0.08029997 1.016522 0.08029997 1.035738 0.09314703 1.016412 0.09314703 1.035628 0.1631009 1.016845 0.1502538 1.035306 0.1502538 1.016845 0.1502538 1.035628 0.1631009 1.016522 0.1631009 1.035306 0.2223775 1.017357 0.2095304 1.034793 0.2095304 1.017357 0.2095304 1.035306 0.2223775 1.016845 0.2223775 1.034125 0.2540901 1.017357 0.2669371 1.018025 0.2540901 1.017357 0.2669371 1.034125 0.2540901 1.034793 0.2669371 1.033347 0.2808962 1.018025 0.2937433 1.018803 0.2808962 1.018025 0.2937433 1.033347 0.2808962 1.034125 0.2937433 1.032513 0.2881219 1.018803 0.300969 1.019638 0.2881219 1.018803 0.300969 1.032513 0.2881219 1.033347 0.300969 0.865626 -0.3870857 0.8823943 -0.3742387 0.8662941 -0.3742387 0.8823943 -0.3742387 0.865626 -0.3870857 0.8830623 -0.3870857 0.8662941 -0.5299883 0.8816163 -0.5171412 0.867072 -0.5171412 0.8816163 -0.5171412 0.8662941 -0.5299883 0.8823943 -0.5299883 0.867072 -0.6372107 0.8807815 -0.6243637 0.8679069 -0.6243637 0.8807815 -0.6243637 0.867072 -0.6372107 0.8816163 -0.6372107 1.035306 0.1225452 1.016522 0.1096981 1.035628 0.1096981 1.016522 0.1096981 1.035306 0.1225452 1.016845 0.1225452 -0.05788302 0.2718317 -0.07666671 0.2589846 -0.0575608 0.2589846 -0.07666671 0.2589846 -0.05788302 0.2718317 -0.07634449 0.2718317 -0.05839562 0.262208 -0.07634449 0.2493609 -0.05788302 0.2493609 -0.07634449 0.2493609 -0.05839562 0.262208 -0.07583189 0.262208 -0.05839562 0.2223059 -0.07516384 0.235153 -0.07583189 0.2223059 -0.07516384 0.235153 -0.05839562 0.2223059 -0.05906367 0.235153 -0.05906367 0.1796633 -0.07438594 0.1925104 -0.07516384 0.1796633 -0.07438594 0.1925104 -0.05906367 0.1796633 -0.05984163 0.1925104 -0.05984163 0.1243393 -0.07355105 0.1371864 -0.07438594 0.1243393 -0.07355105 0.1371864 -0.05984163 0.1243393 -0.06067645 0.1371864 0.06067645 -0.06010395 0.07271623 -0.07295101 0.07355105 -0.06010395 0.07271623 -0.07295101 0.06067645 -0.06010395 0.06151127 -0.07295101 0.06151127 0.008665084 0.07193827 -0.004181921 0.07271623 0.008665084 0.07193827 -0.004181921 0.06151127 0.008665084 0.06228923 -0.004181921 0.06228923 0.07728141 0.07127028 0.06443434 0.07193827 0.07728141 0.07127028 0.06443434 0.06228923 0.07728141 0.06295728 0.06443434 0.06346988 0.1282218 0.07127028 0.1410688 0.06295728 0.1410688 0.07127028 0.1410688 0.06346988 0.1282218 0.07075768 0.1282218 0.0637921 0.1828334 0.07075768 0.1956804 0.06346988 0.1956804 0.07075768 0.1956804 0.0637921 0.1828334 0.0704354 0.1828334 0.06390202 0.2245475 0.0704354 0.2373945 0.0637921 0.2373945 0.0704354 0.2373945 0.06390202 0.2245475 0.07032549 0.2245475 0.1424919 0.04921257 0.134454 0.1968504 0.134454 0.04921257 0.134454 0.1968504 0.1424919 0.04921257 0.134454 0.2460629 0.134454 0.2460629 0.1424919 0.04921257 0.1424919 0.2460629 0.1424919 0.2460629 0.1424919 0.04921257 0.1424919 0.1968504 0.0704354 0.05535489 0.06390202 0.06820195 0.0637921 0.05535489 0.06390202 0.06820195 0.0704354 0.05535489 0.07032549 0.06820195 0.07075768 0.07711857 0.0637921 0.08996564 0.06346988 0.07711857 0.0637921 0.08996564 0.07075768 0.07711857 0.0704354 0.08996564 0.07127028 0.093189 0.06346988 0.1060361 0.06295728 0.093189 0.06346988 0.1060361 0.07127028 0.093189 0.07075768 0.1060361 0.07127028 0.115318 0.06228923 0.1024709 0.07193827 0.1024709 0.06228923 0.1024709 0.07127028 0.115318 0.06295728 0.115318 0.07193827 0.117179 0.06151127 0.104332 0.07271623 0.104332 0.06151127 0.104332 0.07193827 0.117179 0.06228923 0.117179 0.09794855 0.1011301 0.08590871 0.088283 0.09878337 0.088283 0.08590871 0.088283 0.09794855 0.1011301 0.08674359 0.1011301 -0.09878337 -0.088283 -0.08507388 -0.07543593 -0.09961819 -0.07543593 -0.08507388 -0.07543593 -0.09878337 -0.088283 -0.08590871 -0.088283 -0.09961819 -0.06985735 -0.08429592 -0.05701029 -0.1003962 -0.05701029 -0.08429592 -0.05701029 -0.09961819 -0.06985735 -0.08507388 -0.06985735 -0.1003962 -0.04710876 -0.08362793 -0.0342617 -0.1010642 -0.0342617 -0.08362793 -0.0342617 -0.1003962 -0.04710876 -0.08429592 -0.04710876 0.1429638 0.0830022 0.1320632 0.0711075 0.143686 0.0711075 0.1320632 0.0711075 0.1429638 0.0830022 0.1335092 0.0830022 -0.0200929 -0.07064646 -0.008053123 -0.08349353 -0.007218241 -0.07064646 -0.008053123 -0.08349353 -0.0200929 -0.07064646 -0.01925808 -0.08349353 0.1429638 0.06839221 0.1340218 0.08123928 0.1335092 0.06839221 0.1340218 0.08123928 0.1429638 0.06839221 0.1427078 0.08123928 0.1427078 0.06153064 0.1343441 0.07437771 0.1340218 0.06153064 0.1343441 0.07437771 0.1427078 0.06153064 0.1425468 0.07437771 0.1424919 0.04921257 0.134454 0.06288522 0.134454 0.04921257 0.134454 0.06288522 0.1424919 0.04921257 0.1424919 0.06288522 0.01686733 0.04921257 0.0104438 0.1968504 0.0104438 0.04921257 0.0104438 0.1968504 0.01686733 0.04921257 0.0104438 0.2460629 0.0104438 0.2460629 0.01686733 0.04921257 0.01686733 0.2460629 0.01686733 0.2460629 0.01686733 0.04921257 0.01686733 0.1968504 0.134454 0.2298642 0.1425468 0.2427113 0.1343441 0.2427113 0.1425468 0.2427113 0.134454 0.2298642 0.1424919 0.2298642 0.1343441 0.1984213 0.1427078 0.2112684 0.1340218 0.2112684 0.1427078 0.2112684 0.1343441 0.1984213 0.1425468 0.1984213 0.1340218 0.1530185 0.1429638 0.1658656 0.1335092 0.1658656 0.1429638 0.1658656 0.1340218 0.1530185 0.1427078 0.1530185 0.1328412 0.1095972 0.1429638 0.09675014 0.1432975 0.1095972 0.1429638 0.09675014 0.1328412 0.1095972 0.1335092 0.09675014 0.1320632 0.0462976 0.1432975 0.03345054 0.143686 0.0462976 0.1432975 0.03345054 0.1320632 0.0462976 0.1328412 0.03345054 0.1312284 -0.01971924 0.143686 -0.0325663 0.144103 -0.01971924 0.143686 -0.0325663 0.1312284 -0.01971924 0.1320632 -0.0325663 -0.1303935 0.08395457 -0.144103 0.09680163 -0.14452 0.08395457 -0.144103 0.09680163 -0.1303935 0.08395457 -0.1312284 0.09680163 -0.1296156 0.1420308 -0.14452 0.1548779 -0.1449086 0.1420308 -0.14452 0.1548779 -0.1296156 0.1420308 -0.1303935 0.1548779 -0.1289476 0.1899901 -0.1449086 0.2028371 -0.1452422 0.1899901 -0.1449086 0.2028371 -0.1289476 0.1899901 -0.1296156 0.2028371 -0.1289476 0.2374112 -0.1454982 0.2245641 -0.128435 0.2245641 -0.1454982 0.2245641 -0.1289476 0.2374112 -0.1452422 0.2374112 -0.128435 0.2562438 -0.1456592 0.2433967 -0.1281127 0.2433967 -0.1456592 0.2433967 -0.128435 0.2562438 -0.1454982 0.2562438 -0.1281127 0.2580516 -0.1457141 0.2452045 -0.1280028 0.2452045 -0.1457141 0.2452045 -0.1281127 0.2580516 -0.1456592 0.2580516 -0.1280028 0.2452045 -0.1457141 0.04921257 -0.1280028 0.04921257 -0.1457141 0.04921257 -0.1280028 0.2452045 -0.1457141 0.2452045 -0.1457141 0.04754495 -0.1281127 0.03469789 -0.1280028 0.04754495 -0.1281127 0.03469789 -0.1457141 0.04754495 -0.1456592 0.03469789 -0.1456592 0.02940231 -0.128435 0.01655524 -0.1281127 0.02940231 -0.128435 0.01655524 -0.1456592 0.02940231 -0.1454982 0.01655524 -0.1454982 0.009693682 -0.1289476 -0.003153324 -0.128435 0.009693682 -0.1289476 -0.003153324 -0.1454982 0.009693682 -0.1452422 -0.003153324 -0.1449086 -0.02308475 -0.1289476 -0.01023769 -0.1452422 -0.01023769 -0.1289476 -0.01023769 -0.1449086 -0.02308475 -0.1296156 -0.02308475 -0.14452 -0.04188078 -0.1296156 -0.02903372 -0.1449086 -0.02903372 -0.1296156 -0.02903372 -0.14452 -0.04188078 -0.1303935 -0.04188078 0.007218241 -0.07064646 0.01925808 -0.08349353 0.0200929 -0.07064646 0.01925808 -0.08349353 0.007218241 -0.07064646 0.008053123 -0.08349353 0.008053123 -0.001158952 0.01848012 -0.01400601 0.01925808 -0.001158952 0.01848012 -0.01400601 0.008053123 -0.001158952 0.008831024 -0.01400601 0.008831024 0.06884527 0.01781207 0.0559982 0.01848012 0.06884527 0.01781207 0.0559982 0.008831024 0.06884527 0.009499073 0.0559982 0.009499073 0.1345956 0.01729947 0.1217485 0.01781207 0.1345956 0.01729947 0.1217485 0.009499073 0.1345956 0.01001167 0.1217485 0.01033389 0.1787641 0.01729947 0.1916112 0.01001167 0.1916112 0.01729947 0.1916112 0.01033389 0.1787641 0.01697725 0.1787641 0.0104438 0.2231595 0.01697725 0.2360066 0.01033389 0.2360066 0.01697725 0.2360066 0.0104438 0.2231595 0.01686733 0.2231595 0.472441 0.04879152 0.1492488 0.1968504 0.1492488 0.04921257 0.1492488 0.1968504 0.472441 0.04879152 0.1492488 0.2460629 0.1492488 0.2460629 0.472441 0.04879152 0.472441 0.2460629 0.472441 0.2460629 0.472441 0.04879152 0.472441 0.1968504 0.01781207 0.0559982 0.0104438 0.06958991 0.009499073 0.0559982 0.0104438 0.06958991 0.01781207 0.0559982 0.01686733 0.06958991 0.01729947 0.08118784 0.01033389 0.09403491 0.01001167 0.08118784 0.01033389 0.09403491 0.01729947 0.08118784 0.01697725 0.09403491 0.01729947 0.1125093 0.009499073 0.09966224 0.01781207 0.09966224 0.009499073 0.09966224 0.01729947 0.1125093 0.01001167 0.1125093 0.01781207 0.1237542 0.008831024 0.1109071 0.01848012 0.1109071 0.008831024 0.1109071 0.01781207 0.1237542 0.009499073 0.1237542 0.01848012 0.1270031 0.008053123 0.114156 0.01925808 0.114156 0.008053123 0.114156 0.01848012 0.1270031 0.008831024 0.1270031 0.04633563 0.1185004 0.03429585 0.1056534 0.04717046 0.1056534 0.03429585 0.1056534 0.04633563 0.1185004 0.03513067 0.1185004 -0.04717046 -0.1056534 -0.03346097 -0.09280627 -0.04800528 -0.09280627 -0.03346097 -0.09280627 -0.04717046 -0.1056534 -0.03429585 -0.1056534 -0.04800528 -0.08604395 -0.03268307 -0.07319688 -0.04878324 -0.07319688 -0.03268307 -0.07319688 -0.04800528 -0.08604395 -0.03346097 -0.08604395 -0.04878324 -0.06100851 -0.03201502 -0.04816144 -0.04945129 -0.04816144 -0.03201502 -0.04816144 -0.04878324 -0.06100851 -0.03268307 -0.06100851 -0.04996389 -0.01940613 -0.03201502 -0.0322532 -0.03150242 -0.01940613 -0.03201502 -0.0322532 -0.04996389 -0.01940613 -0.04945129 -0.0322532 -0.05028611 0.01110935 -0.03150242 -0.001737654 -0.0311802 0.01110935 -0.03150242 -0.001737654 -0.05028611 0.01110935 -0.04996389 -0.001737654 -0.05039602 0.04130554 -0.0311802 0.02845847 -0.03107029 0.04130554 -0.0311802 0.02845847 -0.05039602 0.04130554 -0.05028611 0.02845847 -0.03107029 0.2460629 -0.05039602 0.04921257 -0.03107029 0.04921257 -0.05039602 0.04921257 -0.03107029 0.2460629 -0.05039602 0.2460629 -0.0311802 0.2642909 -0.05039602 0.2514439 -0.03107029 0.2514439 -0.05039602 0.2514439 -0.0311802 0.2642909 -0.05028611 0.2642909 -0.03150242 0.2745367 -0.05028611 0.2616897 -0.0311802 0.2616897 -0.05028611 0.2616897 -0.03150242 0.2745367 -0.04996389 0.2745367 -0.03201502 0.2665111 -0.04996389 0.253664 -0.03150242 0.253664 -0.04996389 0.253664 -0.03201502 0.2665111 -0.04945129 0.2665111 -0.03201502 0.2279138 -0.04878324 0.2407609 -0.04945129 0.2279138 -0.04878324 0.2407609 -0.03201502 0.2279138 -0.03268307 0.2407609 0.472441 0.07072287 0.1480547 0.05787581 0.472441 0.05787581 0.1480547 0.05787581 0.472441 0.07072287 0.1484433 0.07072287 0.472441 0.0754252 0.1480547 0.06163859 0.472441 0.06163859 0.1480547 0.06163859 0.472441 0.0754252 0.148777 0.0754252 0.472441 0.06163859 0.148777 0.0754252 0.1480547 0.06163859 0.148777 0.0754252 0.472441 0.06163859 0.472441 0.0754252 0.472441 0.05787581 0.1484433 0.07072287 0.1480547 0.05787581 0.1484433 0.07072287 0.472441 0.05787581 0.472441 0.07072287 0.472441 0.04879152 0.1492488 0.06163859 0.1492488 0.04921257 0.1492488 0.06163859 0.472441 0.04879152 0.472441 0.06163859 -0.0104438 0.1968504 -0.01686733 0.04921257 -0.0104438 0.04921257 -0.01686733 0.04921257 -0.0104438 0.1968504 -0.01686733 0.1968504 -0.01686733 0.1968504 -0.0104438 0.1968504 -0.0104438 0.2460629 -0.01686733 0.1968504 -0.0104438 0.2460629 -0.01686733 0.2460629 0.1492488 0.2311108 0.472441 0.2439579 0.149194 0.2439579 0.472441 0.2439579 0.1492488 0.2311108 0.472441 0.2311108 0.149194 0.2020761 0.472441 0.2149232 0.149033 0.2149232 0.472441 0.2149232 0.149194 0.2020761 0.472441 0.2020761 0.149033 0.1588326 0.472441 0.1716797 0.148777 0.1716797 0.472441 0.1716797 0.149033 0.1588326 0.472441 0.1588326 0.1484433 0.1171742 0.472441 0.1043272 0.472441 0.1171742 0.472441 0.1043272 0.1484433 0.1171742 0.148777 0.1043272 0.1480547 0.05512124 0.472441 0.04227417 0.472441 0.05512124 0.472441 0.04227417 0.1480547 0.05512124 0.1484433 0.04227417 0.1476378 -0.01025032 0.472441 -0.02309739 0.472441 -0.01025032 0.472441 -0.02309739 0.1476378 -0.01025032 0.1480547 -0.02309739 -0.1472208 0.07448571 -0.472441 0.08733278 -0.472441 0.07448571 -0.472441 0.08733278 -0.1472208 0.07448571 -0.1476378 0.08733278 -0.1468322 0.1332072 -0.472441 0.1460543 -0.472441 0.1332072 -0.472441 0.1460543 -0.1468322 0.1332072 -0.1472208 0.1460543 -0.1464986 0.1824131 -0.472441 0.1952601 -0.472441 0.1824131 -0.472441 0.1952601 -0.1464986 0.1824131 -0.1468322 0.1952601 -0.1464986 0.2315971 -0.472441 0.2187501 -0.1462426 0.2187501 -0.472441 0.2187501 -0.1464986 0.2315971 -0.472441 0.2315971 -0.1462426 0.2525889 -0.472441 0.2397419 -0.1460816 0.2397419 -0.472441 0.2397419 -0.1462426 0.2525889 -0.472441 0.2525889 -0.1454982 0.2562438 -0.472441 0.2439579 -0.1456592 0.2433967 -0.472441 0.2439579 -0.1454982 0.2562438 -0.472441 0.256805 -0.1457141 0.2452045 -0.472441 0.04921257 -0.1457141 0.04921257 -0.472441 0.04921257 -0.1457141 0.2452045 -0.472441 0.2460629 -0.472441 0.04921257 -0.1460816 0.03594446 -0.1457141 0.04921257 -0.1460816 0.03594446 -0.472441 0.04921257 -0.472441 0.03594446 -0.472441 0.03305715 -0.1462426 0.02021008 -0.1460816 0.03305715 -0.1462426 0.02021008 -0.472441 0.03305715 -0.472441 0.02021008 -0.472441 0.01550775 -0.1464986 0.002660691 -0.1462426 0.01550775 -0.1464986 0.002660691 -0.472441 0.01550775 -0.472441 0.002660691 -0.472441 -0.01550775 -0.1464986 -0.002660691 -0.472441 -0.002660691 -0.1464986 -0.002660691 -0.472441 -0.01550775 -0.1468322 -0.01550775 -0.01925808 -0.001158952 -0.008831024 -0.01400601 -0.008053123 -0.001158952 -0.008831024 -0.01400601 -0.01925808 -0.001158952 -0.01848012 -0.01400601 -0.472441 -0.03305715 -0.1468322 -0.02021008 -0.472441 -0.02021008 -0.1468322 -0.02021008 -0.472441 -0.03305715 -0.1472208 -0.03305715 -0.144103 -0.05826044 -0.1303935 -0.04541337 -0.14452 -0.04541337 -0.1303935 -0.04541337 -0.144103 -0.05826044 -0.1312284 -0.05826044 -0.03647541 0.001676857 -0.06194972 0.001676857 -0.04921257 0 -0.06194972 0.001676857 -0.03647541 0.001676857 -0.07381886 0.006593227 -0.07381886 0.006593227 -0.03647541 0.001676857 -0.02460628 0.006593227 -0.07381886 0.006593227 -0.02460628 0.006593227 -0.01441401 0.01441401 -0.07381886 0.006593227 -0.01441401 0.01441401 -0.08401113 0.01441401 -0.08401113 0.01441401 -0.01441401 0.01441401 -0.006593227 0.02460628 -0.08401113 0.01441401 -0.006593227 0.02460628 -0.09183192 0.02460628 -0.09183192 0.02460628 -0.006593227 0.02460628 -0.001676857 0.03647541 -0.09183192 0.02460628 -0.001676857 0.03647541 -0.09674829 0.03647541 -0.09674829 0.03647541 -0.001676857 0.03647541 0 0.04921257 -0.09674829 0.03647541 0 0.04921257 -0.09842514 0.04921257 -0.09842514 0.04921257 0 0.04921257 0 0.2460629 -0.09842514 0.04921257 0 0.2460629 -0.09842514 0.1968504 -0.09842514 0.1968504 0 0.2460629 -0.09842514 0.2460629 -0.09842514 0.2460629 0 0.2460629 -0.001676857 0.2588002 -0.09842514 0.2460629 -0.001676857 0.2588002 -0.09674829 0.2588002 -0.09674829 0.2588002 -0.001676857 0.2588002 -0.006593227 0.2706693 -0.09674829 0.2588002 -0.006593227 0.2706693 -0.09183192 0.2706693 -0.09183192 0.2706693 -0.006593227 0.2706693 -0.01441401 0.2808616 -0.09183192 0.2706693 -0.01441401 0.2808616 -0.08401113 0.2808616 -0.08401113 0.2808616 -0.01441401 0.2808616 -0.02460628 0.2886824 -0.08401113 0.2808616 -0.02460628 0.2886824 -0.07381886 0.2886824 -0.07381886 0.2886824 -0.02460628 0.2886824 -0.03647541 0.2935987 -0.07381886 0.2886824 -0.03647541 0.2935987 -0.06194972 0.2935987 -0.06194972 0.2935987 -0.03647541 0.2935987 -0.04921257 0.2952756 -0.08279305 0.2620041 -0.1020089 0.249157 -0.08268314 0.249157 -0.1020089 0.249157 -0.08279305 0.2620041 -0.101899 0.2620041 -0.0104438 0.06958991 -0.01781207 0.0559982 -0.009499073 0.0559982 -0.01781207 0.0559982 -0.0104438 0.06958991 -0.01686733 0.06958991 -0.01033389 0.09403491 -0.01729947 0.08118784 -0.01001167 0.08118784 -0.01729947 0.08118784 -0.01033389 0.09403491 -0.01697725 0.09403491 -0.01001167 0.1125093 -0.01781207 0.09966224 -0.009499073 0.09966224 -0.01781207 0.09966224 -0.01001167 0.1125093 -0.01729947 0.1125093 -0.009499073 0.1237542 -0.01848012 0.1109071 -0.008831024 0.1109071 -0.01848012 0.1109071 -0.009499073 0.1237542 -0.01781207 0.1237542 -0.008831024 0.1270031 -0.01925808 0.114156 -0.008053123 0.114156 -0.01925808 0.114156 -0.008831024 0.1270031 -0.01848012 0.1270031 0.01925808 0.1220347 0.007218241 0.1091877 0.0200929 0.1091877 0.007218241 0.1091877 0.01925808 0.1220347 0.008053123 0.1220347 -0.0200929 -0.1091877 -0.006383419 -0.09634059 -0.02092772 -0.09634059 -0.006383419 -0.09634059 -0.0200929 -0.1091877 -0.007218241 -0.1091877 -0.02092772 -0.0893374 -0.005605459 -0.07649034 -0.02170568 -0.07649034 -0.005605459 -0.07649034 -0.02092772 -0.0893374 -0.006383419 -0.0893374 -0.02170568 -0.06383669 -0.004937469 -0.05098962 -0.02237373 -0.05098962 -0.004937469 -0.05098962 -0.02170568 -0.06383669 -0.005605459 -0.06383669 -0.02237373 -0.03442335 -0.00442487 -0.02157628 -0.02288633 -0.02157628 -0.00442487 -0.02157628 -0.02237373 -0.03442335 -0.004937469 -0.03442335 -0.02320855 0.009745121 -0.00442487 -0.003101885 -0.004102587 0.009745121 -0.00442487 -0.003101885 -0.02320855 0.009745121 -0.02288633 -0.003101885 -0.02331846 0.04084026 -0.004102587 0.0279932 -0.003992676 0.04084026 -0.004102587 0.0279932 -0.02331846 0.04084026 -0.02320855 0.0279932 -0.003992676 0.2460629 -0.02331846 0.04921257 -0.003992676 0.04921257 -0.02331846 0.04921257 -0.003992676 0.2460629 -0.02331846 0.2460629 -0.004102587 0.2647563 -0.02331846 0.2519092 -0.003992676 0.2519092 -0.02331846 0.2519092 -0.004102587 0.2647563 -0.02320855 0.2647563 -0.00442487 0.275901 -0.02320855 0.2630539 -0.004102587 0.2630539 -0.02320855 0.2630539 -0.00442487 0.275901 -0.02288633 0.275901 -0.006383419 0.1348818 -0.0200929 0.1477289 -0.02092772 0.1348818 -0.0200929 0.1477289 -0.006383419 0.1348818 -0.007218241 0.1477289 -0.005605459 0.1894874 -0.02092772 0.2023345 -0.02170568 0.1894874 -0.02092772 0.2023345 -0.005605459 0.1894874 -0.006383419 0.2023345 -0.00442487 0.2558342 -0.02237373 0.2686812 -0.02288633 0.2558342 -0.02237373 0.2686812 -0.00442487 0.2558342 -0.004937469 0.2686812 -0.004937469 0.230742 -0.02170568 0.2435891 -0.02237373 0.230742 -0.02170568 0.2435891 -0.004937469 0.230742 -0.005605459 0.2435891</float_array>
          <technique_common>
            <accessor source="#Síť_013-mesh-map-1-array" count="4524" stride="2">
              <param name="S" type="float"/>
              <param name="T" type="float"/>
            </accessor>
          </technique_common>
        </source>
        <vertices id="Síť_013-mesh-vertices">
          <input semantic="POSITION" source="#Síť_013-mesh-positions"/>
        </vertices>
        <triangles count="1508">
          <input semantic="VERTEX" source="#Síť_013-mesh-vertices" offset="0"/>
          <input semantic="NORMAL" source="#Síť_013-mesh-normals" offset="1"/>
          <input semantic="TEXCOORD" source="#Síť_013-mesh-map-0" offset="2" set="0"/>
          <input semantic="TEXCOORD" source="#Síť_013-mesh-map-1" offset="2" set="1"/>
          <p>0 0 0 1 1 1 2 2 2 1 1 3 0 0 4 3 3 5 2 2 6 4 4 7 5 5 8 4 4 9 2 2 10 1 1 11 4 4 12 6 6 13 5 5 14 6 6 15 4 4 16 7 7 17 7 7 18 8 8 19 6 6 20 8 8 21 7 7 22 9 9 23 9 9 24 10 10 25 8 8 26 10 10 27 9 9 28 11 11 29 12 12 30 10 10 31 11 11 32 10 10 33 12 12 34 13 13 35 14 14 36 13 13 37 12 12 38 13 13 39 14 14 40 15 15 41 16 16 42 15 15 43 14 14 44 15 15 45 16 16 46 17 17 47 18 18 48 17 17 49 16 16 50 17 17 51 18 18 52 19 19 53 20 20 54 21 21 55 19 19 56 21 21 57 20 20 58 22 22 59 23 23 60 22 22 61 20 20 62 22 22 63 23 23 64 24 24 65 23 23 66 25 25 67 24 24 68 25 25 69 23 23 70 26 26 71 26 26 72 27 27 73 25 25 74 27 27 75 26 26 76 28 28 77 28 28 78 29 29 79 27 27 80 29 29 81 28 28 82 30 30 83 31 31 84 32 32 85 33 33 86 32 32 87 31 31 88 34 34 89 34 34 90 31 31 91 35 35 92 35 35 93 31 31 94 36 36 95 37 37 96 38 38 97 39 39 98 38 38 99 37 37 100 40 40 101 39 39 102 41 41 103 42 42 104 41 41 105 39 39 106 38 38 107 42 42 108 43 43 109 44 44 110 43 43 111 42 42 112 41 41 113 45 45 114 43 43 115 46 46 116 43 43 117 45 45 118 44 44 119 47 47 120 46 46 121 48 48 122 46 46 123 47 47 124 45 45 125 49 49 126 48 48 127 50 50 128 48 48 129 49 49 130 47 47 131 51 51 132 50 50 133 52 52 134 50 50 135 51 51 136 49 49 137 53 53 138 52 52 139 54 54 140 52 52 141 53 53 142 51 51 143 55 55 144 56 56 145 3 3 146 56 56 147 55 55 148 57 57 149 58 58 150 57 57 151 55 55 152 57 57 153 58 58 154 59 59 155 58 58 156 60 60 157 59 59 158 60 60 159 58 58 160 61 61 161 61 61 162 62 62 163 60 60 164 62 62 165 61 61 166 63 63 167 63 63 168 64 64 169 62 62 170 64 64 171 63 63 172 65 65 173 65 65 174 66 66 175 64 64 176 66 66 177 65 65 178 67 67 179 67 67 180 68 68 181 66 66 182 68 68 183 67 67 184 69 69 185 69 69 186 70 70 187 68 68 188 70 70 189 69 69 190 71 71 191 72 72 192 70 70 193 71 71 194 70 70 195 72 72 196 73 73 197 74 74 198 73 73 199 72 72 200 73 73 201 74 74 202 75 75 203 34 34 204 75 75 205 74 74 206 75 75 207 34 34 208 35 35 209 76 76 210 36 36 211 31 31 212 36 36 213 77 77 214 35 35 215 77 77 216 36 36 217 76 76 218 77 77 219 76 76 220 78 78 221 79 79 222 33 33 223 80 80 224 33 33 225 79 79 226 31 31 227 81 81 228 80 80 229 82 82 230 80 80 231 81 81 232 79 79 233 83 83 234 82 82 235 84 84 236 82 82 237 83 83 238 81 81 239 83 83 240 85 85 241 86 86 242 85 85 243 83 83 244 84 84 245 86 86 246 18 18 247 87 87 248 18 18 249 86 86 250 85 85 251 88 88 252 89 89 253 90 90 254 89 89 255 88 88 256 87 87 257 90 90 258 91 91 259 92 92 260 91 91 261 90 90 262 89 89 263 92 92 264 93 93 265 94 94 266 93 93 267 92 92 268 91 91 269 94 94 270 95 95 271 96 96 272 95 95 273 94 94 274 93 93 275 97 97 276 95 95 277 98 98 278 95 95 279 97 97 280 96 96 281 99 99 282 98 98 283 100 100 284 98 98 285 99 99 286 97 97 287 101 101 288 100 100 289 102 102 290 100 100 291 101 101 292 99 99 293 103 103 294 102 102 295 104 104 296 102 102 297 103 103 298 101 101 299 56 56 300 103 103 301 104 104 302 103 103 303 56 56 304 105 105 305 57 57 306 105 105 307 56 56 308 105 105 309 57 57 310 106 106 311 59 59 312 106 106 313 57 57 314 106 106 315 59 59 316 107 107 317 59 59 318 108 108 319 107 107 320 108 108 321 59 59 322 60 60 323 60 60 324 109 109 325 108 108 326 109 109 327 60 60 328 62 62 329 62 62 330 110 110 331 109 109 332 110 110 333 62 62 334 64 64 335 64 64 336 111 111 337 110 110 338 111 111 339 64 64 340 66 66 341 66 66 342 112 112 343 111 111 344 112 112 345 66 66 346 68 68 347 68 68 348 113 113 349 112 112 350 113 113 351 68 68 352 70 70 353 73 73 354 113 113 355 70 70 356 113 113 357 73 73 358 114 114 359 75 75 360 114 114 361 73 73 362 114 114 363 75 75 364 115 115 365 35 35 366 115 115 367 75 75 368 115 115 369 35 35 370 77 77 371 116 116 372 117 117 373 118 118 374 117 117 375 116 116 376 119 119 377 119 119 378 116 116 379 120 120 380 119 119 381 120 120 382 121 121 383 122 122 384 31 31 385 79 79 386 31 31 387 122 122 388 76 76 389 123 123 390 79 79 391 81 81 392 79 79 393 123 123 394 122 122 395 124 124 396 81 81 397 83 83 398 81 81 399 124 124 400 123 123 401 124 124 402 86 86 403 125 125 404 86 86 405 124 124 406 83 83 407 125 125 408 87 87 409 88 88 410 87 87 411 125 125 412 86 86 413 126 126 414 90 90 415 127 127 416 90 90 417 126 126 418 88 88 419 128 128 420 88 88 421 126 126 422 88 88 423 128 128 424 125 125 425 129 129 426 127 127 427 130 130 428 127 127 429 129 129 430 126 126 431 130 130 432 131 131 433 132 132 434 131 131 435 130 130 436 127 127 437 98 98 438 11 11 439 9 9 440 11 11 441 98 98 442 95 95 443 100 100 444 9 9 445 7 7 446 9 9 447 100 100 448 98 98 449 102 102 450 7 7 451 4 4 452 7 7 453 102 102 454 100 100 455 133 133 456 134 134 457 135 135 458 134 134 459 133 133 460 136 136 461 137 137 462 135 135 463 138 138 464 135 135 465 137 137 466 133 133 467 104 104 468 4 4 469 1 1 470 4 4 471 104 104 472 102 102 473 139 139 474 120 120 475 140 140 476 120 120 477 139 139 478 141 141 479 134 134 480 141 141 481 139 139 482 141 141 483 134 134 484 136 136 485 142 142 486 143 143 487 144 144 488 143 143 489 142 142 490 145 145 491 146 146 492 144 144 493 147 147 494 144 144 495 146 146 496 142 142 497 148 148 498 147 147 499 149 149 500 147 147 501 148 148 502 146 146 503 150 150 504 149 149 505 151 151 506 149 149 507 150 150 508 148 148 509 150 150 510 152 152 511 153 153 512 152 152 513 150 150 514 151 151 515 153 153 516 154 154 517 155 155 518 154 154 519 153 153 520 152 152 521 155 155 522 156 156 523 157 157 524 156 156 525 155 155 526 154 154 527 157 157 528 158 158 529 159 159 530 158 158 531 157 157 532 156 156 533 159 159 534 160 160 535 161 161 536 160 160 537 159 159 538 158 158 539 162 162 540 161 161 541 160 160 542 161 161 543 162 162 544 163 163 545 164 164 546 163 163 547 162 162 548 163 163 549 164 164 550 165 165 551 166 166 552 165 165 553 164 164 554 165 165 555 166 166 556 167 167 557 168 168 558 167 167 559 166 166 560 167 167 561 168 168 562 169 169 563 170 170 564 169 169 565 168 168 566 169 169 567 170 170 568 171 171 569 172 172 570 173 173 571 171 171 572 173 173 573 172 172 574 174 174 575 175 175 576 174 174 577 172 172 578 174 174 579 175 175 580 176 176 581 177 177 582 176 176 583 175 175 584 176 176 585 177 177 586 178 178 587 179 179 588 178 178 589 177 177 590 178 178 591 179 179 592 180 180 593 118 118 594 180 180 595 179 179 596 180 180 597 118 118 598 117 117 599 119 119 600 181 181 601 117 117 602 181 181 603 119 119 604 182 182 605 182 182 606 119 119 607 121 121 608 182 182 609 121 121 610 183 183 611 141 141 612 121 121 613 120 120 614 121 121 615 141 141 616 184 184 617 136 136 618 184 184 619 141 141 620 184 184 621 136 136 622 185 185 623 133 133 624 185 185 625 136 136 626 185 185 627 133 133 628 186 186 629 187 187 630 133 133 631 137 137 632 133 133 633 187 187 634 186 186 635 188 188 636 137 137 637 189 189 638 137 137 639 188 188 640 187 187 641 190 190 642 189 189 643 145 145 644 189 189 645 190 190 646 188 188 647 191 191 648 145 145 649 142 142 650 145 145 651 191 191 652 190 190 653 192 192 654 142 142 655 146 146 656 142 142 657 192 192 658 191 191 659 193 193 660 146 146 661 148 148 662 146 146 663 193 193 664 192 192 665 193 193 666 150 150 667 194 194 668 150 150 669 193 193 670 148 148 671 194 194 672 153 153 673 195 195 674 153 153 675 194 194 676 150 150 677 195 195 678 155 155 679 196 196 680 155 155 681 195 195 682 153 153 683 196 196 684 157 157 685 197 197 686 157 157 687 196 196 688 155 155 689 197 197 690 159 159 691 198 198 692 159 159 693 197 197 694 157 157 695 198 198 696 161 161 697 199 199 698 161 161 699 198 198 700 159 159 701 199 199 702 163 163 703 200 200 704 163 163 705 199 199 706 161 161 707 165 165 708 200 200 709 163 163 710 200 200 711 165 165 712 201 201 713 167 167 714 201 201 715 165 165 716 201 201 717 167 167 718 202 202 719 169 169 720 202 202 721 167 167 722 202 202 723 169 169 724 203 203 725 171 171 726 203 203 727 169 169 728 203 203 729 171 171 730 173 173 731 174 174 732 204 204 733 173 173 734 204 204 735 174 174 736 205 205 737 176 176 738 205 205 739 174 174 740 205 205 741 176 176 742 206 206 743 178 178 744 206 206 745 176 176 746 206 206 747 178 178 748 207 207 749 180 180 750 207 207 751 178 178 752 207 207 753 180 180 754 208 208 755 117 117 756 208 208 757 180 180 758 208 208 759 117 117 760 181 181 761 182 182 762 209 209 763 181 181 764 209 209 765 182 182 766 210 210 767 210 210 768 182 182 769 183 183 770 210 210 771 183 183 772 211 211 773 184 184 774 183 183 775 121 121 776 183 183 777 184 184 778 212 212 779 184 184 780 213 213 781 212 212 782 213 213 783 184 184 784 185 185 785 186 186 786 213 213 787 185 185 788 213 213 789 186 186 790 214 214 791 215 215 792 186 186 793 187 187 794 186 186 795 215 215 796 214 214 797 216 216 798 187 187 799 188 188 800 187 187 801 216 216 802 215 215 803 217 217 804 188 188 805 190 190 806 188 188 807 217 217 808 216 216 809 218 218 810 190 190 811 191 191 812 190 190 813 218 218 814 217 217 815 219 219 816 191 191 817 192 192 818 191 191 819 219 219 820 218 218 821 220 220 822 192 192 823 193 193 824 192 192 825 220 220 826 219 219 827 220 220 828 194 194 829 221 221 830 194 194 831 220 220 832 193 193 833 221 221 834 195 195 835 222 222 836 195 195 837 221 221 838 194 194 839 223 223 840 195 195 841 196 196 842 195 195 843 223 223 844 222 222 845 223 223 846 197 197 847 224 224 848 197 197 849 223 223 850 196 196 851 224 224 852 198 198 853 225 225 854 198 198 855 224 224 856 197 197 857 225 225 858 199 199 859 226 226 860 199 199 861 225 225 862 198 198 863 226 226 864 200 200 865 227 227 866 200 200 867 226 226 868 199 199 869 201 201 870 227 227 871 200 200 872 227 227 873 201 201 874 228 228 875 202 202 876 228 228 877 201 201 878 228 228 879 202 202 880 229 229 881 203 203 882 229 229 883 202 202 884 229 229 885 203 203 886 230 230 887 173 173 888 230 230 889 203 203 890 230 230 891 173 173 892 204 204 893 205 205 894 231 231 895 204 204 896 231 231 897 205 205 898 232 232 899 206 206 900 232 232 901 205 205 902 232 232 903 206 206 904 233 233 905 207 207 906 233 233 907 206 206 908 233 233 909 207 207 910 234 234 911 208 208 912 234 234 913 207 207 914 234 234 915 208 208 916 235 235 917 181 181 918 235 235 919 208 208 920 235 235 921 181 181 922 209 209 923 210 210 924 236 236 925 209 209 926 236 236 927 210 210 928 237 237 929 237 237 930 210 210 931 211 211 932 237 237 933 211 211 934 238 238 935 212 212 936 211 211 937 183 183 938 211 211 939 212 212 940 239 239 941 213 213 942 239 239 943 212 212 944 239 239 945 213 213 946 240 240 947 214 214 948 240 240 949 213 213 950 240 240 951 214 214 952 241 241 953 242 242 954 214 214 955 215 215 956 214 214 957 242 242 958 241 241 959 243 243 960 215 215 961 216 216 962 215 215 963 243 243 964 242 242 965 244 244 966 216 216 967 217 217 968 216 216 969 244 244 970 243 243 971 245 245 972 217 217 973 218 218 974 217 217 975 245 245 976 244 244 977 246 246 978 218 218 979 219 219 980 218 218 981 246 246 982 245 245 983 247 247 984 219 219 985 220 220 986 219 219 987 247 247 988 246 246 989 247 247 990 221 221 991 248 248 992 221 221 993 247 247 994 220 220 995 248 248 996 222 222 997 249 249 998 222 222 999 248 248 1000 221 221 1001 249 249 1002 223 223 1003 250 250 1004 223 223 1005 249 249 1006 222 222 1007 250 250 1008 224 224 1009 251 251 1010 224 224 1011 250 250 1012 223 223 1013 251 251 1014 225 225 1015 252 252 1016 225 225 1017 251 251 1018 224 224 1019 252 252 1020 226 226 1021 253 253 1022 226 226 1023 252 252 1024 225 225 1025 253 253 1026 227 227 1027 254 254 1028 227 227 1029 253 253 1030 226 226 1031 228 228 1032 254 254 1033 227 227 1034 254 254 1035 228 228 1036 255 255 1037 229 229 1038 255 255 1039 228 228 1040 255 255 1041 229 229 1042 256 256 1043 230 230 1044 256 256 1045 229 229 1046 256 256 1047 230 230 1048 257 257 1049 204 204 1050 257 257 1051 230 230 1052 257 257 1053 204 204 1054 231 231 1055 232 232 1056 258 258 1057 231 231 1058 258 258 1059 232 232 1060 259 259 1061 233 233 1062 259 259 1063 232 232 1064 259 259 1065 233 233 1066 260 260 1067 234 234 1068 260 260 1069 233 233 1070 260 260 1071 234 234 1072 261 261 1073 235 235 1074 261 261 1075 234 234 1076 261 261 1077 235 235 1078 262 262 1079 209 209 1080 262 262 1081 235 235 1082 262 262 1083 209 209 1084 236 236 1085 236 236 1086 263 263 1087 264 264 1088 263 263 1089 236 236 1090 237 237 1091 263 263 1092 237 237 1093 265 265 1094 265 265 1095 237 237 1096 238 238 1097 239 239 1098 238 238 1099 211 211 1100 238 238 1101 239 239 1102 266 266 1103 240 240 1104 266 266 1105 239 239 1106 266 266 1107 240 240 1108 267 267 1109 241 241 1110 267 267 1111 240 240 1112 267 267 1113 241 241 1114 268 268 1115 269 269 1116 245 245 1117 246 246 1118 245 245 1119 269 269 1120 270 270 1121 270 270 1122 244 244 1123 245 245 1124 244 244 1125 270 270 1126 271 271 1127 271 271 1128 243 243 1129 244 244 1130 243 243 1131 271 271 1132 272 272 1133 272 272 1134 242 242 1135 243 243 1136 242 242 1137 272 272 1138 273 273 1139 274 274 1140 246 246 1141 247 247 1142 246 246 1143 274 274 1144 269 269 1145 274 274 1146 248 248 1147 275 275 1148 248 248 1149 274 274 1150 247 247 1151 275 275 1152 249 249 1153 276 276 1154 249 249 1155 275 275 1156 248 248 1157 276 276 1158 250 250 1159 277 277 1160 250 250 1161 276 276 1162 249 249 1163 277 277 1164 251 251 1165 278 278 1166 251 251 1167 277 277 1168 250 250 1169 231 231 1170 279 279 1171 257 257 1172 279 279 1173 231 231 1174 258 258 1175 259 259 1176 280 280 1177 258 258 1178 280 280 1179 259 259 1180 281 281 1181 278 278 1182 252 252 1183 282 282 1184 252 252 1185 278 278 1186 251 251 1187 282 282 1188 253 253 1189 283 283 1190 253 253 1191 282 282 1192 252 252 1193 255 255 1194 284 284 1195 254 254 1196 284 284 1197 255 255 1198 285 285 1199 283 283 1200 254 254 1201 284 284 1202 254 254 1203 283 283 1204 253 253 1205 260 260 1206 281 281 1207 259 259 1208 281 281 1209 260 260 1210 286 286 1211 257 257 1212 287 287 1213 256 256 1214 287 287 1215 257 257 1216 279 279 1217 256 256 1218 285 285 1219 255 255 1220 285 285 1221 256 256 1222 287 287 1223 288 288 1224 289 289 1225 290 290 1226 289 289 1227 288 288 1228 291 291 1229 292 292 1230 293 293 1231 294 294 1232 293 293 1233 292 292 1234 295 295 1235 295 295 1236 296 296 1237 293 293 1238 296 296 1239 295 295 1240 297 297 1241 290 290 1242 298 298 1243 299 299 1244 298 298 1245 290 290 1246 289 289 1247 298 298 1248 300 300 1249 299 299 1250 300 300 1251 298 298 1252 301 301 1253 302 302 1254 303 303 1255 304 304 1256 303 303 1257 302 302 1258 305 305 1259 301 301 1260 304 304 1261 300 300 1262 304 304 1263 301 301 1264 302 302 1265 297 297 1266 306 306 1267 296 296 1268 306 306 1269 297 297 1270 307 307 1271 308 308 1272 294 294 1273 309 309 1274 294 294 1275 308 308 1276 292 292 1277 303 303 1278 309 309 1279 310 310 1280 309 309 1281 303 303 1282 308 308 1283 311 311 1284 306 306 1285 307 307 1286 306 306 1287 311 311 1288 312 312 1289 313 313 1290 312 312 1291 311 311 1292 312 312 1293 313 313 1294 314 314 1295 315 315 1296 314 314 1297 313 313 1298 314 314 1299 315 315 1300 316 316 1301 317 317 1302 316 316 1303 315 315 1304 316 316 1305 317 317 1306 318 318 1307 319 319 1308 318 318 1309 317 317 1310 318 318 1311 319 319 1312 320 320 1313 320 320 1314 321 321 1315 322 322 1316 321 321 1317 320 320 1318 319 319 1319 238 238 1320 323 323 1321 265 265 1322 323 323 1323 238 238 1324 266 266 1325 266 266 1326 324 324 1327 323 323 1328 324 324 1329 266 266 1330 267 267 1331 267 267 1332 325 325 1333 324 324 1334 325 325 1335 267 267 1336 268 268 1337 326 326 1338 268 268 1339 273 273 1340 268 268 1341 326 326 1342 325 325 1343 327 327 1344 273 273 1345 272 272 1346 273 273 1347 327 327 1348 326 326 1349 328 328 1350 272 272 1351 271 271 1352 272 272 1353 328 328 1354 327 327 1355 329 329 1356 271 271 1357 270 270 1358 271 271 1359 329 329 1360 328 328 1361 330 330 1362 270 270 1363 269 269 1364 270 270 1365 330 330 1366 329 329 1367 331 331 1368 269 269 1369 274 274 1370 269 269 1371 331 331 1372 330 330 1373 331 331 1374 275 275 1375 332 332 1376 275 275 1377 331 331 1378 274 274 1379 332 332 1380 276 276 1381 333 333 1382 276 276 1383 332 332 1384 275 275 1385 333 333 1386 277 277 1387 334 334 1388 277 277 1389 333 333 1390 276 276 1391 334 334 1392 278 278 1393 335 335 1394 278 278 1395 334 334 1396 277 277 1397 335 335 1398 282 282 1399 336 336 1400 282 282 1401 335 335 1402 278 278 1403 336 336 1404 283 283 1405 337 337 1406 283 283 1407 336 336 1408 282 282 1409 337 337 1410 284 284 1411 338 338 1412 284 284 1413 337 337 1414 283 283 1415 285 285 1416 338 338 1417 284 284 1418 338 338 1419 285 285 1420 339 339 1421 287 287 1422 339 339 1423 285 285 1424 339 339 1425 287 287 1426 340 340 1427 263 263 1428 341 341 1429 264 264 1430 341 341 1431 263 263 1432 342 342 1433 342 342 1434 263 263 1435 265 265 1436 342 342 1437 265 265 1438 343 343 1439 262 262 1440 264 264 1441 344 344 1442 264 264 1443 262 262 1444 236 236 1445 261 261 1446 344 344 1447 345 345 1448 344 344 1449 261 261 1450 262 262 1451 260 260 1452 345 345 1453 286 286 1454 345 345 1455 260 260 1456 261 261 1457 346 346 1458 336 336 1459 347 347 1460 336 336 1461 346 346 1462 335 335 1463 348 348 1464 349 349 1465 350 350 1466 349 349 1467 348 348 1468 351 351 1469 279 279 1470 340 340 1471 287 287 1472 340 340 1473 279 279 1474 352 352 1475 353 353 1476 335 335 1477 346 346 1478 335 335 1479 353 353 1480 334 334 1481 354 354 1482 334 334 1483 353 353 1484 334 334 1485 354 354 1486 333 333 1487 355 355 1488 333 333 1489 354 354 1490 333 333 1491 355 355 1492 332 332 1493 356 356 1494 332 332 1495 355 355 1496 332 332 1497 356 356 1498 331 331 1499 356 356 1500 330 330 1501 331 331 1502 330 330 1503 356 356 1504 357 357 1505 357 357 1506 329 329 1507 330 330 1508 329 329 1509 357 357 1510 358 358 1511 358 358 1512 328 328 1513 329 329 1514 328 328 1515 358 358 1516 359 359 1517 359 359 1518 327 327 1519 328 328 1520 327 327 1521 359 359 1522 360 360 1523 360 360 1524 326 326 1525 327 327 1526 326 326 1527 360 360 1528 361 361 1529 361 361 1530 325 325 1531 326 326 1532 325 325 1533 361 361 1534 362 362 1535 325 325 1536 363 363 1537 324 324 1538 363 363 1539 325 325 1540 362 362 1541 324 324 1542 364 364 1543 323 323 1544 364 364 1545 324 324 1546 363 363 1547 323 323 1548 343 343 1549 265 265 1550 343 343 1551 323 323 1552 364 364 1553 342 342 1554 365 365 1555 341 341 1556 365 365 1557 342 342 1558 366 366 1559 366 366 1560 342 342 1561 343 343 1562 366 366 1563 343 343 1564 367 367 1565 264 264 1566 368 368 1567 344 344 1568 368 368 1569 264 264 1570 341 341 1571 344 344 1572 369 369 1573 345 345 1574 369 369 1575 344 344 1576 368 368 1577 345 345 1578 370 370 1579 286 286 1580 370 370 1581 345 345 1582 369 369 1583 286 286 1584 371 371 1585 281 281 1586 371 371 1587 286 286 1588 370 370 1589 281 281 1590 372 372 1591 280 280 1592 372 372 1593 281 281 1594 371 371 1595 258 258 1596 352 352 1597 279 279 1598 352 352 1599 258 258 1600 280 280 1601 347 347 1602 337 337 1603 373 373 1604 337 337 1605 347 347 1606 336 336 1607 373 373 1608 338 338 1609 374 374 1610 338 338 1611 373 373 1612 337 337 1613 339 339 1614 374 374 1615 338 338 1616 374 374 1617 339 339 1618 375 375 1619 340 340 1620 375 375 1621 339 339 1622 375 375 1623 340 340 1624 376 376 1625 352 352 1626 376 376 1627 340 340 1628 376 376 1629 352 352 1630 377 377 1631 280 280 1632 377 377 1633 352 352 1634 377 377 1635 280 280 1636 372 372 1637 378 378 1638 372 372 1639 371 371 1640 372 372 1641 378 378 1642 379 379 1643 380 380 1644 371 371 1645 370 370 1646 371 371 1647 380 380 1648 378 378 1649 369 369 1650 380 380 1651 370 370 1652 380 380 1653 369 369 1654 381 381 1655 368 368 1656 381 381 1657 369 369 1658 381 381 1659 368 368 1660 382 382 1661 341 341 1662 382 382 1663 368 368 1664 382 382 1665 341 341 1666 365 365 1667 366 366 1668 383 383 1669 365 365 1670 383 383 1671 366 366 1672 384 384 1673 384 384 1674 366 366 1675 367 367 1676 384 384 1677 367 367 1678 385 385 1679 364 364 1680 367 367 1681 343 343 1682 367 367 1683 364 364 1684 386 386 1685 363 363 1686 386 386 1687 364 364 1688 386 386 1689 363 363 1690 387 387 1691 362 362 1692 387 387 1693 363 363 1694 387 387 1695 362 362 1696 388 388 1697 361 361 1698 388 388 1699 362 362 1700 388 388 1701 361 361 1702 389 389 1703 360 360 1704 389 389 1705 361 361 1706 389 389 1707 360 360 1708 390 390 1709 359 359 1710 390 390 1711 360 360 1712 390 390 1713 359 359 1714 391 391 1715 358 358 1716 391 391 1717 359 359 1718 391 391 1719 358 358 1720 392 392 1721 357 357 1722 392 392 1723 358 358 1724 392 392 1725 357 357 1726 393 393 1727 356 356 1728 393 393 1729 357 357 1730 393 393 1731 356 356 1732 394 394 1733 395 395 1734 356 356 1735 355 355 1736 356 356 1737 395 395 1738 394 394 1739 396 396 1740 355 355 1741 354 354 1742 355 355 1743 396 396 1744 395 395 1745 397 397 1746 354 354 1747 353 353 1748 354 354 1749 397 397 1750 396 396 1751 398 398 1752 353 353 1753 346 346 1754 353 353 1755 398 398 1756 397 397 1757 399 399 1758 346 346 1759 347 347 1760 346 346 1761 399 399 1762 398 398 1763 400 400 1764 347 347 1765 373 373 1766 347 347 1767 400 400 1768 399 399 1769 401 401 1770 373 373 1771 374 374 1772 373 373 1773 401 401 1774 400 400 1775 402 402 1776 374 374 1777 375 375 1778 374 374 1779 402 402 1780 401 401 1781 403 403 1782 375 375 1783 376 376 1784 375 375 1785 403 403 1786 402 402 1787 404 404 1788 376 376 1789 377 377 1790 376 376 1791 404 404 1792 403 403 1793 379 379 1794 377 377 1795 372 372 1796 377 377 1797 379 379 1798 404 404 1799 405 405 1800 379 379 1801 378 378 1802 379 379 1803 405 405 1804 406 406 1805 407 407 1806 378 378 1807 380 380 1808 378 378 1809 407 407 1810 405 405 1811 381 381 1812 407 407 1813 380 380 1814 407 407 1815 381 381 1816 408 408 1817 382 382 1818 408 408 1819 381 381 1820 408 408 1821 382 382 1822 409 409 1823 365 365 1824 409 409 1825 382 382 1826 409 409 1827 365 365 1828 383 383 1829 384 384 1830 410 410 1831 383 383 1832 410 410 1833 384 384 1834 411 411 1835 411 411 1836 384 384 1837 385 385 1838 411 411 1839 385 385 1840 412 412 1841 386 386 1842 385 385 1843 367 367 1844 385 385 1845 386 386 1846 413 413 1847 387 387 1848 413 413 1849 386 386 1850 413 413 1851 387 387 1852 414 414 1853 388 388 1854 414 414 1855 387 387 1856 414 414 1857 388 388 1858 415 415 1859 389 389 1860 415 415 1861 388 388 1862 415 415 1863 389 389 1864 416 416 1865 390 390 1866 416 416 1867 389 389 1868 416 416 1869 390 390 1870 417 417 1871 391 391 1872 417 417 1873 390 390 1874 417 417 1875 391 391 1876 418 418 1877 392 392 1878 418 418 1879 391 391 1880 418 418 1881 392 392 1882 419 419 1883 393 393 1884 419 419 1885 392 392 1886 419 419 1887 393 393 1888 420 420 1889 394 394 1890 420 420 1891 393 393 1892 420 420 1893 394 394 1894 421 421 1895 421 421 1896 395 395 1897 422 422 1898 395 395 1899 421 421 1900 394 394 1901 422 422 1902 396 396 1903 423 423 1904 396 396 1905 422 422 1906 395 395 1907 423 423 1908 397 397 1909 424 424 1910 397 397 1911 423 423 1912 396 396 1913 424 424 1914 398 398 1915 425 425 1916 398 398 1917 424 424 1918 397 397 1919 425 425 1920 399 399 1921 426 426 1922 399 399 1923 425 425 1924 398 398 1925 426 426 1926 400 400 1927 427 427 1928 400 400 1929 426 426 1930 399 399 1931 427 427 1932 401 401 1933 428 428 1934 401 401 1935 427 427 1936 400 400 1937 429 429 1938 401 401 1939 402 402 1940 401 401 1941 429 429 1942 428 428 1943 430 430 1944 402 402 1945 403 403 1946 402 402 1947 430 430 1948 429 429 1949 431 431 1950 403 403 1951 404 404 1952 403 403 1953 431 431 1954 430 430 1955 406 406 1956 404 404 1957 379 379 1958 404 404 1959 406 406 1960 431 431 1961 432 432 1962 406 406 1963 405 405 1964 406 406 1965 432 432 1966 433 433 1967 434 434 1968 405 405 1969 407 407 1970 405 405 1971 434 434 1972 432 432 1973 408 408 1974 434 434 1975 407 407 1976 434 434 1977 408 408 1978 435 435 1979 409 409 1980 435 435 1981 408 408 1982 435 435 1983 409 409 1984 436 436 1985 383 383 1986 436 436 1987 409 409 1988 436 436 1989 383 383 1990 410 410 1991 437 437 1992 438 438 1993 439 439 1994 438 438 1995 437 437 1996 288 288 1997 288 288 1998 437 437 1999 291 291 2000 291 291 2001 437 437 2002 440 440 2003 413 413 2004 412 412 2005 385 385 2006 412 412 2007 413 413 2008 441 441 2009 414 414 2010 441 441 2011 413 413 2012 441 441 2013 414 414 2014 442 442 2015 415 415 2016 442 442 2017 414 414 2018 442 442 2019 415 415 2020 443 443 2021 416 416 2022 443 443 2023 415 415 2024 443 443 2025 416 416 2026 444 444 2027 417 417 2028 444 444 2029 416 416 2030 444 444 2031 417 417 2032 445 445 2033 418 418 2034 445 445 2035 417 417 2036 445 445 2037 418 418 2038 446 446 2039 419 419 2040 446 446 2041 418 418 2042 446 446 2043 419 419 2044 447 447 2045 420 420 2046 447 447 2047 419 419 2048 447 447 2049 420 420 2050 448 448 2051 421 421 2052 448 448 2053 420 420 2054 448 448 2055 421 421 2056 449 449 2057 449 449 2058 422 422 2059 450 450 2060 422 422 2061 449 449 2062 421 421 2063 451 451 2064 440 440 2065 437 437 2066 440 440 2067 451 451 2068 291 291 2069 291 291 2070 451 451 2071 452 452 2072 452 452 2073 451 451 2074 453 453 2075 454 454 2076 439 439 2077 455 455 2078 439 439 2079 454 454 2080 437 437 2081 456 456 2082 455 455 2083 457 457 2084 455 455 2085 456 456 2086 454 454 2087 458 458 2088 456 456 2089 457 457 2090 456 456 2091 458 458 2092 459 459 2093 460 460 2094 459 459 2095 458 458 2096 459 459 2097 460 460 2098 461 461 2099 349 349 2100 461 461 2101 460 460 2102 461 461 2103 349 349 2104 462 462 2105 351 351 2106 462 462 2107 349 349 2108 462 462 2109 351 351 2110 463 463 2111 464 464 2112 463 463 2113 351 351 2114 463 463 2115 464 464 2116 465 465 2117 466 466 2118 465 465 2119 464 464 2120 465 465 2121 466 466 2122 467 467 2123 321 321 2124 467 467 2125 466 466 2126 467 467 2127 321 321 2128 468 468 2129 319 319 2130 468 468 2131 321 321 2132 468 468 2133 319 319 2134 469 469 2135 470 470 2136 319 319 2137 317 317 2138 319 319 2139 470 470 2140 469 469 2141 471 471 2142 317 317 2143 315 315 2144 317 317 2145 471 471 2146 470 470 2147 472 472 2148 315 315 2149 313 313 2150 315 315 2151 472 472 2152 471 471 2153 311 311 2154 472 472 2155 313 313 2156 472 472 2157 311 311 2158 473 473 2159 307 307 2160 473 473 2161 311 311 2162 473 473 2163 307 307 2164 474 474 2165 475 475 2166 307 307 2167 297 297 2168 307 307 2169 475 475 2170 474 474 2171 476 476 2172 297 297 2173 295 295 2174 297 297 2175 476 476 2176 475 475 2177 477 477 2178 295 295 2179 292 292 2180 295 295 2181 477 477 2182 476 476 2183 478 478 2184 292 292 2185 308 308 2186 292 292 2187 478 478 2188 477 477 2189 305 305 2190 308 308 2191 303 303 2192 308 308 2193 305 305 2194 478 478 2195 479 479 2196 305 305 2197 302 302 2198 305 305 2199 479 479 2200 480 480 2201 481 481 2202 302 302 2203 301 301 2204 302 302 2205 481 481 2206 479 479 2207 298 298 2208 481 481 2209 301 301 2210 481 481 2211 298 298 2212 482 482 2213 289 289 2214 482 482 2215 298 298 2216 482 482 2217 289 289 2218 483 483 2219 291 291 2220 483 483 2221 289 289 2222 483 483 2223 291 291 2224 452 452 2225 484 484 2226 485 485 2227 486 486 2228 485 485 2229 484 484 2230 487 487 2231 487 487 2232 484 484 2233 488 488 2234 487 487 2235 489 489 2236 485 485 2237 490 490 2238 437 437 2239 454 454 2240 437 437 2241 490 490 2242 451 451 2243 491 491 2244 454 454 2245 456 456 2246 454 454 2247 491 491 2248 490 490 2249 273 273 2250 241 241 2251 242 242 2252 241 241 2253 273 273 2254 268 268 2255 492 492 2256 486 486 2257 493 493 2258 486 486 2259 492 492 2260 484 484 2261 494 494 2262 493 493 2263 495 495 2264 493 493 2265 494 494 2266 492 492 2267 496 496 2268 495 495 2269 497 497 2270 495 495 2271 496 496 2272 494 494 2273 498 498 2274 496 496 2275 497 497 2276 496 496 2277 498 498 2278 499 499 2279 500 500 2280 499 499 2281 498 498 2282 499 499 2283 500 500 2284 501 501 2285 502 502 2286 501 501 2287 500 500 2288 501 501 2289 502 502 2290 503 503 2291 504 504 2292 503 503 2293 502 502 2294 503 503 2295 504 504 2296 505 505 2297 506 506 2298 505 505 2299 504 504 2300 505 505 2301 506 506 2302 507 507 2303 508 508 2304 507 507 2305 506 506 2306 507 507 2307 508 508 2308 509 509 2309 510 510 2310 508 508 2311 511 511 2312 508 508 2313 510 510 2314 509 509 2315 512 512 2316 511 511 2317 513 513 2318 511 511 2319 512 512 2320 510 510 2321 514 514 2322 513 513 2323 515 515 2324 513 513 2325 514 514 2326 512 512 2327 516 516 2328 515 515 2329 517 517 2330 515 515 2331 516 516 2332 514 514 2333 518 518 2334 516 516 2335 517 517 2336 516 516 2337 518 518 2338 519 519 2339 520 520 2340 519 519 2341 518 518 2342 519 519 2343 520 520 2344 521 521 2345 522 522 2346 521 521 2347 520 520 2348 521 521 2349 522 522 2350 523 523 2351 524 524 2352 522 522 2353 525 525 2354 522 522 2355 524 524 2356 523 523 2357 526 526 2358 525 525 2359 527 527 2360 525 525 2361 526 526 2362 524 524 2363 528 528 2364 527 527 2365 529 529 2366 527 527 2367 528 528 2368 526 526 2369 530 530 2370 529 529 2371 531 531 2372 529 529 2373 530 530 2374 528 528 2375 532 532 2376 530 530 2377 533 533 2378 530 530 2379 532 532 2380 534 534 2381 532 532 2382 535 535 2383 536 536 2384 535 535 2385 532 532 2386 533 533 2387 537 537 2388 536 536 2389 535 535 2390 536 536 2391 537 537 2392 538 538 2393 539 539 2394 538 538 2395 537 537 2396 538 538 2397 539 539 2398 540 540 2399 487 487 2400 540 540 2401 539 539 2402 540 540 2403 487 487 2404 541 541 2405 486 486 2406 542 542 2407 543 543 2408 542 542 2409 486 486 2410 544 544 2411 544 544 2412 486 486 2413 489 489 2414 489 489 2415 486 486 2416 485 485 2417 545 545 2418 484 484 2419 492 492 2420 484 484 2421 545 545 2422 546 546 2423 547 547 2424 492 492 2425 494 494 2426 492 492 2427 547 547 2428 545 545 2429 548 548 2430 494 494 2431 496 496 2432 494 494 2433 548 548 2434 547 547 2435 499 499 2436 548 548 2437 496 496 2438 548 548 2439 499 499 2440 549 549 2441 499 499 2442 550 550 2443 549 549 2444 550 550 2445 499 499 2446 501 501 2447 503 503 2448 550 550 2449 501 501 2450 550 550 2451 503 503 2452 551 551 2453 505 505 2454 551 551 2455 503 503 2456 551 551 2457 505 505 2458 552 552 2459 505 505 2460 553 553 2461 552 552 2462 553 553 2463 505 505 2464 507 507 2465 507 507 2466 554 554 2467 553 553 2468 554 554 2469 507 507 2470 509 509 2471 555 555 2472 509 509 2473 510 510 2474 509 509 2475 555 555 2476 554 554 2477 556 556 2478 510 510 2479 512 512 2480 510 510 2481 556 556 2482 555 555 2483 557 557 2484 512 512 2485 514 514 2486 512 512 2487 557 557 2488 556 556 2489 558 558 2490 514 514 2491 516 516 2492 514 514 2493 558 558 2494 557 557 2495 519 519 2496 558 558 2497 516 516 2498 558 558 2499 519 519 2500 559 559 2501 521 521 2502 559 559 2503 519 519 2504 559 559 2505 521 521 2506 560 560 2507 523 523 2508 560 560 2509 521 521 2510 560 560 2511 523 523 2512 561 561 2513 561 561 2514 524 524 2515 562 562 2516 524 524 2517 561 561 2518 523 523 2519 563 563 2520 524 524 2521 526 526 2522 524 524 2523 563 563 2524 562 562 2525 563 563 2526 528 528 2527 564 564 2528 528 528 2529 563 563 2530 526 526 2531 564 564 2532 530 530 2533 534 534 2534 530 530 2535 564 564 2536 528 528 2537 534 565 2538 563 565 2539 564 565 2540 563 565 2541 534 565 2542 532 565 2543 563 565 2544 532 565 2545 562 565 2546 562 565 2547 532 565 2548 536 566 2549 562 565 2550 536 566 2551 561 567 2552 561 567 2553 536 566 2554 538 568 2555 561 567 2556 538 568 2557 560 565 2558 560 565 2559 538 568 2560 540 565 2561 560 565 2562 540 565 2563 559 565 2564 559 565 2565 540 565 2566 541 565 2567 559 565 2568 541 565 2569 558 565 2570 558 565 2571 541 565 2572 565 565 2573 558 565 2574 565 565 2575 557 569 2576 557 569 2577 565 565 2578 546 565 2579 557 569 2580 546 565 2581 545 570 2582 557 569 2583 545 570 2584 556 571 2585 556 571 2586 545 570 2587 555 572 2588 555 572 2589 545 570 2590 547 573 2591 555 572 2592 547 573 2593 548 574 2594 555 572 2595 548 574 2596 554 575 2597 554 575 2598 548 574 2599 553 576 2600 553 576 2601 548 574 2602 549 565 2603 553 576 2604 549 565 2605 550 565 2606 553 576 2607 550 565 2608 552 565 2609 552 565 2610 550 565 2611 551 565 2612 30 30 2613 566 577 2614 29 29 2615 566 577 2616 30 30 2617 37 37 2618 37 37 2619 30 30 2620 40 40 2621 40 40 2622 30 30 2623 567 578 2624 546 546 2625 488 488 2626 484 484 2627 488 488 2628 541 541 2629 487 487 2630 541 541 2631 488 488 2632 546 546 2633 541 541 2634 546 546 2635 565 579 2636 489 489 2637 539 539 2638 568 580 2639 539 539 2640 489 489 2641 487 487 2642 568 580 2643 537 537 2644 569 581 2645 537 537 2646 568 580 2647 539 539 2648 569 581 2649 535 535 2650 570 582 2651 535 535 2652 569 581 2653 537 537 2654 535 535 2655 571 583 2656 570 582 2657 571 583 2658 535 535 2659 533 533 2660 533 533 2661 531 531 2662 571 583 2663 531 531 2664 533 533 2665 530 530 2666 531 531 2667 572 584 2668 573 585 2669 572 584 2670 531 531 2671 529 529 2672 529 529 2673 574 586 2674 572 584 2675 574 586 2676 529 529 2677 527 527 2678 527 527 2679 575 587 2680 574 586 2681 575 587 2682 527 527 2683 525 525 2684 525 525 2685 576 588 2686 575 587 2687 576 588 2688 525 525 2689 522 522 2690 576 588 2691 520 520 2692 577 589 2693 520 520 2694 576 588 2695 522 522 2696 577 589 2697 518 518 2698 578 590 2699 518 518 2700 577 589 2701 520 520 2702 578 590 2703 517 517 2704 579 591 2705 517 517 2706 578 590 2707 518 518 2708 517 517 2709 580 592 2710 579 591 2711 580 592 2712 517 517 2713 515 515 2714 515 515 2715 581 593 2716 580 592 2717 581 593 2718 515 515 2719 513 513 2720 513 513 2721 582 594 2722 581 593 2723 582 594 2724 513 513 2725 511 511 2726 511 511 2727 583 595 2728 582 594 2729 583 595 2730 511 511 2731 508 508 2732 583 595 2733 506 506 2734 584 596 2735 506 506 2736 583 595 2737 508 508 2738 584 596 2739 504 504 2740 585 597 2741 504 504 2742 584 596 2743 506 506 2744 585 597 2745 502 502 2746 586 598 2747 502 502 2748 585 597 2749 504 504 2750 586 598 2751 500 500 2752 587 599 2753 500 500 2754 586 598 2755 502 502 2756 587 599 2757 498 498 2758 588 600 2759 498 498 2760 587 599 2761 500 500 2762 588 600 2763 497 497 2764 589 601 2765 497 497 2766 588 600 2767 498 498 2768 497 497 2769 590 602 2770 589 601 2771 590 602 2772 497 497 2773 495 495 2774 495 495 2775 591 603 2776 590 602 2777 591 603 2778 495 495 2779 493 493 2780 493 493 2781 543 543 2782 591 603 2783 543 543 2784 493 493 2785 486 486 2786 543 543 2787 592 604 2788 593 605 2789 592 604 2790 543 543 2791 594 606 2792 594 606 2793 543 543 2794 544 544 2795 544 544 2796 543 543 2797 542 542 2798 544 544 2799 568 580 2800 595 607 2801 568 580 2802 544 544 2803 489 489 2804 595 607 2805 569 581 2806 596 608 2807 569 581 2808 595 607 2809 568 580 2810 596 608 2811 570 582 2812 597 609 2813 570 582 2814 596 608 2815 569 581 2816 570 582 2817 598 610 2818 597 609 2819 598 610 2820 570 582 2821 571 583 2822 571 583 2823 573 585 2824 598 610 2825 573 585 2826 571 583 2827 531 531 2828 573 585 2829 599 611 2830 600 612 2831 599 611 2832 573 585 2833 572 584 2834 572 584 2835 601 613 2836 599 611 2837 601 613 2838 572 584 2839 574 586 2840 574 586 2841 602 614 2842 601 613 2843 602 614 2844 574 586 2845 575 587 2846 575 587 2847 603 615 2848 602 614 2849 603 615 2850 575 587 2851 576 588 2852 603 615 2853 577 589 2854 604 616 2855 577 589 2856 603 615 2857 576 588 2858 604 616 2859 578 590 2860 605 617 2861 578 590 2862 604 616 2863 577 589 2864 605 617 2865 579 591 2866 606 618 2867 579 591 2868 605 617 2869 578 590 2870 579 591 2871 607 619 2872 606 618 2873 607 619 2874 579 591 2875 580 592 2876 580 592 2877 608 620 2878 607 619 2879 608 620 2880 580 592 2881 581 593 2882 581 593 2883 609 621 2884 608 620 2885 609 621 2886 581 593 2887 582 594 2888 582 594 2889 610 622 2890 609 621 2891 610 622 2892 582 594 2893 583 595 2894 610 622 2895 584 596 2896 611 623 2897 584 596 2898 610 622 2899 583 595 2900 611 623 2901 585 597 2902 612 624 2903 585 597 2904 611 623 2905 584 596 2906 612 624 2907 586 598 2908 613 625 2909 586 598 2910 612 624 2911 585 597 2912 613 625 2913 587 599 2914 614 626 2915 587 599 2916 613 625 2917 586 598 2918 614 626 2919 588 600 2920 615 627 2921 588 600 2922 614 626 2923 587 599 2924 615 627 2925 589 601 2926 616 628 2927 589 601 2928 615 627 2929 588 600 2930 589 601 2931 617 629 2932 616 628 2933 617 629 2934 589 601 2935 590 602 2936 590 602 2937 618 630 2938 617 629 2939 618 630 2940 590 602 2941 591 603 2942 591 603 2943 593 605 2944 618 630 2945 593 605 2946 591 603 2947 543 543 2948 593 605 2949 453 453 2950 451 451 2951 453 453 2952 593 605 2953 452 452 2954 452 452 2955 593 605 2956 594 606 2957 594 606 2958 593 605 2959 592 604 2960 594 606 2961 595 607 2962 619 631 2963 595 607 2964 594 606 2965 544 544 2966 619 631 2967 596 608 2968 620 632 2969 596 608 2970 619 631 2971 595 607 2972 620 632 2973 597 609 2974 621 633 2975 597 609 2976 620 632 2977 596 608 2978 597 609 2979 622 634 2980 621 633 2981 622 634 2982 597 609 2983 598 610 2984 598 610 2985 600 612 2986 622 634 2987 600 612 2988 598 610 2989 573 585 2990 600 612 2991 623 635 2992 480 480 2993 623 635 2994 600 612 2995 599 611 2996 599 611 2997 624 636 2998 623 635 2999 624 636 3000 599 611 3001 601 613 3002 601 613 3003 625 637 3004 624 636 3005 625 637 3006 601 613 3007 602 614 3008 602 614 3009 626 638 3010 625 637 3011 626 638 3012 602 614 3013 603 615 3014 626 638 3015 604 616 3016 627 639 3017 604 616 3018 626 638 3019 603 615 3020 627 639 3021 605 617 3022 628 640 3023 605 617 3024 627 639 3025 604 616 3026 628 640 3027 606 618 3028 629 641 3029 606 618 3030 628 640 3031 605 617 3032 606 618 3033 630 642 3034 629 641 3035 630 642 3036 606 618 3037 607 619 3038 607 619 3039 631 643 3040 630 642 3041 631 643 3042 607 619 3043 608 620 3044 608 620 3045 632 644 3046 631 643 3047 632 644 3048 608 620 3049 609 621 3050 609 621 3051 633 645 3052 632 644 3053 633 645 3054 609 621 3055 610 622 3056 633 645 3057 611 623 3058 634 646 3059 611 623 3060 633 645 3061 610 622 3062 634 646 3063 612 624 3064 635 647 3065 612 624 3066 634 646 3067 611 623 3068 635 647 3069 613 625 3070 636 648 3071 613 625 3072 635 647 3073 612 624 3074 636 648 3075 614 626 3076 637 649 3077 614 626 3078 636 648 3079 613 625 3080 637 649 3081 615 627 3082 638 650 3083 615 627 3084 637 649 3085 614 626 3086 638 650 3087 616 628 3088 639 651 3089 616 628 3090 638 650 3091 615 627 3092 616 628 3093 491 491 3094 639 651 3095 491 491 3096 616 628 3097 617 629 3098 617 629 3099 490 490 3100 491 491 3101 490 490 3102 617 629 3103 618 630 3104 618 630 3105 451 451 3106 490 490 3107 451 451 3108 618 630 3109 593 605 3110 640 652 3111 288 288 3112 641 653 3113 288 288 3114 640 652 3115 438 438 3116 438 438 3117 640 652 3118 642 654 3119 438 438 3120 642 654 3121 439 439 3122 452 452 3123 619 631 3124 483 483 3125 619 631 3126 452 452 3127 594 606 3128 483 483 3129 620 632 3130 482 482 3131 620 632 3132 483 483 3133 619 631 3134 482 482 3135 621 633 3136 481 481 3137 621 633 3138 482 482 3139 620 632 3140 621 633 3141 479 479 3142 481 481 3143 479 479 3144 621 633 3145 622 634 3146 622 634 3147 480 480 3148 479 479 3149 480 480 3150 622 634 3151 600 612 3152 480 480 3153 478 478 3154 305 305 3155 478 478 3156 480 480 3157 623 635 3158 623 635 3159 477 477 3160 478 478 3161 477 477 3162 623 635 3163 624 636 3164 624 636 3165 476 476 3166 477 477 3167 476 476 3168 624 636 3169 625 637 3170 625 637 3171 475 475 3172 476 476 3173 475 475 3174 625 637 3175 626 638 3176 475 475 3177 627 639 3178 474 474 3179 627 639 3180 475 475 3181 626 638 3182 474 474 3183 628 640 3184 473 473 3185 628 640 3186 474 474 3187 627 639 3188 473 473 3189 629 641 3190 472 472 3191 629 641 3192 473 473 3193 628 640 3194 629 641 3195 471 471 3196 472 472 3197 471 471 3198 629 641 3199 630 642 3200 630 642 3201 470 470 3202 471 471 3203 470 470 3204 630 642 3205 631 643 3206 631 643 3207 469 469 3208 470 470 3209 469 469 3210 631 643 3211 632 644 3212 632 644 3213 468 468 3214 469 469 3215 468 468 3216 632 644 3217 633 645 3218 468 468 3219 634 646 3220 467 467 3221 634 646 3222 468 468 3223 633 645 3224 467 467 3225 635 647 3226 465 465 3227 635 647 3228 467 467 3229 634 646 3230 465 465 3231 636 648 3232 463 463 3233 636 648 3234 465 465 3235 635 647 3236 463 463 3237 637 649 3238 462 462 3239 637 649 3240 463 463 3241 636 648 3242 462 462 3243 638 650 3244 461 461 3245 638 650 3246 462 462 3247 637 649 3248 461 461 3249 639 651 3250 459 459 3251 639 651 3252 461 461 3253 638 650 3254 639 651 3255 456 456 3256 459 459 3257 456 456 3258 639 651 3259 491 491 3260 350 350 3261 460 460 3262 643 655 3263 460 460 3264 350 350 3265 349 349 3266 643 655 3267 458 458 3268 644 656 3269 458 458 3270 643 655 3271 460 460 3272 644 656 3273 457 457 3274 645 657 3275 457 457 3276 644 656 3277 458 458 3278 645 657 3279 455 455 3280 646 658 3281 455 455 3282 645 657 3283 457 457 3284 646 658 3285 439 439 3286 642 654 3287 439 439 3288 646 658 3289 455 455 3290 647 659 3291 641 653 3292 648 660 3293 641 653 3294 647 659 3295 640 652 3296 640 652 3297 647 659 3298 649 661 3299 640 652 3300 649 661 3301 642 654 3302 641 653 3303 290 290 3304 650 662 3305 290 290 3306 641 653 3307 288 288 3308 650 662 3309 299 299 3310 651 663 3311 299 299 3312 650 662 3313 290 290 3314 299 299 3315 652 664 3316 651 663 3317 652 664 3318 299 299 3319 300 300 3320 300 300 3321 653 665 3322 652 664 3323 653 665 3324 300 300 3325 304 304 3326 304 304 3327 310 310 3328 653 665 3329 310 310 3330 304 304 3331 303 303 3332 310 310 3333 654 666 3334 655 667 3335 654 666 3336 310 310 3337 309 309 3338 309 309 3339 656 668 3340 654 666 3341 656 668 3342 309 309 3343 294 294 3344 294 294 3345 657 669 3346 656 668 3347 657 669 3348 294 294 3349 293 293 3350 293 293 3351 658 670 3352 657 669 3353 658 670 3354 293 293 3355 296 296 3356 306 306 3357 658 670 3358 296 296 3359 658 670 3360 306 306 3361 659 671 3362 312 312 3363 659 671 3364 306 306 3365 659 671 3366 312 312 3367 660 672 3368 314 314 3369 660 672 3370 312 312 3371 660 672 3372 314 314 3373 661 673 3374 316 316 3375 661 673 3376 314 314 3377 661 673 3378 316 316 3379 662 674 3380 318 318 3381 662 674 3382 316 316 3383 662 674 3384 318 318 3385 663 675 3386 320 320 3387 663 675 3388 318 318 3389 663 675 3390 320 320 3391 664 676 3392 322 322 3393 664 676 3394 320 320 3395 664 676 3396 322 322 3397 665 677 3398 665 677 3399 666 678 3400 667 679 3401 666 678 3402 665 677 3403 322 322 3404 667 679 3405 668 680 3406 669 681 3407 668 680 3408 667 679 3409 666 678 3410 669 681 3411 348 348 3412 670 682 3413 348 348 3414 669 681 3415 668 680 3416 670 682 3417 350 350 3418 671 683 3419 350 350 3420 670 682 3421 348 348 3422 671 683 3423 643 655 3424 672 684 3425 643 655 3426 671 683 3427 350 350 3428 672 684 3429 644 656 3430 673 685 3431 644 656 3432 672 684 3433 643 655 3434 673 685 3435 645 657 3436 674 686 3437 645 657 3438 673 685 3439 644 656 3440 674 686 3441 646 658 3442 675 687 3443 646 658 3444 674 686 3445 645 657 3446 675 687 3447 642 654 3448 649 661 3449 642 654 3450 675 687 3451 646 658 3452 411 411 3453 648 660 3454 410 410 3455 648 660 3456 411 411 3457 647 659 3458 647 659 3459 411 411 3460 412 412 3461 647 659 3462 412 412 3463 649 661 3464 648 660 3465 650 662 3466 676 688 3467 650 662 3468 648 660 3469 641 653 3470 676 688 3471 651 663 3472 677 689 3473 651 663 3474 676 688 3475 650 662 3476 677 689 3477 652 664 3478 678 690 3479 652 664 3480 677 689 3481 651 663 3482 652 664 3483 679 691 3484 678 690 3485 679 691 3486 652 664 3487 653 665 3488 653 665 3489 655 667 3490 679 691 3491 655 667 3492 653 665 3493 310 310 3494 655 667 3495 680 692 3496 433 433 3497 680 692 3498 655 667 3499 654 666 3500 654 666 3501 681 693 3502 680 692 3503 681 693 3504 654 666 3505 656 668 3506 656 668 3507 682 694 3508 681 693 3509 682 694 3510 656 668 3511 657 669 3512 657 669 3513 683 695 3514 682 694 3515 683 695 3516 657 669 3517 658 670 3518 659 671 3519 683 695 3520 658 670 3521 683 695 3522 659 671 3523 684 696 3524 660 672 3525 684 696 3526 659 671 3527 684 696 3528 660 672 3529 685 697 3530 661 673 3531 685 697 3532 660 672 3533 685 697 3534 661 673 3535 686 698 3536 662 674 3537 686 698 3538 661 673 3539 686 698 3540 662 674 3541 687 699 3542 663 675 3543 687 699 3544 662 674 3545 687 699 3546 663 675 3547 688 700 3548 664 676 3549 688 700 3550 663 675 3551 688 700 3552 664 676 3553 450 450 3554 665 677 3555 450 450 3556 664 676 3557 450 450 3558 665 677 3559 449 449 3560 449 449 3561 667 679 3562 448 448 3563 667 679 3564 449 449 3565 665 677 3566 448 448 3567 669 681 3568 447 447 3569 669 681 3570 448 448 3571 667 679 3572 447 447 3573 670 682 3574 446 446 3575 670 682 3576 447 447 3577 669 681 3578 446 446 3579 671 683 3580 445 445 3581 671 683 3582 446 446 3583 670 682 3584 445 445 3585 672 684 3586 444 444 3587 672 684 3588 445 445 3589 671 683 3590 444 444 3591 673 685 3592 443 443 3593 673 685 3594 444 444 3595 672 684 3596 443 443 3597 674 686 3598 442 442 3599 674 686 3600 443 443 3601 673 685 3602 442 442 3603 675 687 3604 441 441 3605 675 687 3606 442 442 3607 674 686 3608 441 441 3609 649 661 3610 412 412 3611 649 661 3612 441 441 3613 675 687 3614 33 33 3615 567 578 3616 30 30 3617 567 578 3618 33 33 3619 40 40 3620 40 40 3621 33 33 3622 34 34 3623 34 34 3624 33 33 3625 32 32 3626 410 410 3627 676 688 3628 436 436 3629 676 688 3630 410 410 3631 648 660 3632 436 436 3633 677 689 3634 435 435 3635 677 689 3636 436 436 3637 676 688 3638 679 691 3639 433 433 3640 432 432 3641 433 433 3642 679 691 3643 655 667 3644 433 433 3645 431 431 3646 406 406 3647 431 431 3648 433 433 3649 680 692 3650 678 690 3651 432 432 3652 434 434 3653 432 432 3654 678 690 3655 679 691 3656 435 435 3657 678 690 3658 434 434 3659 678 690 3660 435 435 3661 677 689 3662 688 700 3663 424 424 3664 687 699 3665 424 424 3666 688 700 3667 423 423 3668 687 699 3669 425 425 3670 686 698 3671 425 425 3672 687 699 3673 424 424 3674 686 698 3675 426 426 3676 685 697 3677 426 426 3678 686 698 3679 425 425 3680 685 697 3681 427 427 3682 684 696 3683 427 427 3684 685 697 3685 426 426 3686 684 696 3687 428 428 3688 683 695 3689 428 428 3690 684 696 3691 427 427 3692 682 694 3693 428 428 3694 429 429 3695 428 428 3696 682 694 3697 683 695 3698 681 693 3699 429 429 3700 430 430 3701 429 429 3702 681 693 3703 682 694 3704 680 692 3705 430 430 3706 431 431 3707 430 430 3708 680 692 3709 681 693 3710 322 322 3711 466 466 3712 666 678 3713 466 466 3714 322 322 3715 321 321 3716 666 678 3717 464 464 3718 668 680 3719 464 464 3720 666 678 3721 466 466 3722 668 680 3723 351 351 3724 348 348 3725 351 351 3726 668 680 3727 464 464 3728 450 450 3729 423 423 3730 688 700 3731 423 423 3732 450 450 3733 422 422 3734 689 701 3735 3 3 3736 0 0 3737 3 3 3738 689 701 3739 55 55 3740 690 702 3741 55 55 3742 689 701 3743 55 55 3744 690 702 3745 58 58 3746 690 702 3747 61 61 3748 58 58 3749 61 61 3750 690 702 3751 54 54 3752 54 54 3753 63 63 3754 61 61 3755 63 63 3756 54 54 3757 52 52 3758 52 52 3759 65 65 3760 63 63 3761 65 65 3762 52 52 3763 50 50 3764 50 50 3765 67 67 3766 65 65 3767 67 67 3768 50 50 3769 48 48 3770 48 48 3771 69 69 3772 67 67 3773 69 69 3774 48 48 3775 46 46 3776 46 46 3777 71 71 3778 69 69 3779 71 71 3780 46 46 3781 43 43 3782 41 41 3783 71 71 3784 43 43 3785 71 71 3786 41 41 3787 72 72 3788 38 38 3789 72 72 3790 41 41 3791 72 72 3792 38 38 3793 74 74 3794 40 40 3795 74 74 3796 38 38 3797 74 74 3798 40 40 3799 34 34 3800 691 703 3801 78 78 3802 76 76 3803 78 78 3804 691 703 3805 77 77 3806 77 77 3807 691 703 3808 692 704 3809 692 704 3810 691 703 3811 693 705 3812 80 80 3813 30 30 3814 28 28 3815 30 30 3816 80 80 3817 33 33 3818 82 82 3819 28 28 3820 26 26 3821 28 28 3822 82 82 3823 80 80 3824 84 84 3825 26 26 3826 23 23 3827 26 26 3828 84 84 3829 82 82 3830 84 84 3831 20 20 3832 85 85 3833 20 20 3834 84 84 3835 23 23 3836 85 85 3837 19 19 3838 18 18 3839 19 19 3840 85 85 3841 20 20 3842 87 87 3843 16 16 3844 89 89 3845 16 16 3846 87 87 3847 18 18 3848 89 89 3849 14 14 3850 91 91 3851 14 14 3852 89 89 3853 16 16 3854 91 91 3855 12 12 3856 93 93 3857 12 12 3858 91 91 3859 14 14 3860 93 93 3861 11 11 3862 95 95 3863 11 11 3864 93 93 3865 12 12 3866 694 706 3867 125 125 3868 128 128 3869 125 125 3870 694 706 3871 124 124 3872 145 145 3873 695 707 3874 143 143 3875 695 707 3876 145 145 3877 189 189 3878 694 706 3879 123 123 3880 124 124 3881 123 123 3882 694 706 3883 696 708 3884 696 708 3885 122 122 3886 123 123 3887 122 122 3888 696 708 3889 697 709 3890 697 709 3891 76 76 3892 122 122 3893 76 76 3894 697 709 3895 691 703 3896 29 29 3897 698 710 3898 699 711 3899 698 710 3900 29 29 3901 140 140 3902 140 140 3903 29 29 3904 37 37 3905 37 37 3906 29 29 3907 566 577 3908 77 77 3909 700 712 3910 115 115 3911 700 712 3912 77 77 3913 692 704 3914 115 115 3915 701 713 3916 114 114 3917 701 713 3918 115 115 3919 700 712 3920 114 114 3921 702 714 3922 113 113 3923 702 714 3924 114 114 3925 701 713 3926 112 112 3927 702 714 3928 703 715 3929 702 714 3930 112 112 3931 113 113 3932 111 111 3933 703 715 3934 704 716 3935 703 715 3936 111 111 3937 112 112 3938 110 110 3939 704 716 3940 705 717 3941 704 716 3942 110 110 3943 111 111 3944 109 109 3945 705 717 3946 706 718 3947 705 717 3948 109 109 3949 110 110 3950 108 108 3951 706 718 3952 707 719 3953 706 718 3954 108 108 3955 109 109 3956 107 107 3957 707 719 3958 708 720 3959 707 719 3960 107 107 3961 108 108 3962 107 107 3963 709 721 3964 106 106 3965 709 721 3966 107 107 3967 708 720 3968 106 106 3969 710 722 3970 105 105 3971 710 722 3972 106 106 3973 709 721 3974 105 105 3975 711 723 3976 103 103 3977 711 723 3978 105 105 3979 710 722 3980 103 103 3981 712 724 3982 101 101 3983 712 724 3984 103 103 3985 711 723 3986 712 724 3987 99 99 3988 101 101 3989 99 99 3990 712 724 3991 713 725 3992 713 725 3993 97 97 3994 99 99 3995 97 97 3996 713 725 3997 714 726 3998 714 726 3999 96 96 4000 97 97 4001 96 96 4002 714 726 4003 715 727 4004 716 728 4005 96 96 4006 715 727 4007 96 96 4008 716 728 4009 94 94 4010 131 131 4011 94 94 4012 716 728 4013 94 94 4014 131 131 4015 92 92 4016 143 143 4017 47 47 4018 49 49 4019 47 47 4020 143 143 4021 695 707 4022 695 707 4023 45 45 4024 47 47 4025 45 45 4026 695 707 4027 138 138 4028 138 138 4029 44 44 4030 45 45 4031 44 44 4032 138 138 4033 135 135 4034 135 135 4035 42 42 4036 44 44 4037 42 42 4038 135 135 4039 134 134 4040 139 139 4041 42 42 4042 134 134 4043 42 42 4044 139 139 4045 39 39 4046 140 140 4047 39 39 4048 139 139 4049 39 39 4050 140 140 4051 37 37 4052 717 729 4053 693 705 4054 691 703 4055 693 705 4056 717 729 4057 692 704 4058 692 704 4059 717 729 4060 718 730 4061 718 730 4062 717 729 4063 719 731 4064 27 27 4065 699 711 4066 720 732 4067 699 711 4068 27 27 4069 29 29 4070 25 25 4071 720 732 4072 721 733 4073 720 732 4074 25 25 4075 27 27 4076 25 25 4077 722 734 4078 24 24 4079 722 734 4080 25 25 4081 721 733 4082 24 24 4083 723 735 4084 22 22 4085 723 735 4086 24 24 4087 722 734 4088 22 22 4089 170 170 4090 21 21 4091 170 170 4092 22 22 4093 723 735 4094 19 19 4095 724 736 4096 17 17 4097 724 736 4098 19 19 4099 21 21 4100 17 17 4101 725 737 4102 15 15 4103 725 737 4104 17 17 4105 724 736 4106 15 15 4107 726 738 4108 13 13 4109 726 738 4110 15 15 4111 725 737 4112 13 13 4113 727 739 4114 10 10 4115 727 739 4116 13 13 4117 726 738 4118 8 8 4119 727 739 4120 728 740 4121 727 739 4122 8 8 4123 10 10 4124 6 6 4125 728 740 4126 729 741 4127 728 740 4128 6 6 4129 8 8 4130 5 5 4131 729 741 4132 730 742 4133 729 741 4134 5 5 4135 6 6 4136 731 743 4137 5 5 4138 730 742 4139 5 5 4140 731 743 4141 2 2 4142 732 744 4143 2 2 4144 731 743 4145 2 2 4146 732 744 4147 0 0 4148 733 745 4149 0 0 4150 732 744 4151 0 0 4152 733 745 4153 689 701 4154 734 746 4155 689 701 4156 733 745 4157 689 701 4158 734 746 4159 690 702 4160 734 746 4161 54 54 4162 690 702 4163 54 54 4164 734 746 4165 53 53 4166 735 747 4167 126 126 4168 129 129 4169 126 126 4170 735 747 4171 128 128 4172 736 748 4173 128 128 4174 735 747 4175 128 128 4176 736 748 4177 694 706 4178 736 748 4179 696 708 4180 694 706 4181 696 708 4182 736 748 4183 737 749 4184 737 749 4185 697 709 4186 696 708 4187 697 709 4188 737 749 4189 738 750 4190 738 750 4191 691 703 4192 697 709 4193 691 703 4194 738 750 4195 717 729 4196 698 710 4197 118 118 4198 699 711 4199 118 118 4200 698 710 4201 116 116 4202 116 116 4203 698 710 4204 140 140 4205 116 116 4206 140 140 4207 120 120 4208 692 704 4209 739 751 4210 700 712 4211 739 751 4212 692 704 4213 718 730 4214 700 712 4215 740 752 4216 701 713 4217 740 752 4218 700 712 4219 739 751 4220 701 713 4221 741 753 4222 702 714 4223 741 753 4224 701 713 4225 740 752 4226 703 715 4227 741 753 4228 742 754 4229 741 753 4230 703 715 4231 702 714 4232 704 716 4233 742 754 4234 743 755 4235 742 754 4236 704 716 4237 703 715 4238 705 717 4239 743 755 4240 744 756 4241 743 755 4242 705 717 4243 704 716 4244 706 718 4245 744 756 4246 745 757 4247 744 756 4248 706 718 4249 705 717 4250 707 719 4251 745 757 4252 746 758 4253 745 757 4254 707 719 4255 706 718 4256 708 720 4257 746 758 4258 747 759 4259 746 758 4260 708 720 4261 707 719 4262 708 720 4263 748 760 4264 709 721 4265 748 760 4266 708 720 4267 747 759 4268 709 721 4269 749 761 4270 710 722 4271 749 761 4272 709 721 4273 748 760 4274 710 722 4275 750 762 4276 711 723 4277 750 762 4278 710 722 4279 749 761 4280 711 723 4281 751 763 4282 712 724 4283 751 763 4284 711 723 4285 750 762 4286 751 763 4287 713 725 4288 712 724 4289 713 725 4290 751 763 4291 752 764 4292 752 764 4293 714 726 4294 713 725 4295 714 726 4296 752 764 4297 753 765 4298 753 765 4299 715 727 4300 714 726 4301 715 727 4302 753 765 4303 754 766 4304 755 767 4305 715 727 4306 754 766 4307 715 727 4308 755 767 4309 716 728 4310 189 189 4311 138 138 4312 695 707 4313 138 138 4314 189 189 4315 137 137 4316 132 132 4317 716 728 4318 755 767 4319 716 728 4320 132 132 4321 131 131 4322 127 127 4323 92 92 4324 131 131 4325 92 92 4326 127 127 4327 90 90 4328 132 565 4329 129 565 4330 130 565 4331 129 565 4332 132 565 4333 735 565 4334 735 565 4335 132 565 4336 755 565 4337 735 565 4338 755 565 4339 754 768 4340 735 565 4341 754 768 4342 736 769 4343 736 769 4344 754 768 4345 753 770 4346 736 769 4347 753 770 4348 737 771 4349 737 771 4350 753 770 4351 752 772 4352 737 771 4353 752 772 4354 738 773 4355 738 773 4356 752 772 4357 751 774 4358 738 773 4359 751 774 4360 717 565 4361 717 565 4362 751 774 4363 750 775 4364 717 565 4365 750 775 4366 719 565 4367 719 565 4368 750 775 4369 718 776 4370 718 776 4371 750 775 4372 749 777 4373 718 776 4374 749 777 4375 739 778 4376 739 778 4377 749 777 4378 748 779 4379 739 778 4380 748 779 4381 740 780 4382 740 780 4383 748 779 4384 747 781 4385 740 780 4386 747 781 4387 741 565 4388 741 565 4389 747 781 4390 746 565 4391 741 565 4392 746 565 4393 742 565 4394 742 565 4395 746 565 4396 745 565 4397 742 565 4398 745 565 4399 743 565 4400 743 565 4401 745 565 4402 744 565 4403 3 3 4404 104 104 4405 1 1 4406 104 104 4407 3 3 4408 56 56 4409 699 711 4410 179 179 4411 720 732 4412 179 179 4413 699 711 4414 118 118 4415 720 732 4416 177 177 4417 721 733 4418 177 177 4419 720 732 4420 179 179 4421 721 733 4422 175 175 4423 722 734 4424 175 175 4425 721 733 4426 177 177 4427 722 734 4428 172 172 4429 723 735 4430 172 172 4431 722 734 4432 175 175 4433 723 735 4434 171 171 4435 170 170 4436 171 171 4437 723 735 4438 172 172 4439 21 21 4440 168 168 4441 724 736 4442 168 168 4443 21 21 4444 170 170 4445 724 736 4446 166 166 4447 725 737 4448 166 166 4449 724 736 4450 168 168 4451 725 737 4452 164 164 4453 726 738 4454 164 164 4455 725 737 4456 166 166 4457 726 738 4458 162 162 4459 727 739 4460 162 162 4461 726 738 4462 164 164 4463 727 739 4464 160 160 4465 728 740 4466 160 160 4467 727 739 4468 162 162 4469 729 741 4470 160 160 4471 158 158 4472 160 160 4473 729 741 4474 728 740 4475 730 742 4476 158 158 4477 156 156 4478 158 158 4479 730 742 4480 729 741 4481 154 154 4482 730 742 4483 156 156 4484 730 742 4485 154 154 4486 731 743 4487 152 152 4488 731 743 4489 154 154 4490 731 743 4491 152 152 4492 732 744 4493 151 151 4494 732 744 4495 152 152 4496 732 744 4497 151 151 4498 733 745 4499 144 144 4500 49 49 4501 51 51 4502 49 49 4503 144 144 4504 143 143 4505 147 147 4506 51 51 4507 53 53 4508 51 51 4509 147 147 4510 144 144 4511 151 151 4512 734 746 4513 733 745 4514 734 746 4515 151 151 4516 149 149 4517 149 149 4518 53 53 4519 734 746 4520 53 53 4521 149 149 4522 147 147 4523</p>
        </triangles>
      </mesh>
    </geometry>
    <geometry id="Síť_012-mesh" name="Síť.012">
      <mesh>
        <source id="Síť_012-mesh-positions">
          <float_array id="Síť_012-mesh-positions-array" count="546">1.020141 0.7467347 -4.414e-7 1.741489 0.3415697 -8.000001 1.020141 0.7467347 -8.000001 1.741489 0.3415697 -4.414e-7 1.02014 15.20784 -4.414e-7 0.4666301 14.67982 -8.000001 1.02014 15.20784 -8.000001 0.4666301 14.67982 -4.414e-7 6.965952 2.549513 -4.414e-7 6.847272 1.889651 -8.000001 6.847272 1.889651 -4.414e-7 6.965952 2.549513 -8.000001 0.118681 1.88965 -8.000001 0.4666318 1.274756 -4.414e-7 0.4666318 1.274756 -8.000001 0.118681 1.88965 -4.414e-7 6.847271 14.06493 -4.414e-7 6.49932 14.67982 -8.000001 6.847271 14.06493 -8.000001 6.49932 14.67982 -4.414e-7 5.94581 15.20784 -8.000001 5.94581 15.20784 -4.414e-7 6.499321 1.274757 -8.000001 6.499321 1.274757 -4.414e-7 4.384435 15.86771 -4.414e-7 3.482975 15.95458 -1 4.384435 15.85573 -1 5.224464 0.3415702 -4.414e-7 5.945812 0.7467353 -8.000001 5.224464 0.3415702 -8.000001 5.945812 0.7467353 -4.414e-7 2.47652 0.1187075 -0.9999363 2.581517 0.09884333 -1 2.581517 0.08687239 -4.414e-7 3.482975 15.95458 -4.414e-7 5.224462 15.61301 -4.414e-7 5.224462 15.61301 -8.000001 1.40751e-6 2.900832 -8.000001 1.40751e-6 2.900832 -1 1.45457e-6 2.549512 -8.000001 1.45457e-6 2.549512 -4.414e-7 0 13.40506 -4.414e-7 0 13.05375 -1 0 13.05375 -8.000001 0 13.40506 -8.000001 0.1186794 14.06493 -4.414e-7 0.1186794 14.06493 -8.000001 6.96595 13.40507 -4.414e-7 6.96595 13.40507 -8.000001 1.741487 15.61301 -8.000001 1.741487 15.61301 -4.414e-7 2.581515 15.85573 -1 2.581515 15.8677 -4.414e-7 2.581517 0.08687239 -8.000001 5.576631 14.79747 -8.000001 4.963413 15.18936 -1 4.963413 15.18936 -8.000001 5.576631 14.79747 -1 6.047169 14.28674 -8.000001 6.047169 14.28674 -1 6.342962 13.69199 -8.000001 6.342962 13.69199 -1 6.448318 13.02549 -8.000001 6.448318 13.02549 -1 6.448319 2.92909 -8.000001 6.448319 2.92909 -1 2.716646 0.5188624 -1 3.482977 0.4348357 -8.000001 2.716646 0.5188624 -8.000001 3.482977 0.4348357 -1 2.002539 0.7652164 -8.000001 2.002539 0.7652164 -1 1.389321 1.157109 -1 1.389321 1.157109 -8.000001 0.918783 1.667834 -1 0.918783 1.667834 -8.000001 0.6229901 2.262585 -1 0.6229901 2.262585 -8.000001 0.517634 2.929089 -1 0.517634 2.929089 -8.000001 6.342963 2.262586 -8.000001 6.342963 2.262586 -1 6.047171 1.667834 -8.000001 6.047171 1.667834 -1 5.576632 1.15711 -8.000001 5.576632 1.15711 -1 4.963415 0.7652168 -8.000001 4.963415 0.7652168 -1 4.249308 0.5188626 -8.000001 4.249308 0.5188626 -1 0.1186794 13.80453 -1 0.1186794 13.80453 -8.000001 0.118681 2.150041 -8.000001 0.4666301 14.50416 -8.000001 0.4666318 1.450416 -8.000001 0.5176326 13.02549 -8.000001 0.6229885 13.69199 -8.000001 1.02014 15.10494 -8.000001 0.9187812 14.28674 -8.000001 1.389319 14.79747 -8.000001 1.741487 15.56594 -8.000001 2.002537 15.18936 -8.000001 2.581515 15.8677 -8.000001 2.716644 15.43571 -8.000001 3.482975 15.95458 -8.000001 3.482975 15.51974 -8.000001 4.384435 15.86771 -8.000001 4.249306 15.43571 -8.000001 5.224462 15.56594 -8.000001 5.94581 15.10494 -8.000001 6.49932 14.50416 -8.000001 1.020141 0.8496338 -8.000001 1.741489 0.3886376 -8.000001 3.482977 0 -8.000001 4.384438 0.08687263 -8.000001 5.224464 0.3886381 -8.000001 5.945812 0.8496344 -8.000001 6.499321 1.450416 -8.000001 6.847271 13.80454 -8.000001 6.847272 2.150042 -8.000001 6.96595 13.05375 -8.000001 6.965951 2.900833 -8.000001 6.499321 1.450416 -1 5.945812 0.8496344 -1 6.847272 2.150042 -1 5.224462 15.56594 -1 5.94581 15.10494 -1 6.96595 13.05375 -1 6.965951 2.900833 -1 6.49932 14.50416 -1 6.847271 13.80454 -1 0.4666318 1.450416 -1 0.5176326 13.02549 -1 1.020141 0.8496338 -1 1.741489 0.3886376 -1 3.482977 0 -1 4.384438 0.09884357 -1 5.224464 0.3886381 -1 0.118681 2.150041 -1 0.4666301 14.50416 -1 0.6229885 13.69199 -1 1.02014 15.10494 -1 0.9187812 14.28674 -1 1.389319 14.79747 -1 1.741487 15.56594 -1 2.002537 15.18936 -1 2.476518 15.83587 -0.9999363 2.716644 15.43571 -1 3.482975 15.51974 -1 4.249306 15.43571 -1 3.482977 0 -4.414e-7 4.384438 0.08687263 -4.414e-7 0 13.05375 -8.000001 0.1186794 14.06493 -8.000001 0 13.40506 -8.000001 1.40751e-6 2.900832 -8.000001 1.45457e-6 2.549512 -8.000001 0.118681 1.88965 -8.000001 0.4666301 14.67982 -8.000001 0.4666318 1.274756 -8.000001 1.02014 15.20784 -8.000001 1.020141 0.7467347 -8.000001 1.741487 15.61301 -8.000001 1.741489 0.3415697 -8.000001 2.581515 15.8677 -8.000001 2.581517 0.08687239 -8.000001 3.482975 15.95458 -8.000001 3.482977 0 -8.000001 4.384435 15.86771 -8.000001 4.384438 0.08687263 -8.000001 5.224462 15.61301 -8.000001 5.224464 0.3415702 -8.000001 5.94581 15.20784 -8.000001 5.945812 0.7467353 -8.000001 6.49932 14.67982 -8.000001 6.499321 1.274757 -8.000001 6.847271 14.06493 -8.000001 6.847272 1.889651 -8.000001 6.96595 13.40507 -8.000001 6.965952 2.549513 -8.000001 6.96595 13.05375 -8.000001 6.965951 2.900833 -8.000001</float_array>
          <technique_common>
            <accessor source="#Síť_012-mesh-positions-array" count="182" stride="3">
              <param name="X" type="float"/>
              <param name="Y" type="float"/>
              <param name="Z" type="float"/>
            </accessor>
          </technique_common>
        </source>
        <source id="Síť_012-mesh-normals">
          <float_array id="Síť_012-mesh-normals-array" count="1041">0.5946257 0.8040028 0 0.3917785 0.9200593 -7.01335e-4 0.5946258 0.8040027 0 0.391878 0.9200171 -5.53949e-4 0.5946259 -0.8040027 0 0.7887932 -0.6146588 0 0.594626 -0.8040025 0 0.7887932 -0.6146589 0 -0.9842081 0.1770154 0 -0.9405922 0.3395386 0 -0.9405841 0.3395609 0 -0.940582 0.339567 0 -0.9842081 0.1770153 0 0.9405843 0.3395605 0 0.7887929 0.6146592 0 0.788793 0.6146591 0 0.9405922 0.3395384 0 -0.9405843 -0.3395603 0 -0.788793 -0.6146591 0 -0.9405841 -0.339561 0 -0.7887927 -0.6146594 0 -0.5946259 -0.8040027 0 -0.5946255 -0.8040028 0 -0.788793 0.6146591 0 -0.7887929 0.6146591 0 -0.1968661 -0.9803932 0.008551955 0.003079354 -0.9999903 0.003179848 -0.2244972 -0.9744582 0.005690336 -0.3895173 0.9210191 -4.3834e-4 -0.594626 0.8040025 0 -0.3922517 0.919858 0 -0.5946259 0.8040025 0 0.2383692 0.9711567 0.005889296 0.1631715 0.9865311 0.01146411 0.1631826 0.9865293 0.01146346 0.1933118 0.9811321 0.003206312 0.003080964 -0.9999903 0.003179848 -0.3894921 -0.9210245 0.003127396 -0.3917745 -0.9200609 -7.58037e-4 1 1.33952e-7 0 1 1.33953e-7 0 1 1.33952e-7 0 1 1.33993e-7 0 1 1.33993e-7 0 1 1.34002e-7 0 1 1.33953e-7 0 1 1.34017e-7 0 1 1.34034e-7 0 1 1.34034e-7 0 0.9405844 -0.3395602 0 0.9405923 -0.3395383 0 -0.9842083 -0.1770143 0 -0.9842081 -0.1770156 0 0.9842083 0.1770148 0 0.9405822 0.3395664 0 0.9842082 0.1770148 0 0.9405823 -0.3395659 0 0.9842083 -0.1770142 0 0.9842084 -0.1770143 0 0.3916051 -0.9201334 -2.74514e-4 0.3916357 -0.9201204 -1.54525e-4 0.1028739 -0.9946787 0.005582749 0.09591907 -0.9953179 0.01191538 0.2901569 0.9569777 -0.001636505 -0.6422986 -0.7664545 0 -0.4353511 -0.9002609 0 -0.4353507 -0.9002609 0 -0.6422987 -0.7664546 0 -0.823642 -0.5671102 0 -0.8236428 -0.5671091 0 -0.9525936 -0.3042457 0 -0.9525941 -0.3042443 0 -0.9877358 -0.1561349 0 -0.9877358 -0.1561349 0 -1 -1.49613e-7 0 -1 -1.74239e-7 0 -1 -2.15901e-7 0 -1 0 0 0.2189171 0.9757435 0 0 1 0 0.2189173 0.9757435 0 -1.1929e-7 1 0 0.4353505 0.9002611 0 0.4353504 0.9002612 0 0.6422982 0.7664549 0 0.6422984 0.7664548 0 0.8236426 0.5671092 0 0.8236426 0.5671094 0 0.9525939 0.3042451 0 0.9525938 0.3042452 0 0.9877359 0.1561342 0 0.9877359 0.1561341 0 -0.9877358 0.1561346 0 -0.9525938 0.3042454 0 -0.9525938 0.3042453 0 -0.9877358 0.1561347 0 -0.8236429 0.5671088 0 -0.8236427 0.5671092 0 -0.6422989 0.7664542 0 -0.6422984 0.7664548 0 -0.4353508 0.9002609 0 -0.4353505 0.9002611 0 -0.2189174 0.9757435 0 -0.2189174 0.9757434 0 1 1.33993e-7 0 1 1.33993e-7 0 -0.9525939 0.3042449 0 -0.9877359 0.1561341 0 -0.9877359 0.1561341 0 -0.9525939 0.3042449 0 -6.84519e-6 0 -1 1.09917e-5 0 -1 0 0 -1 5.373e-7 0 -1 2.17649e-7 0 -1 0 0 -1 1.85732e-5 0 -1 -4.12404e-6 0 -1 0 0 -1 -4.03611e-6 0 -1 1.72811e-7 0 -1 3.02979e-7 0 -1 2.4922e-7 0 -1 -1.302e-7 0 -1 -5.5045e-7 0 -1 5.06456e-7 0 -1 1.28544e-7 0 -1 4.70821e-7 0 -1 5.9634e-7 0 -1 0 0 -1 -3.02979e-7 0 -1 4.67383e-7 0 -1 1.05686e-6 0 -1 8.85086e-7 0 -1 1.56294e-6 0 -1 8.14976e-6 0 -1 5.82762e-7 0 -1 -2.12682e-5 0 -1 0 0 -1 5.19156e-7 0 -1 3.45624e-7 0 -1 -4.77301e-7 0 -1 0 0 -1 0 0 -1 0 0 -1 1.37846e-6 0 -1 5.40572e-7 0 -1 -4.98442e-7 0 -1 -8.44612e-7 0 -1 -8.13008e-7 0 -1 -1.97139e-7 0 -1 -1.37823e-6 0 -1 -3.95868e-7 0 -1 3.53368e-6 0 -1 -2.72486e-7 0 -1 6.45963e-7 0 -1 -1.3278e-6 0 -1 1.26635e-5 0 -1 0.6422981 -0.7664549 0 0.8236431 -0.5671086 0 0.6422991 -0.7664542 0 0.8236425 -0.5671095 0 0.9525939 -0.3042449 0 0.9525926 -0.3042491 4.03915e-6 0.4353511 0.9002608 0 0.4405822 0.8977121 7.50032e-4 0.642299 0.7664542 0 -1 0 0 -1 0 0 -1 0 0 -1 0 0 0.952594 0.3042444 0 0.8236423 0.5671097 0 0.9525921 0.3042503 -4.02611e-6 0.8236423 0.5671097 0 0.9877358 0.1561353 0 0.9526002 0.3042253 -1.08318e-5 0.9877361 0.1561326 0 3.21413e-7 0 1 0 0 1 0 0 1 -4.8596e-7 0 1 0 0 1 -5.69409e-7 0 1 0 0 1 -3.13682e-5 2.17221e-5 1 -1.7309e-5 4.15386e-5 1 -2.38853e-4 1.39452e-5 1 5.77861e-5 4.11911e-5 1 -8.87569e-7 5.00717e-7 1 0 0 1 0 0 1 0 0 1 0 0 1 -3.57741e-7 0 1 -1.85623e-7 0 1 0 0 1 0 0 1 1.60049e-7 0 1 1.23996e-7 0 1 0 0 1 0 0 1 9.5107e-7 0 1 0 0 1 -1.84161e-7 0 1 -4.64094e-7 0 1 4.6287e-7 0 1 -1.37899e-6 0 1 -9.89339e-7 0 1 -5.93601e-7 0 1 4.66355e-7 0 1 -5.17121e-7 0 1 0 0 1 0 0 1 -5.0936e-7 0 1 -3.13681e-5 -2.17221e-5 1 -1.73089e-5 -4.15384e-5 1 2.39888e-4 1.39409e-5 1 5.78522e-5 -4.11908e-5 1 -7.1375e-7 -4.67135e-7 1 0 0 1 0 0 1 0 0 1 0 0 1 0 0 1 0 0 1 0 0 1 -1.9036e-7 0 1 4.41711e-7 0 1 0 0 1 0.9877359 -0.1561341 0 0.9877362 -0.1561328 0 0.952601 -0.3042227 1.08318e-5 -0.6422984 0.7664547 0 -0.823643 0.5671089 0 -0.8236429 0.5671089 0 -1 -1.30561e-6 7.00105e-7 -1 -3.34292e-6 3.54201e-7 -1 -5.4291e-6 0 -1 -1.75703e-7 8.91946e-7 -1 0 0 -1 5.45489e-7 0 -1 1.80776e-6 0 -1 0 0 -1 -3.10234e-6 0 -0.3334246 -0.9427769 -9.65595e-6 -0.4386435 -0.8986613 -6.12065e-5 -0.441035 -0.8974896 7.34164e-4 -0.3334388 -0.9427719 -1.99778e-5 -0.3380796 -0.9411162 0.001609385 1.28792e-5 0.9999798 0.006357729 0 1 0 -0.1020398 0.9947648 0.005567014 -0.1020677 0.9947618 0.00559169 -0.1089873 0.993972 0.01189875 -7.15256e-7 0.9999799 0.006350517 -3.258e-5 1 4.72617e-5 0.09699732 0.9952846 1.39396e-4 2.1188e-5 1 -3.09644e-5 0.1089949 0.9940409 0.001699686 0 -0.9999988 0.001569867 1.33424e-7 -1 0 0.09699696 -0.9952847 1.39415e-4 0.1089948 -0.994041 0.001699924 0.3270912 0.9449928 1.29375e-4 0.4406121 0.8976973 7.51351e-4 0.3380787 0.9411165 0.001609325 0.32702 0.9450175 1.20729e-4 0.3261209 -0.9453267 0.001616597 0.3371208 -0.9414615 1.29991e-4 0.4358114 -0.9000378 7.48234e-4 0.4410488 -0.8974831 0 -0.1089946 -0.994041 0.001699924 -0.09699672 -0.9952848 1.39415e-4 0.2893825 -0.9572136 -1.85238e-4 0.2893804 -0.9572142 -1.82896e-4 0.2893955 -0.9572097 -1.85998e-4 0.2893799 -0.9572144 -1.68275e-4 0.2893982 -0.9572088 -1.86204e-4 -0.2840113 0.9588208 -6.031e-4 -0.2897104 0.9571145 -4.45484e-5 -0.3894842 0.9210332 -2.7965e-4 -0.2840058 0.9588224 -6.03677e-4 -0.2840048 0.9588227 -6.03112e-4 -0.2901571 -0.9569777 -0.001636445 -0.107927 0.9941589 1.39448e-4 -0.0959258 0.9953871 0.001702308 -0.3334243 0.942777 -1.57001e-5 -0.3380798 0.9411162 0.001609325 -0.440591 0.8977077 7.44707e-4 -0.4386377 0.8986641 -7.2245e-5 -0.3334347 0.9427732 -2.01333e-5 -0.9877359 -0.1561341 0 -0.9525938 -0.3042452 0 -0.9525939 -0.3042452 0 -0.9877359 -0.1561342 0 -0.8236426 -0.5671094 0 -0.8236427 -0.5671093 0 -0.6422982 -0.7664549 0 -0.6422984 -0.7664547 0 1 1.33399e-7 0 1 1.36478e-7 0 1 1.28191e-7 0 1 1.41685e-7 0 0.987736 -0.1561335 0 0.9525939 -0.3042448 0 0.987736 -0.1561336 0 0.9525939 -0.3042448 0 0.8236426 -0.5671094 0 0.6422981 -0.7664549 0 0.4357747 -0.9000557 6.88684e-4 0.4357903 -0.900048 7.14091e-4 0.2189182 -0.9757432 0 0.2189182 -0.9757432 0 0 -1 0 -0.2189168 -0.9757435 0 -0.2189171 -0.9757435 0 -1.13419e-5 0 1 0 0 1 2.2873e-5 0 1 1.77188e-5 0 1 1.89059e-6 0 1 2.50546e-6 0 1 -1.65921e-6 0 1 1.31543e-6 0 1 -5.3238e-7 0 1 0 0 1 0 0 1 1.68342e-7 0 1 0 0 1 0 0 1 0 0 1 -3.91954e-7 0 1 0 0 1 1.28455e-7 0 1 0 0 1 3.16262e-7 0 1 0 0 1 -6.29345e-7 0 1 5.86212e-7 0 1 -8.62999e-7 0 1 2.99935e-6 0 1 -3.11821e-6 0 1 0 0 1 7.40236e-7 0 1 4.30055e-5 -2.07993e-5 1 2.45571e-5 -4.05821e-5 1</float_array>
          <technique_common>
            <accessor source="#Síť_012-mesh-normals-array" count="347" stride="3">
              <param name="X" type="float"/>
              <param name="Y" type="float"/>
              <param name="Z" type="float"/>
            </accessor>
          </technique_common>
        </source>
        <source id="Síť_012-mesh-map-0">
          <float_array id="Síť_012-mesh-map-0-array" count="1848">-0.005155026 0 -0.01329821 -0.07874011 -0.005155026 -0.07874011 -0.01329821 -0.07874011 -0.005155026 0 -0.01329821 0 0.1105843 0 0.1030551 -0.07874011 0.1105843 -0.07874011 0.1030551 -0.07874011 0.1105843 0 0.1030551 0 -0.03683388 0 -0.03023499 -0.07874011 -0.03023499 0 -0.03023499 -0.07874011 -0.03683388 0 -0.03683388 -0.07874011 0.0156117 -0.07874011 0.008657753 0 0.008657753 -0.07874011 0.008657753 0 0.0156117 -0.07874011 0.0156117 0 -0.08729106 0 -0.09424495 -0.07874011 -0.08729106 -0.07874011 -0.09424495 -0.07874011 -0.08729106 0 -0.09424495 0 -0.05344527 0 -0.06097453 -0.07874011 -0.05344527 -0.07874011 -0.06097453 -0.07874011 -0.05344527 0 -0.06097453 0 0.005337178 0 -0.00219202 -0.07874011 0.005337178 -0.07874011 -0.00219202 -0.07874011 0.005337178 0 -0.00219202 0 -0.04937791 0 -0.04242402 -0.07874011 -0.04242402 0 -0.04242402 -0.07874011 -0.04937791 0 -0.04937791 -0.07874011 0.02587413 0.001903176 0.01696115 -0.007939994 0.02588701 -0.007939994 -0.04648017 0 -0.0546233 -0.07874011 -0.04648017 -0.07874011 -0.0546233 -0.07874011 -0.04648017 0 -0.0546233 0 -0.02373307 -0.00990796 -0.02478486 -0.009908616 -0.01621687 -0.07881104 -0.02478486 -0.009908616 -0.02373307 -0.00990796 -0.02480673 -6.54398e-5 -0.0154277 0 -0.02373307 -0.00990796 -0.01621687 -0.07881104 -0.02373307 -0.00990796 -0.0154277 0 -0.02480673 -6.54398e-5 0.02797359 0 0.01905983 0 0.01905983 -0.009842514 -0.02227842 -0.07874011 -0.03023499 0 -0.03023499 -0.07874011 -0.03023499 0 -0.02227842 -0.07874011 -0.02227842 0 0.02855145 -0.07874011 0.02855145 -0.009842514 0.02509361 -0.07874011 0.02509361 0 0.02855145 -0.009842514 0.1319396 0 0.02855145 -0.009842514 0.02509361 0 0.02509361 -0.07874011 0.1319396 0 0.02855145 -0.009842514 0.1284817 -0.009842514 0.1319396 0 0.1284817 -0.009842514 0.1284817 -0.07874011 0.1319396 0 0.1284817 -0.07874011 0.1319396 -0.07874011 0.1284817 -0.07874011 0.1210573 0 0.1210573 -0.07874011 0.1210573 0 0.1284817 -0.07874011 0.1280112 0 -0.1177194 0 -0.1243184 -0.07874011 -0.1177194 -0.07874011 -0.1243184 -0.07874011 -0.1177194 0 -0.1243184 0 -0.04648017 -0.07874011 -0.0546233 0 -0.0546233 -0.07874011 -0.0546233 0 -0.04648017 -0.07874011 -0.04648017 0 0.02509361 -0.07874011 0.01905983 0 0.01809841 -0.07874011 0.01905983 0 0.02509361 -0.07874011 0.02509361 0 0.1364549 -0.07874011 0.129856 0 0.129856 -0.07874011 0.129856 0 0.1364549 -0.07874011 0.1364549 0 0.0902 -0.07874011 0.08205682 0 0.08205682 -0.07874011 0.08205682 0 0.0902 -0.07874011 0.0902 0 0.05119282 0 0.04226702 -0.009842514 0.05119282 -0.009842514 0.04918646 0.001823186 0.04027271 0.001823186 0.04026138 -0.008019983 -0.02373307 -0.00990796 -0.0240674 -0.07872664 -0.01621687 -0.07881104 -0.03217959 -0.07874011 -0.03934246 -0.009842514 -0.03934246 -0.07874011 -0.03934246 -0.009842514 -0.03217959 -0.07874011 -0.03217959 -0.009842514 -0.06992286 -0.009842514 -0.06308782 -0.07874011 -0.06308782 -0.009842514 -0.06308782 -0.07874011 -0.06992286 -0.009842514 -0.06992286 -0.07874011 -0.09940153 -0.009842514 -0.09286367 -0.07874011 -0.09286367 -0.009842514 -0.09286367 -0.07874011 -0.09940153 -0.009842514 -0.09940153 -0.07874011 -0.1233633 -0.009842514 -0.1177194 -0.07874011 -0.1167218 -0.009842514 -0.1177194 -0.07874011 -0.1233633 -0.009842514 -0.1243184 -0.07874011 -0.1282036 -0.009842514 -0.02882957 -0.07874011 -0.02882957 -0.009842514 -0.02882957 -0.07874011 -0.1282036 -0.009842514 -0.1282036 -0.07874011 -0.02602267 -0.009842514 -0.03361052 -0.07874011 -0.02602267 -0.07874011 -0.03361052 -0.07874011 -0.02602267 -0.009842514 -0.03361052 -0.009842514 -0.01621687 -0.07881104 -0.02373307 -0.00990796 -0.0240674 -0.07872664 -0.02373307 -0.00990796 -0.01621687 -0.07881104 -0.01617616 -0.009842514 -0.005389451 -0.009842514 -0.01329821 -0.07874011 -0.005155026 -0.07874011 -0.01329821 -0.07874011 -0.005389451 -0.009842514 -0.01255232 -0.009842514 -8.8959e-4 -0.07874011 0.005945384 -0.009842514 -8.8959e-4 -0.009842514 0.005945384 -0.009842514 -8.8959e-4 -0.07874011 0.005337178 -0.07874011 0.01067125 -0.07874011 0.01720911 -0.009842514 0.01067125 -0.009842514 0.01720911 -0.009842514 0.01067125 -0.07874011 0.01809841 -0.07874011 0.021039 -0.07874011 0.02855145 -0.009842514 0.021039 -0.009842514 0.02855145 -0.009842514 0.021039 -0.07874011 0.02855145 -0.07874011 -0.03934246 -0.009842514 -0.03217959 -0.07874011 -0.03217959 -0.009842514 -0.03217959 -0.07874011 -0.03934246 -0.009842514 -0.03934246 -0.07874011 -0.04774045 -0.009842514 -0.0412026 -0.07874011 -0.0412026 -0.009842514 -0.0412026 -0.07874011 -0.04774045 -0.009842514 -0.04774045 -0.07874011 -0.05240201 -0.009842514 -0.04648017 -0.07874011 -0.04556703 -0.009842514 -0.04648017 -0.07874011 -0.05240201 -0.009842514 -0.05240201 -0.07874011 -0.04522013 -0.07874011 -0.05240201 -0.009842514 -0.05240201 -0.07874011 -0.05240201 -0.009842514 -0.04522013 -0.07874011 -0.04556703 -0.009842514 -0.0412026 -0.07874011 -0.04774045 -0.009842514 -0.04937791 -0.07874011 -0.04774045 -0.009842514 -0.0412026 -0.07874011 -0.0412026 -0.009842514 -0.03361052 -0.009842514 -0.04242402 -0.07874011 -0.03361052 -0.07874011 -0.04242402 -0.07874011 -0.03361052 -0.009842514 -0.0412026 -0.009842514 0.02855145 -0.07874011 0.1284817 -0.009842514 0.02855145 -0.009842514 0.1284817 -0.009842514 0.02855145 -0.07874011 0.1284817 -0.07874011 -0.1343874 -0.009842514 -0.126906 -0.07874011 -0.126906 -0.009842514 -0.126906 -0.07874011 -0.1343874 -0.009842514 -0.1343874 -0.07874011 -0.001168072 0.1358714 0 0.02855145 0 0.1284817 0 0.02855145 -0.001168072 0.1358714 -0.001168072 0.02116179 -0.001168072 0.02116179 -0.001168072 0.1358714 -0.004592776 0.1427575 -0.001168072 0.02116179 -0.004592776 0.1427575 -0.004592776 0.01427572 -0.004592776 0.01427572 -0.004592776 0.1427575 -0.005094766 0.1282036 -0.005094766 0.1282036 -0.004592776 0.1427575 -0.006131768 0.1347637 -0.006131768 0.1347637 -0.004592776 0.1427575 -0.0100407 0.1486707 -0.006131768 0.1347637 -0.0100407 0.1486707 -0.009043097 0.1406175 -0.009043097 0.1406175 -0.0100407 0.1486707 -0.01367437 0.1456443 -0.01367437 0.1456443 -0.0100407 0.1486707 -0.01714062 0.153208 -0.01367437 0.1456443 -0.01714062 0.153208 -0.01971 0.1495016 -0.01971 0.1495016 -0.01714062 0.153208 -0.02540856 0.1561782 -0.01971 0.1495016 -0.02540856 0.1561782 -0.02673858 0.1519263 -0.02673858 0.1519263 -0.02540856 0.1561782 -0.03428125 0.1570332 -0.02673858 0.1519263 -0.03428125 0.1570332 -0.03428125 0.1527534 -0.03428125 0.1527534 -0.03428125 0.1570332 -0.04315388 0.1561782 -0.03428125 0.1527534 -0.04315388 0.1561782 -0.04182386 0.1519263 -0.04182386 0.1519263 -0.04315388 0.1561782 -0.04885244 0.1495016 -0.04885244 0.1495016 -0.04315388 0.1561782 -0.05142188 0.153208 -0.04885244 0.1495016 -0.05142188 0.153208 -0.05488806 0.1456443 -0.05488806 0.1456443 -0.05142188 0.153208 -0.05852174 0.1486707 -0.05488806 0.1456443 -0.05852174 0.1486707 -0.05951935 0.1406176 -0.05951935 0.1406176 -0.05852174 0.1486707 -0.06396967 0.1427575 -0.05951935 0.1406176 -0.06396967 0.1427575 -0.06243067 0.1347637 -0.06243067 0.1347637 -0.06396967 0.1427575 -0.06346768 0.1282036 -0.06346768 0.1282036 -0.06396967 0.1427575 -0.06346768 0.02882957 -0.004592776 0.01427572 -0.006131768 0.02226948 -0.01004076 0.008362531 -0.006131768 0.02226948 -0.004592776 0.01427572 -0.005094766 0.02882957 -0.005094766 0.02882957 -0.004592776 0.01427572 -0.005094766 0.1282036 -0.01004076 0.008362531 -0.006131768 0.02226948 -0.009043097 0.01641565 -0.01004076 0.008362531 -0.009043097 0.01641565 -0.01367437 0.01138883 -0.01004076 0.008362531 -0.01367437 0.01138883 -0.01714062 0.003825128 -0.01714062 0.003825128 -0.01367437 0.01138883 -0.01971 0.007531642 -0.01714062 0.003825128 -0.01971 0.007531642 -0.02480673 -6.54398e-5 -0.02480673 -6.54398e-5 -0.01971 0.007531642 -0.02673864 0.005106866 -0.02480673 -6.54398e-5 -0.02673864 0.005106866 -0.03428125 0 -0.03428125 0 -0.02673864 0.005106866 -0.03428125 0.004279851 -0.03428125 0 -0.03428125 0.004279851 -0.04182386 0.005106866 -0.03428125 0 -0.04182386 0.005106866 -0.04242402 0 -0.04242402 0 -0.04182386 0.005106866 -0.0488525 0.007531642 -0.04242402 0 -0.0488525 0.007531642 -0.05142188 0.003825128 -0.05142188 0.003825128 -0.0488525 0.007531642 -0.05488806 0.01138883 -0.05142188 0.003825128 -0.05488806 0.01138883 -0.05852174 0.008362531 -0.05852174 0.008362531 -0.05488806 0.01138883 -0.05951935 0.01641565 -0.05852174 0.008362531 -0.05951935 0.01641565 -0.06396967 0.01427572 -0.06396967 0.01427572 -0.05951935 0.01641565 -0.06243073 0.02226954 -0.06396967 0.01427572 -0.06243073 0.02226954 -0.06346768 0.02882957 -0.06396967 0.01427572 -0.06346768 0.02882957 -0.06396967 0.1427575 -0.06396967 0.01427572 -0.06396967 0.1427575 -0.06739437 0.1358714 -0.06396967 0.01427572 -0.06739437 0.1358714 -0.06739437 0.02116179 -0.06739437 0.02116179 -0.06739437 0.1358714 -0.0685625 0.1284817 -0.06739437 0.02116179 -0.0685625 0.1284817 -0.0685625 0.02855145 0.04580336 -0.07874011 0.05384367 -0.009842514 0.04580336 -0.009842514 0.05384367 -0.009842514 0.04580336 -0.07874011 0.05384367 -0.07874011 0.04126828 -0.07874011 0.04895895 -0.009842514 0.04226702 -0.009842514 0.04895895 -0.009842514 0.04126828 -0.07874011 0.04895895 -0.07874011 0.03917336 -0.009842514 0.03074747 -0.07874011 0.03917336 -0.07874011 0.03074747 -0.07874011 0.03917336 -0.009842514 0.03074747 -0.009842514 -0.1282036 -0.009842514 -0.02882957 -0.07874011 -0.02882957 -0.009842514 -0.02882957 -0.07874011 -0.1282036 -0.009842514 -0.1282036 -0.07874011 0.09164518 -0.07874011 0.09933584 -0.009842514 0.09164518 -0.009842514 0.09933584 -0.009842514 0.09164518 -0.07874011 0.09933584 -0.07874011 0.1162011 -0.07874011 0.1236824 -0.009842514 0.1162011 -0.009842514 0.1236824 -0.009842514 0.1162011 -0.07874011 0.1236824 -0.07874011 0.06164622 -0.07874011 0.06968647 -0.009842514 0.06164622 -0.009842514 0.06968647 -0.009842514 0.06164622 -0.07874011 0.06968647 -0.07874011 0.004592835 0.01427572 0.005094826 0.02882957 0.005094766 0.1282036 0.005094826 0.02882957 0.004592835 0.01427572 0.006131768 0.02226948 0.006131768 0.02226948 0.004592835 0.01427572 0.01004076 0.008362531 0.006131768 0.02226948 0.01004076 0.008362531 0.009043097 0.01641565 0.009043097 0.01641565 0.01004076 0.008362531 0.01367437 0.01138883 0.01367437 0.01138883 0.01004076 0.008362531 0.01714062 0.003825128 0.01367437 0.01138883 0.01714062 0.003825128 0.01971 0.007531642 0.01971 0.007531642 0.01714062 0.003825128 0.0243752 0.00116837 0.01971 0.007531642 0.0243752 0.00116837 0.02673864 0.005106866 0.02673864 0.005106866 0.0243752 0.00116837 0.02587413 0.001903176 0.02673864 0.005106866 0.02587413 0.001903176 0.03428125 0 0.02673864 0.005106866 0.03428125 0 0.03428125 0.004279851 0.03428125 0.004279851 0.03428125 0 0.04182386 0.005106866 0.04182386 0.005106866 0.03428125 0 0.04315388 9.7287e-4 0.04182386 0.005106866 0.04315388 9.7287e-4 0.0488525 0.007531642 0.0488525 0.007531642 0.04315388 9.7287e-4 0.05142188 0.003825128 0.0488525 0.007531642 0.05142188 0.003825128 0.05488806 0.01138883 0.05488806 0.01138883 0.05142188 0.003825128 0.05852174 0.008362531 0.05488806 0.01138883 0.05852174 0.008362531 0.05951935 0.01641565 0.05951935 0.01641565 0.05852174 0.008362531 0.06396967 0.01427572 0.05951935 0.01641565 0.06396967 0.01427572 0.06243073 0.02226954 0.06243073 0.02226954 0.06396967 0.01427572 0.06346768 0.02882957 0.06346768 0.02882957 0.06396967 0.01427572 0.06396967 0.1427575 0.06396967 0.1427575 0.06396967 0.01427572 0.06739437 0.1358714 0.06739437 0.1358714 0.06396967 0.01427572 0.06739437 0.02116179 0.06739437 0.1358714 0.06739437 0.02116179 0.0685625 0.1284817 0.0685625 0.1284817 0.06739437 0.02116179 0.0685625 0.02855145 0 0.02855145 0.001168072 0.1358714 0 0.1284817 0.001168072 0.1358714 0 0.02855145 0.001168072 0.02116179 0.001168072 0.1358714 0.001168072 0.02116179 0.004592776 0.1427575 0.004592776 0.1427575 0.001168072 0.02116179 0.004592835 0.01427572 0.004592776 0.1427575 0.004592835 0.01427572 0.005094766 0.1282036 0.004592776 0.1427575 0.005094766 0.1282036 0.006131768 0.1347637 0.004592776 0.1427575 0.006131768 0.1347637 0.0100407 0.1486707 0.0100407 0.1486707 0.006131768 0.1347637 0.009043097 0.1406175 0.0100407 0.1486707 0.009043097 0.1406175 0.01367437 0.1456443 0.0100407 0.1486707 0.01367437 0.1456443 0.01714062 0.153208 0.01714062 0.153208 0.01367437 0.1456443 0.01971 0.1495016 0.01714062 0.153208 0.01971 0.1495016 0.02437514 0.1558648 0.02437514 0.1558648 0.01971 0.1495016 0.02673858 0.1519263 0.02437514 0.1558648 0.02673858 0.1519263 0.02540856 0.1560603 0.02540856 0.1560603 0.02673858 0.1519263 0.03428125 0.1570332 0.03428125 0.1570332 0.02673858 0.1519263 0.03428125 0.1527534 0.03428125 0.1570332 0.03428125 0.1527534 0.04315388 0.1560603 0.04315388 0.1560603 0.03428125 0.1527534 0.04182386 0.1519263 0.04315388 0.1560603 0.04182386 0.1519263 0.04885244 0.1495016 0.04315388 0.1560603 0.04885244 0.1495016 0.05142188 0.153208 0.05142188 0.153208 0.04885244 0.1495016 0.05488806 0.1456443 0.05142188 0.153208 0.05488806 0.1456443 0.05852174 0.1486707 0.05852174 0.1486707 0.05488806 0.1456443 0.05951935 0.1406176 0.05852174 0.1486707 0.05951935 0.1406176 0.06396967 0.1427575 0.06396967 0.1427575 0.05951935 0.1406176 0.06243067 0.1347637 0.06396967 0.1427575 0.06243067 0.1347637 0.06346768 0.1282036 0.06396967 0.1427575 0.06346768 0.1282036 0.06346768 0.02882957 0.03074747 -0.07874011 0.03917336 -0.009842514 0.03074747 -0.009842514 0.03917336 -0.009842514 0.03074747 -0.07874011 0.03917336 -0.07874011 -0.1167218 -0.009842514 -0.1081028 -0.07874011 -0.1081028 -0.009842514 -0.1081028 -0.07874011 -0.1167218 -0.009842514 -0.1161431 -0.07874011 -0.1298671 -0.009842514 -0.1221765 -0.07874011 -0.1221765 -0.009842514 -0.1221765 -0.07874011 -0.1298671 -0.009842514 -0.1298671 -0.07874011 -0.02480673 -6.54398e-5 -0.02882957 -0.009842514 -0.02602267 -0.07874011 -0.02882957 -0.009842514 -0.02480673 -6.54398e-5 -0.1319396 0 -0.02882957 -0.009842514 -0.1319396 0 -0.1282036 -0.009842514 -0.1282036 -0.009842514 -0.1319396 0 -0.1282036 -0.07874011 -0.1282036 -0.07874011 -0.1319396 0 -0.1319396 -0.07874011 -0.02882957 -0.07874011 -0.02602267 -0.07874011 -0.02882957 -0.009842514 0.02363425 -0.009843945 0.01488834 -0.009843945 0.0156117 -0.07874011 0.01488834 -0.009843945 0.02363425 -0.009843945 0.02259474 -0.009843289 0.02363425 -0.009843945 0.0156117 -0.07874011 0.0236234 -0.07872492 -0.02480673 -6.54398e-5 -0.03361052 -0.009842514 -0.02478486 -0.009908616 -0.02480673 -6.54398e-5 -0.03428125 0 -0.03361052 -0.009842514 -0.04242402 0 -0.03361052 -0.009842514 -0.03428125 0 -0.04242402 0 -0.04300284 -0.009797334 -0.03361052 -0.009842514 -0.01905983 -0.009842514 -0.02882957 -0.07874011 -0.01905983 -0.07874011 -0.01617616 -0.009842514 -0.02602267 -0.009842514 -0.02602267 -0.07874011 0.03412318 -0.009842514 0.03412318 -0.07874011 0.04303687 -0.07874011 0.04226702 -0.009842514 0.03412318 -0.009842514 0.04303687 -0.07874011 0.01214796 -0.01010233 0.003402531 -0.07900005 0.01218783 -0.07900005 0.0013538 -0.009842514 0.0013538 -0.07874011 0.01067125 -0.009842514 0.04111182 -0.009863734 0.04126828 -0.07874011 0.04895895 -0.009842514 0.04895895 -0.009842514 0.04126828 -0.07874011 0.04895895 -0.07874011 0.02515119 -0.009836137 0.02509361 -0.07874011 0.03412318 -0.009842514 0.03412318 -0.009842514 0.02509361 -0.07874011 0.03412318 -0.07874011 0.06855183 -0.009841859 0.06099206 0 0.06164622 -0.07874011 0.06099206 0 0.06855183 -0.009841859 0.06963175 0 0.06968647 -0.009842514 0.06164622 -0.07874011 0.06968647 -0.07874011 0.06164622 -0.07874011 0.06968647 -0.009842514 0.06855183 -0.009841859 0.06855183 -0.009841859 0.06968647 -0.009842514 0.06963175 0 -0.0412026 -0.009842514 -0.04937791 0 -0.04242402 -0.07874011 -0.04937791 0 -0.0412026 -0.009842514 -0.04242402 0 -0.04937791 0 -0.04937791 -0.07874011 -0.04242402 -0.07874011 -0.00398463 -0.01010739 -0.004018843 -0.07900512 0.005337178 -0.07874011 0.006742596 0 -8.8959e-4 -0.009842514 0.006742596 -0.07874011 -0.004018843 0.001855492 -0.00398463 -0.007987618 0.00462079 0.001855492 -0.03934246 -0.009842514 -0.04937791 -0.07874011 -0.03934246 -0.07874011 -0.05119282 -0.009842514 -0.05119282 -0.07874011 -0.04300284 -0.009797334 -0.07667338 -0.01006501 -0.0767132 -0.0789628 -0.06792795 -0.0789628 -0.06718379 -0.009821057 -0.07667338 -0.01006501 -0.06792795 -0.0789628 -0.07667338 -0.01006501 -0.06718379 -0.009821057 -0.07489013 -0.009820401 -0.02882957 -0.009842514 -0.02071988 -0.07874011 -0.02071988 -0.009842514 -0.02071988 -0.07874011 -0.02882957 -0.009842514 -0.02882957 -0.07874011 -0.01905983 -0.009842514 -0.01073694 -0.07874011 -0.01073694 -0.009842514 -0.01073694 -0.07874011 -0.01905983 -0.009842514 -0.01905983 -0.07874011 -0.007387042 -0.009842514 0.0013538 -0.07874011 0.0013538 -0.009842514 0.0013538 -0.07874011 -0.007387042 -0.009842514 -0.007387042 -0.07874011 0.01218783 -0.07900005 0.003957331 -0.009842514 0.003402531 -0.07900005 0.003957331 -0.009842514 0.01218783 -0.07900005 0.01214796 -0.01010233 0.05384367 -0.009842514 0.04580336 -0.07874011 0.05384367 -0.07874011 0.04580336 -0.07874011 0.05384367 -0.009842514 0.04580336 -0.009842514 -0.08851993 -0.07874011 -0.09694588 -0.009842514 -0.09694588 -0.07874011 -0.09694588 -0.009842514 -0.08851993 -0.07874011 -0.08851993 -0.009842514 0.02855145 -0.07874011 0.1284817 -0.009842514 0.02855145 -0.009842514 0.1284817 -0.009842514 0.02855145 -0.07874011 0.1284817 -0.07874011 0.1274268 -0.07874011 0.1340683 -0.009842514 0.1274268 -0.009842514 0.1340683 -0.009842514 0.1274268 -0.07874011 0.1340683 -0.07874011 0.1236824 -0.07874011 0.1299328 -0.009842514 0.1236824 -0.009842514 0.1299328 -0.009842514 0.1236824 -0.07874011 0.129856 -0.07874011 0.1095445 -0.07874011 0.1162011 -0.009842514 0.1095445 -0.009842514 0.1162011 -0.009842514 0.1095445 -0.07874011 0.1162011 -0.07874011 0.09711492 -0.07874011 0.08995211 -0.009842514 0.0902 -0.07874011 0.08995211 -0.009842514 0.09711492 -0.07874011 0.09711492 -0.009842514 0.07482314 -0.009842514 0.06738805 -0.07874011 0.07482314 -0.07874011 0.06738805 -0.07874011 0.07482314 -0.009842514 0.06738805 -0.009842514 0.05119282 -0.009842514 0.04303687 -0.07874011 0.05072635 -0.07874011 0.04303687 -0.07874011 0.05119282 -0.009842514 0.04226702 -0.009842514 0.02509361 -0.07874011 0.01720911 -0.009842514 0.01809841 -0.07874011 0.01720911 -0.009842514 0.02509361 -0.07874011 0.02515119 -0.009836137 -0.002573966 -0.009842514 -0.01073694 -0.07874011 -0.00219202 -0.07874011 -0.01073694 -0.07874011 -0.002573966 -0.009842514 -0.01073694 -0.009842514 0 0 0 0 0 0 0 0 0 0 0 0 0 0 0 0 0 0 0 0 0 0 0 0 0 0 0 0 0 0 0 0 0 0 0 0 0 0 0 0 0 0 0 0 0 0 0 0 0 0 0 0 0 0 0 0 0 0 0 0 0 0 0 0 0 0 0 0 0 0 0 0 0 0 0 0 0 0 0 0 0 0 0 0 0 0 0 0 0 0 0 0 0 0 0 0 0 0 0 0 0 0 0 0 0 0 0 0 0 0 0 0 0 0 0 0 0 0 0 0 0 0 0 0 0 0 0 0 0 0 0 0 0 0 0 0 0 0 0 0 0 0 0 0 0 0 0 0 0 0 0 0 0 0 0 0 0 0 0 0 0 0 0 0 0 0 0 0</float_array>
          <technique_common>
            <accessor source="#Síť_012-mesh-map-0-array" count="924" stride="2">
              <param name="S" type="float"/>
              <param name="T" type="float"/>
            </accessor>
          </technique_common>
        </source>
        <source id="Síť_012-mesh-map-1">
          <float_array id="Síť_012-mesh-map-1-array" count="1848">-0.005155026 0 -0.01329821 -0.07874011 -0.005155026 -0.07874011 -0.01329821 -0.07874011 -0.005155026 0 -0.01329821 0 0.1105843 0 0.1030551 -0.07874011 0.1105843 -0.07874011 0.1030551 -0.07874011 0.1105843 0 0.1030551 0 -0.03683388 0 -0.03023499 -0.07874011 -0.03023499 0 -0.03023499 -0.07874011 -0.03683388 0 -0.03683388 -0.07874011 0.0156117 -0.07874011 0.008657753 0 0.008657753 -0.07874011 0.008657753 0 0.0156117 -0.07874011 0.0156117 0 -0.08729106 0 -0.09424495 -0.07874011 -0.08729106 -0.07874011 -0.09424495 -0.07874011 -0.08729106 0 -0.09424495 0 -0.05344527 0 -0.06097453 -0.07874011 -0.05344527 -0.07874011 -0.06097453 -0.07874011 -0.05344527 0 -0.06097453 0 0.005337178 0 -0.00219202 -0.07874011 0.005337178 -0.07874011 -0.00219202 -0.07874011 0.005337178 0 -0.00219202 0 -0.04937791 0 -0.04242402 -0.07874011 -0.04242402 0 -0.04242402 -0.07874011 -0.04937791 0 -0.04937791 -0.07874011 0.02587413 0.001903176 0.01696115 -0.007939994 0.02588701 -0.007939994 -0.04648017 0 -0.0546233 -0.07874011 -0.04648017 -0.07874011 -0.0546233 -0.07874011 -0.04648017 0 -0.0546233 0 -0.02373307 -0.00990796 -0.02478486 -0.009908616 -0.01621687 -0.07881104 -0.02478486 -0.009908616 -0.02373307 -0.00990796 -0.02480673 -6.54398e-5 -0.0154277 0 -0.02373307 -0.00990796 -0.01621687 -0.07881104 -0.02373307 -0.00990796 -0.0154277 0 -0.02480673 -6.54398e-5 0.02797359 0 0.01905983 0 0.01905983 -0.009842514 -0.02227842 -0.07874011 -0.03023499 0 -0.03023499 -0.07874011 -0.03023499 0 -0.02227842 -0.07874011 -0.02227842 0 0.02855145 -0.07874011 0.02855145 -0.009842514 0.02509361 -0.07874011 0.02509361 0 0.02855145 -0.009842514 0.1319396 0 0.02855145 -0.009842514 0.02509361 0 0.02509361 -0.07874011 0.1319396 0 0.02855145 -0.009842514 0.1284817 -0.009842514 0.1319396 0 0.1284817 -0.009842514 0.1284817 -0.07874011 0.1319396 0 0.1284817 -0.07874011 0.1319396 -0.07874011 0.1284817 -0.07874011 0.1210573 0 0.1210573 -0.07874011 0.1210573 0 0.1284817 -0.07874011 0.1280112 0 -0.1177194 0 -0.1243184 -0.07874011 -0.1177194 -0.07874011 -0.1243184 -0.07874011 -0.1177194 0 -0.1243184 0 -0.04648017 -0.07874011 -0.0546233 0 -0.0546233 -0.07874011 -0.0546233 0 -0.04648017 -0.07874011 -0.04648017 0 0.02509361 -0.07874011 0.01905983 0 0.01809841 -0.07874011 0.01905983 0 0.02509361 -0.07874011 0.02509361 0 0.1364549 -0.07874011 0.129856 0 0.129856 -0.07874011 0.129856 0 0.1364549 -0.07874011 0.1364549 0 0.0902 -0.07874011 0.08205682 0 0.08205682 -0.07874011 0.08205682 0 0.0902 -0.07874011 0.0902 0 0.05119282 0 0.04226702 -0.009842514 0.05119282 -0.009842514 0.04918646 0.001823186 0.04027271 0.001823186 0.04026138 -0.008019983 -0.02373307 -0.00990796 -0.0240674 -0.07872664 -0.01621687 -0.07881104 -0.03217959 -0.07874011 -0.03934246 -0.009842514 -0.03934246 -0.07874011 -0.03934246 -0.009842514 -0.03217959 -0.07874011 -0.03217959 -0.009842514 -0.06992286 -0.009842514 -0.06308782 -0.07874011 -0.06308782 -0.009842514 -0.06308782 -0.07874011 -0.06992286 -0.009842514 -0.06992286 -0.07874011 -0.09940153 -0.009842514 -0.09286367 -0.07874011 -0.09286367 -0.009842514 -0.09286367 -0.07874011 -0.09940153 -0.009842514 -0.09940153 -0.07874011 -0.1233633 -0.009842514 -0.1177194 -0.07874011 -0.1167218 -0.009842514 -0.1177194 -0.07874011 -0.1233633 -0.009842514 -0.1243184 -0.07874011 -0.1282036 -0.009842514 -0.02882957 -0.07874011 -0.02882957 -0.009842514 -0.02882957 -0.07874011 -0.1282036 -0.009842514 -0.1282036 -0.07874011 -0.02602267 -0.009842514 -0.03361052 -0.07874011 -0.02602267 -0.07874011 -0.03361052 -0.07874011 -0.02602267 -0.009842514 -0.03361052 -0.009842514 -0.01621687 -0.07881104 -0.02373307 -0.00990796 -0.0240674 -0.07872664 -0.02373307 -0.00990796 -0.01621687 -0.07881104 -0.01617616 -0.009842514 -0.005389451 -0.009842514 -0.01329821 -0.07874011 -0.005155026 -0.07874011 -0.01329821 -0.07874011 -0.005389451 -0.009842514 -0.01255232 -0.009842514 -8.8959e-4 -0.07874011 0.005945384 -0.009842514 -8.8959e-4 -0.009842514 0.005945384 -0.009842514 -8.8959e-4 -0.07874011 0.005337178 -0.07874011 0.01067125 -0.07874011 0.01720911 -0.009842514 0.01067125 -0.009842514 0.01720911 -0.009842514 0.01067125 -0.07874011 0.01809841 -0.07874011 0.021039 -0.07874011 0.02855145 -0.009842514 0.021039 -0.009842514 0.02855145 -0.009842514 0.021039 -0.07874011 0.02855145 -0.07874011 -0.03934246 -0.009842514 -0.03217959 -0.07874011 -0.03217959 -0.009842514 -0.03217959 -0.07874011 -0.03934246 -0.009842514 -0.03934246 -0.07874011 -0.04774045 -0.009842514 -0.0412026 -0.07874011 -0.0412026 -0.009842514 -0.0412026 -0.07874011 -0.04774045 -0.009842514 -0.04774045 -0.07874011 -0.05240201 -0.009842514 -0.04648017 -0.07874011 -0.04556703 -0.009842514 -0.04648017 -0.07874011 -0.05240201 -0.009842514 -0.05240201 -0.07874011 -0.04522013 -0.07874011 -0.05240201 -0.009842514 -0.05240201 -0.07874011 -0.05240201 -0.009842514 -0.04522013 -0.07874011 -0.04556703 -0.009842514 -0.0412026 -0.07874011 -0.04774045 -0.009842514 -0.04937791 -0.07874011 -0.04774045 -0.009842514 -0.0412026 -0.07874011 -0.0412026 -0.009842514 -0.03361052 -0.009842514 -0.04242402 -0.07874011 -0.03361052 -0.07874011 -0.04242402 -0.07874011 -0.03361052 -0.009842514 -0.0412026 -0.009842514 0.02855145 -0.07874011 0.1284817 -0.009842514 0.02855145 -0.009842514 0.1284817 -0.009842514 0.02855145 -0.07874011 0.1284817 -0.07874011 -0.1343874 -0.009842514 -0.126906 -0.07874011 -0.126906 -0.009842514 -0.126906 -0.07874011 -0.1343874 -0.009842514 -0.1343874 -0.07874011 -0.001168072 0.1358714 0 0.02855145 0 0.1284817 0 0.02855145 -0.001168072 0.1358714 -0.001168072 0.02116179 -0.001168072 0.02116179 -0.001168072 0.1358714 -0.004592776 0.1427575 -0.001168072 0.02116179 -0.004592776 0.1427575 -0.004592776 0.01427572 -0.004592776 0.01427572 -0.004592776 0.1427575 -0.005094766 0.1282036 -0.005094766 0.1282036 -0.004592776 0.1427575 -0.006131768 0.1347637 -0.006131768 0.1347637 -0.004592776 0.1427575 -0.0100407 0.1486707 -0.006131768 0.1347637 -0.0100407 0.1486707 -0.009043097 0.1406175 -0.009043097 0.1406175 -0.0100407 0.1486707 -0.01367437 0.1456443 -0.01367437 0.1456443 -0.0100407 0.1486707 -0.01714062 0.153208 -0.01367437 0.1456443 -0.01714062 0.153208 -0.01971 0.1495016 -0.01971 0.1495016 -0.01714062 0.153208 -0.02540856 0.1561782 -0.01971 0.1495016 -0.02540856 0.1561782 -0.02673858 0.1519263 -0.02673858 0.1519263 -0.02540856 0.1561782 -0.03428125 0.1570332 -0.02673858 0.1519263 -0.03428125 0.1570332 -0.03428125 0.1527534 -0.03428125 0.1527534 -0.03428125 0.1570332 -0.04315388 0.1561782 -0.03428125 0.1527534 -0.04315388 0.1561782 -0.04182386 0.1519263 -0.04182386 0.1519263 -0.04315388 0.1561782 -0.04885244 0.1495016 -0.04885244 0.1495016 -0.04315388 0.1561782 -0.05142188 0.153208 -0.04885244 0.1495016 -0.05142188 0.153208 -0.05488806 0.1456443 -0.05488806 0.1456443 -0.05142188 0.153208 -0.05852174 0.1486707 -0.05488806 0.1456443 -0.05852174 0.1486707 -0.05951935 0.1406176 -0.05951935 0.1406176 -0.05852174 0.1486707 -0.06396967 0.1427575 -0.05951935 0.1406176 -0.06396967 0.1427575 -0.06243067 0.1347637 -0.06243067 0.1347637 -0.06396967 0.1427575 -0.06346768 0.1282036 -0.06346768 0.1282036 -0.06396967 0.1427575 -0.06346768 0.02882957 -0.004592776 0.01427572 -0.006131768 0.02226948 -0.01004076 0.008362531 -0.006131768 0.02226948 -0.004592776 0.01427572 -0.005094766 0.02882957 -0.005094766 0.02882957 -0.004592776 0.01427572 -0.005094766 0.1282036 -0.01004076 0.008362531 -0.006131768 0.02226948 -0.009043097 0.01641565 -0.01004076 0.008362531 -0.009043097 0.01641565 -0.01367437 0.01138883 -0.01004076 0.008362531 -0.01367437 0.01138883 -0.01714062 0.003825128 -0.01714062 0.003825128 -0.01367437 0.01138883 -0.01971 0.007531642 -0.01714062 0.003825128 -0.01971 0.007531642 -0.02480673 -6.54398e-5 -0.02480673 -6.54398e-5 -0.01971 0.007531642 -0.02673864 0.005106866 -0.02480673 -6.54398e-5 -0.02673864 0.005106866 -0.03428125 0 -0.03428125 0 -0.02673864 0.005106866 -0.03428125 0.004279851 -0.03428125 0 -0.03428125 0.004279851 -0.04182386 0.005106866 -0.03428125 0 -0.04182386 0.005106866 -0.04242402 0 -0.04242402 0 -0.04182386 0.005106866 -0.0488525 0.007531642 -0.04242402 0 -0.0488525 0.007531642 -0.05142188 0.003825128 -0.05142188 0.003825128 -0.0488525 0.007531642 -0.05488806 0.01138883 -0.05142188 0.003825128 -0.05488806 0.01138883 -0.05852174 0.008362531 -0.05852174 0.008362531 -0.05488806 0.01138883 -0.05951935 0.01641565 -0.05852174 0.008362531 -0.05951935 0.01641565 -0.06396967 0.01427572 -0.06396967 0.01427572 -0.05951935 0.01641565 -0.06243073 0.02226954 -0.06396967 0.01427572 -0.06243073 0.02226954 -0.06346768 0.02882957 -0.06396967 0.01427572 -0.06346768 0.02882957 -0.06396967 0.1427575 -0.06396967 0.01427572 -0.06396967 0.1427575 -0.06739437 0.1358714 -0.06396967 0.01427572 -0.06739437 0.1358714 -0.06739437 0.02116179 -0.06739437 0.02116179 -0.06739437 0.1358714 -0.0685625 0.1284817 -0.06739437 0.02116179 -0.0685625 0.1284817 -0.0685625 0.02855145 0.04580336 -0.07874011 0.05384367 -0.009842514 0.04580336 -0.009842514 0.05384367 -0.009842514 0.04580336 -0.07874011 0.05384367 -0.07874011 0.04126828 -0.07874011 0.04895895 -0.009842514 0.04226702 -0.009842514 0.04895895 -0.009842514 0.04126828 -0.07874011 0.04895895 -0.07874011 0.03917336 -0.009842514 0.03074747 -0.07874011 0.03917336 -0.07874011 0.03074747 -0.07874011 0.03917336 -0.009842514 0.03074747 -0.009842514 -0.1282036 -0.009842514 -0.02882957 -0.07874011 -0.02882957 -0.009842514 -0.02882957 -0.07874011 -0.1282036 -0.009842514 -0.1282036 -0.07874011 0.09164518 -0.07874011 0.09933584 -0.009842514 0.09164518 -0.009842514 0.09933584 -0.009842514 0.09164518 -0.07874011 0.09933584 -0.07874011 0.1162011 -0.07874011 0.1236824 -0.009842514 0.1162011 -0.009842514 0.1236824 -0.009842514 0.1162011 -0.07874011 0.1236824 -0.07874011 0.06164622 -0.07874011 0.06968647 -0.009842514 0.06164622 -0.009842514 0.06968647 -0.009842514 0.06164622 -0.07874011 0.06968647 -0.07874011 0.004592835 0.01427572 0.005094826 0.02882957 0.005094766 0.1282036 0.005094826 0.02882957 0.004592835 0.01427572 0.006131768 0.02226948 0.006131768 0.02226948 0.004592835 0.01427572 0.01004076 0.008362531 0.006131768 0.02226948 0.01004076 0.008362531 0.009043097 0.01641565 0.009043097 0.01641565 0.01004076 0.008362531 0.01367437 0.01138883 0.01367437 0.01138883 0.01004076 0.008362531 0.01714062 0.003825128 0.01367437 0.01138883 0.01714062 0.003825128 0.01971 0.007531642 0.01971 0.007531642 0.01714062 0.003825128 0.0243752 0.00116837 0.01971 0.007531642 0.0243752 0.00116837 0.02673864 0.005106866 0.02673864 0.005106866 0.0243752 0.00116837 0.02587413 0.001903176 0.02673864 0.005106866 0.02587413 0.001903176 0.03428125 0 0.02673864 0.005106866 0.03428125 0 0.03428125 0.004279851 0.03428125 0.004279851 0.03428125 0 0.04182386 0.005106866 0.04182386 0.005106866 0.03428125 0 0.04315388 9.7287e-4 0.04182386 0.005106866 0.04315388 9.7287e-4 0.0488525 0.007531642 0.0488525 0.007531642 0.04315388 9.7287e-4 0.05142188 0.003825128 0.0488525 0.007531642 0.05142188 0.003825128 0.05488806 0.01138883 0.05488806 0.01138883 0.05142188 0.003825128 0.05852174 0.008362531 0.05488806 0.01138883 0.05852174 0.008362531 0.05951935 0.01641565 0.05951935 0.01641565 0.05852174 0.008362531 0.06396967 0.01427572 0.05951935 0.01641565 0.06396967 0.01427572 0.06243073 0.02226954 0.06243073 0.02226954 0.06396967 0.01427572 0.06346768 0.02882957 0.06346768 0.02882957 0.06396967 0.01427572 0.06396967 0.1427575 0.06396967 0.1427575 0.06396967 0.01427572 0.06739437 0.1358714 0.06739437 0.1358714 0.06396967 0.01427572 0.06739437 0.02116179 0.06739437 0.1358714 0.06739437 0.02116179 0.0685625 0.1284817 0.0685625 0.1284817 0.06739437 0.02116179 0.0685625 0.02855145 0 0.02855145 0.001168072 0.1358714 0 0.1284817 0.001168072 0.1358714 0 0.02855145 0.001168072 0.02116179 0.001168072 0.1358714 0.001168072 0.02116179 0.004592776 0.1427575 0.004592776 0.1427575 0.001168072 0.02116179 0.004592835 0.01427572 0.004592776 0.1427575 0.004592835 0.01427572 0.005094766 0.1282036 0.004592776 0.1427575 0.005094766 0.1282036 0.006131768 0.1347637 0.004592776 0.1427575 0.006131768 0.1347637 0.0100407 0.1486707 0.0100407 0.1486707 0.006131768 0.1347637 0.009043097 0.1406175 0.0100407 0.1486707 0.009043097 0.1406175 0.01367437 0.1456443 0.0100407 0.1486707 0.01367437 0.1456443 0.01714062 0.153208 0.01714062 0.153208 0.01367437 0.1456443 0.01971 0.1495016 0.01714062 0.153208 0.01971 0.1495016 0.02437514 0.1558648 0.02437514 0.1558648 0.01971 0.1495016 0.02673858 0.1519263 0.02437514 0.1558648 0.02673858 0.1519263 0.02540856 0.1560603 0.02540856 0.1560603 0.02673858 0.1519263 0.03428125 0.1570332 0.03428125 0.1570332 0.02673858 0.1519263 0.03428125 0.1527534 0.03428125 0.1570332 0.03428125 0.1527534 0.04315388 0.1560603 0.04315388 0.1560603 0.03428125 0.1527534 0.04182386 0.1519263 0.04315388 0.1560603 0.04182386 0.1519263 0.04885244 0.1495016 0.04315388 0.1560603 0.04885244 0.1495016 0.05142188 0.153208 0.05142188 0.153208 0.04885244 0.1495016 0.05488806 0.1456443 0.05142188 0.153208 0.05488806 0.1456443 0.05852174 0.1486707 0.05852174 0.1486707 0.05488806 0.1456443 0.05951935 0.1406176 0.05852174 0.1486707 0.05951935 0.1406176 0.06396967 0.1427575 0.06396967 0.1427575 0.05951935 0.1406176 0.06243067 0.1347637 0.06396967 0.1427575 0.06243067 0.1347637 0.06346768 0.1282036 0.06396967 0.1427575 0.06346768 0.1282036 0.06346768 0.02882957 0.03074747 -0.07874011 0.03917336 -0.009842514 0.03074747 -0.009842514 0.03917336 -0.009842514 0.03074747 -0.07874011 0.03917336 -0.07874011 -0.1167218 -0.009842514 -0.1081028 -0.07874011 -0.1081028 -0.009842514 -0.1081028 -0.07874011 -0.1167218 -0.009842514 -0.1161431 -0.07874011 -0.1298671 -0.009842514 -0.1221765 -0.07874011 -0.1221765 -0.009842514 -0.1221765 -0.07874011 -0.1298671 -0.009842514 -0.1298671 -0.07874011 -0.02480673 -6.54398e-5 -0.02882957 -0.009842514 -0.02602267 -0.07874011 -0.02882957 -0.009842514 -0.02480673 -6.54398e-5 -0.1319396 0 -0.02882957 -0.009842514 -0.1319396 0 -0.1282036 -0.009842514 -0.1282036 -0.009842514 -0.1319396 0 -0.1282036 -0.07874011 -0.1282036 -0.07874011 -0.1319396 0 -0.1319396 -0.07874011 -0.02882957 -0.07874011 -0.02602267 -0.07874011 -0.02882957 -0.009842514 0.02363425 -0.009843945 0.01488834 -0.009843945 0.0156117 -0.07874011 0.01488834 -0.009843945 0.02363425 -0.009843945 0.02259474 -0.009843289 0.02363425 -0.009843945 0.0156117 -0.07874011 0.0236234 -0.07872492 -0.02480673 -6.54398e-5 -0.03361052 -0.009842514 -0.02478486 -0.009908616 -0.02480673 -6.54398e-5 -0.03428125 0 -0.03361052 -0.009842514 -0.04242402 0 -0.03361052 -0.009842514 -0.03428125 0 -0.04242402 0 -0.04300284 -0.009797334 -0.03361052 -0.009842514 -0.01905983 -0.009842514 -0.02882957 -0.07874011 -0.01905983 -0.07874011 -0.01617616 -0.009842514 -0.02602267 -0.009842514 -0.02602267 -0.07874011 0.03412318 -0.009842514 0.03412318 -0.07874011 0.04303687 -0.07874011 0.04226702 -0.009842514 0.03412318 -0.009842514 0.04303687 -0.07874011 0.01214796 -0.01010233 0.003402531 -0.07900005 0.01218783 -0.07900005 0.0013538 -0.009842514 0.0013538 -0.07874011 0.01067125 -0.009842514 0.04111182 -0.009863734 0.04126828 -0.07874011 0.04895895 -0.009842514 0.04895895 -0.009842514 0.04126828 -0.07874011 0.04895895 -0.07874011 0.02515119 -0.009836137 0.02509361 -0.07874011 0.03412318 -0.009842514 0.03412318 -0.009842514 0.02509361 -0.07874011 0.03412318 -0.07874011 0.06855183 -0.009841859 0.06099206 0 0.06164622 -0.07874011 0.06099206 0 0.06855183 -0.009841859 0.06963175 0 0.06968647 -0.009842514 0.06164622 -0.07874011 0.06968647 -0.07874011 0.06164622 -0.07874011 0.06968647 -0.009842514 0.06855183 -0.009841859 0.06855183 -0.009841859 0.06968647 -0.009842514 0.06963175 0 -0.0412026 -0.009842514 -0.04937791 0 -0.04242402 -0.07874011 -0.04937791 0 -0.0412026 -0.009842514 -0.04242402 0 -0.04937791 0 -0.04937791 -0.07874011 -0.04242402 -0.07874011 -0.00398463 -0.01010739 -0.004018843 -0.07900512 0.005337178 -0.07874011 0.006742596 0 -8.8959e-4 -0.009842514 0.006742596 -0.07874011 -0.004018843 0.001855492 -0.00398463 -0.007987618 0.00462079 0.001855492 -0.03934246 -0.009842514 -0.04937791 -0.07874011 -0.03934246 -0.07874011 -0.05119282 -0.009842514 -0.05119282 -0.07874011 -0.04300284 -0.009797334 -0.07667338 -0.01006501 -0.0767132 -0.0789628 -0.06792795 -0.0789628 -0.06718379 -0.009821057 -0.07667338 -0.01006501 -0.06792795 -0.0789628 -0.07667338 -0.01006501 -0.06718379 -0.009821057 -0.07489013 -0.009820401 -0.02882957 -0.009842514 -0.02071988 -0.07874011 -0.02071988 -0.009842514 -0.02071988 -0.07874011 -0.02882957 -0.009842514 -0.02882957 -0.07874011 -0.01905983 -0.009842514 -0.01073694 -0.07874011 -0.01073694 -0.009842514 -0.01073694 -0.07874011 -0.01905983 -0.009842514 -0.01905983 -0.07874011 -0.007387042 -0.009842514 0.0013538 -0.07874011 0.0013538 -0.009842514 0.0013538 -0.07874011 -0.007387042 -0.009842514 -0.007387042 -0.07874011 0.01218783 -0.07900005 0.003957331 -0.009842514 0.003402531 -0.07900005 0.003957331 -0.009842514 0.01218783 -0.07900005 0.01214796 -0.01010233 0.05384367 -0.009842514 0.04580336 -0.07874011 0.05384367 -0.07874011 0.04580336 -0.07874011 0.05384367 -0.009842514 0.04580336 -0.009842514 -0.08851993 -0.07874011 -0.09694588 -0.009842514 -0.09694588 -0.07874011 -0.09694588 -0.009842514 -0.08851993 -0.07874011 -0.08851993 -0.009842514 0.02855145 -0.07874011 0.1284817 -0.009842514 0.02855145 -0.009842514 0.1284817 -0.009842514 0.02855145 -0.07874011 0.1284817 -0.07874011 0.1274268 -0.07874011 0.1340683 -0.009842514 0.1274268 -0.009842514 0.1340683 -0.009842514 0.1274268 -0.07874011 0.1340683 -0.07874011 0.1236824 -0.07874011 0.1299328 -0.009842514 0.1236824 -0.009842514 0.1299328 -0.009842514 0.1236824 -0.07874011 0.129856 -0.07874011 0.1095445 -0.07874011 0.1162011 -0.009842514 0.1095445 -0.009842514 0.1162011 -0.009842514 0.1095445 -0.07874011 0.1162011 -0.07874011 0.09711492 -0.07874011 0.08995211 -0.009842514 0.0902 -0.07874011 0.08995211 -0.009842514 0.09711492 -0.07874011 0.09711492 -0.009842514 0.07482314 -0.009842514 0.06738805 -0.07874011 0.07482314 -0.07874011 0.06738805 -0.07874011 0.07482314 -0.009842514 0.06738805 -0.009842514 0.05119282 -0.009842514 0.04303687 -0.07874011 0.05072635 -0.07874011 0.04303687 -0.07874011 0.05119282 -0.009842514 0.04226702 -0.009842514 0.02509361 -0.07874011 0.01720911 -0.009842514 0.01809841 -0.07874011 0.01720911 -0.009842514 0.02509361 -0.07874011 0.02515119 -0.009836137 -0.002573966 -0.009842514 -0.01073694 -0.07874011 -0.00219202 -0.07874011 -0.01073694 -0.07874011 -0.002573966 -0.009842514 -0.01073694 -0.009842514 0 0.1284817 0.001168072 0.1384343 0 0.1319396 0.001168072 0.1384343 0 0.1284817 0 0.02855145 0.001168072 0.1384343 0 0.02855145 0 0.02509361 0.001168072 0.1384343 0 0.02509361 0.001168072 0.01859891 0.001168072 0.1384343 0.001168072 0.01859891 0.004592776 0.1444864 0.004592776 0.1444864 0.001168072 0.01859891 0.004592776 0.01254677 0.004592776 0.1444864 0.004592776 0.01254677 0.0100407 0.1496835 0.0100407 0.1496835 0.004592776 0.01254677 0.01004076 0.007349729 0.0100407 0.1496835 0.01004076 0.007349729 0.01714062 0.1536713 0.01714062 0.1536713 0.01004076 0.007349729 0.01714062 0.00336188 0.01714062 0.1536713 0.01714062 0.00336188 0.02540856 0.1561782 0.02540856 0.1561782 0.01714062 0.00336188 0.02540862 8.55044e-4 0.02540856 0.1561782 0.02540862 8.55044e-4 0.03428125 0.1570332 0.03428125 0.1570332 0.02540862 8.55044e-4 0.03428125 0 0.03428125 0.1570332 0.03428125 0 0.04315388 0.1561782 0.04315388 0.1561782 0.03428125 0 0.04315388 8.55046e-4 0.04315388 0.1561782 0.04315388 8.55046e-4 0.05142188 0.1536713 0.05142188 0.1536713 0.04315388 8.55046e-4 0.05142188 0.00336188 0.05142188 0.1536713 0.05142188 0.00336188 0.05852174 0.1496835 0.05852174 0.1496835 0.05142188 0.00336188 0.05852174 0.007349729 0.05852174 0.1496835 0.05852174 0.007349729 0.06396967 0.1444864 0.06396967 0.1444864 0.05852174 0.007349729 0.06396967 0.01254677 0.06396967 0.1444864 0.06396967 0.01254677 0.06739437 0.1384343 0.06739437 0.1384343 0.06396967 0.01254677 0.06739437 0.01859891 0.06739437 0.1384343 0.06739437 0.01859891 0.0685625 0.1319396 0.0685625 0.1319396 0.06739437 0.01859891 0.0685625 0.02509361 0.0685625 0.1319396 0.0685625 0.02509361 0.0685625 0.1284817 0.0685625 0.1284817 0.0685625 0.02509361 0.0685625 0.02855145</float_array>
          <technique_common>
            <accessor source="#Síť_012-mesh-map-1-array" count="924" stride="2">
              <param name="S" type="float"/>
              <param name="T" type="float"/>
            </accessor>
          </technique_common>
        </source>
        <vertices id="Síť_012-mesh-vertices">
          <input semantic="POSITION" source="#Síť_012-mesh-positions"/>
        </vertices>
        <triangles material="dbl_Group_002_001-material" count="280">
          <input semantic="VERTEX" source="#Síť_012-mesh-vertices" offset="0"/>
          <input semantic="NORMAL" source="#Síť_012-mesh-normals" offset="1"/>
          <input semantic="TEXCOORD" source="#Síť_012-mesh-map-0" offset="2" set="0"/>
          <input semantic="TEXCOORD" source="#Síť_012-mesh-map-1" offset="2" set="1"/>
          <p>0 0 0 1 1 1 2 2 2 1 1 3 0 0 4 3 3 5 4 4 6 5 5 7 6 6 8 5 5 9 4 4 10 7 7 11 8 8 12 9 9 13 10 10 14 9 11 15 8 12 16 11 12 17 12 13 18 13 14 19 14 15 20 13 14 21 12 13 22 15 16 23 16 17 24 17 18 25 18 19 26 17 18 27 16 17 28 19 20 29 19 20 30 20 21 31 17 18 32 20 21 33 19 20 34 21 22 35 13 14 36 2 2 37 14 15 38 2 2 39 13 14 40 0 0 41 10 10 42 22 23 43 23 24 44 22 23 45 10 10 46 9 9 47 24 25 48 25 26 49 26 27 50 27 28 51 28 29 52 29 30 53 28 29 54 27 28 55 30 31 56 31 32 57 32 33 58 1 1 59 32 34 60 31 32 61 33 35 62 3 3 63 31 32 64 1 1 65 31 32 66 3 3 67 33 35 68 24 25 69 34 36 70 25 26 71 20 21 72 35 37 73 36 38 74 35 37 75 20 21 76 21 22 77 37 39 78 38 40 79 39 41 80 40 42 81 38 43 82 41 44 83 38 40 84 40 45 85 39 41 86 41 44 87 38 43 88 42 46 89 41 44 90 42 46 91 43 47 92 41 44 93 43 47 94 44 48 95 5 5 96 45 49 97 46 50 98 45 49 99 5 5 100 7 7 101 47 51 102 18 19 103 48 52 104 18 19 105 47 51 106 16 17 107 28 29 108 23 24 109 22 23 110 23 24 111 28 29 112 30 31 113 39 53 114 15 16 115 12 13 116 15 54 117 39 55 118 40 55 119 46 56 120 41 57 121 44 57 122 41 58 123 46 50 124 45 49 125 49 59 126 4 4 127 6 6 128 4 4 129 49 59 130 50 60 131 34 36 132 51 61 133 25 26 134 34 36 135 52 62 136 51 61 137 32 33 138 53 63 139 1 1 140 54 64 141 55 65 142 56 66 143 55 65 144 54 64 145 57 67 146 57 67 147 58 68 148 59 69 149 58 68 150 57 67 151 54 64 152 59 69 153 60 70 154 61 71 155 60 70 156 59 69 157 58 68 158 61 71 159 62 72 160 63 73 161 62 72 162 61 71 163 60 70 164 63 74 165 64 75 166 65 76 167 64 75 168 63 74 169 62 77 170 66 78 171 67 79 172 68 80 173 67 79 174 66 78 175 69 81 176 70 82 177 66 78 178 68 80 179 66 78 180 70 82 181 71 83 182 72 84 183 70 82 184 73 85 185 70 82 186 72 84 187 71 83 188 73 85 189 74 86 190 72 84 191 74 86 192 73 85 193 75 87 194 75 87 195 76 88 196 74 86 197 76 88 198 75 87 199 77 89 200 77 89 201 78 90 202 76 88 203 78 90 204 77 89 205 79 91 206 65 92 207 80 93 208 81 94 209 80 93 210 65 92 211 64 95 212 81 94 213 82 96 214 83 97 215 82 96 216 81 94 217 80 93 218 83 97 219 84 98 220 85 99 221 84 98 222 83 97 223 82 96 224 86 100 225 85 99 226 84 98 227 85 99 228 86 100 229 87 101 230 88 102 231 87 101 232 86 100 233 87 101 234 88 102 235 89 103 236 69 81 237 88 102 238 67 79 239 88 102 240 69 81 241 89 103 242 37 104 243 42 104 244 38 105 245 42 104 246 37 104 247 43 104 248 90 106 249 43 107 250 42 108 251 43 107 252 90 106 253 91 109 254 91 110 255 37 111 256 43 112 257 37 111 258 91 110 259 92 113 260 92 113 261 91 110 262 93 114 263 92 113 264 93 114 265 94 115 266 94 115 267 93 114 268 95 116 269 95 116 270 93 114 271 96 117 272 96 117 273 93 114 274 97 118 275 96 117 276 97 118 277 98 119 278 98 119 279 97 118 280 99 120 281 99 120 282 97 118 283 100 121 284 99 120 285 100 121 286 101 122 287 101 122 288 100 121 289 102 123 290 101 122 291 102 123 292 103 124 293 103 124 294 102 123 295 104 125 296 103 124 297 104 125 298 105 126 299 105 126 300 104 125 301 106 127 302 105 126 303 106 127 304 107 128 305 107 128 306 106 127 307 56 129 308 56 129 309 106 127 310 108 130 311 56 129 312 108 130 313 54 131 314 54 131 315 108 130 316 109 132 317 54 131 318 109 132 319 58 133 320 58 133 321 109 132 322 110 134 323 58 133 324 110 134 325 60 135 326 60 135 327 110 134 328 62 136 329 62 136 330 110 134 331 64 137 332 94 115 333 77 112 334 111 138 335 77 112 336 94 115 337 79 112 338 79 112 339 94 115 340 95 116 341 111 138 342 77 112 343 75 139 344 111 138 345 75 139 346 73 140 347 111 138 348 73 140 349 112 141 350 112 141 351 73 140 352 70 112 353 112 141 354 70 112 355 53 112 356 53 112 357 70 112 358 68 142 359 53 112 360 68 142 361 113 143 362 113 143 363 68 142 364 67 144 365 113 143 366 67 144 367 88 145 368 113 143 369 88 145 370 114 146 371 114 146 372 88 145 373 86 147 374 114 146 375 86 147 376 115 148 377 115 148 378 86 147 379 84 149 380 115 148 381 84 149 382 116 150 383 116 150 384 84 149 385 82 151 386 116 150 387 82 151 388 117 152 389 117 152 390 82 151 391 80 153 392 117 152 393 80 153 394 64 137 395 117 152 396 64 137 397 110 134 398 117 152 399 110 134 400 118 154 401 117 152 402 118 154 403 119 155 404 119 155 405 118 154 406 120 156 407 119 155 408 120 156 409 121 157 410 116 158 411 122 159 412 123 160 413 122 159 414 116 158 415 117 161 416 117 161 417 124 162 418 122 159 419 124 162 420 117 161 421 119 163 422 125 164 423 109 85 424 108 165 425 109 85 426 125 164 427 126 166 428 127 167 429 121 168 430 128 169 431 121 168 432 127 167 433 120 170 434 118 171 435 129 172 436 130 173 437 129 172 438 118 171 439 110 174 440 120 175 441 130 176 442 127 175 443 130 173 444 120 177 445 118 171 446 110 174 447 126 166 448 129 172 449 126 166 450 110 174 451 109 85 452 131 178 453 78 179 454 132 180 455 78 179 456 131 178 457 76 181 458 76 181 459 131 178 460 133 182 461 76 181 462 133 182 463 74 183 464 74 183 465 133 182 466 72 184 467 72 184 468 133 182 469 134 185 470 72 184 471 134 185 472 71 186 473 71 186 474 134 185 475 31 187 476 71 186 477 31 187 478 66 188 479 66 188 480 31 187 481 32 189 482 66 188 483 32 189 484 135 190 485 66 188 486 135 190 487 69 191 488 69 191 489 135 190 490 89 192 491 89 192 492 135 190 493 136 193 494 89 194 495 136 195 496 87 196 497 87 196 498 136 195 499 137 197 500 87 196 501 137 197 502 85 198 503 85 198 504 137 197 505 123 199 506 85 198 507 123 199 508 83 200 509 83 200 510 123 199 511 122 201 512 83 200 513 122 201 514 81 202 515 81 202 516 122 201 517 65 203 518 65 203 519 122 201 520 129 204 521 129 204 522 122 201 523 130 205 524 130 205 525 122 201 526 124 206 527 130 205 528 124 206 529 127 207 530 127 208 531 124 208 532 128 208 533 38 209 534 90 209 535 42 209 536 90 210 537 38 211 538 138 212 539 90 210 540 138 212 541 139 213 542 139 213 543 138 212 544 131 178 545 139 213 546 131 178 547 132 180 548 139 213 549 132 180 550 140 214 551 139 213 552 140 214 553 141 191 554 141 191 555 140 214 556 142 191 557 141 191 558 142 191 559 143 191 560 141 191 561 143 191 562 144 215 563 144 215 564 143 191 565 145 216 566 144 215 567 145 216 568 146 217 569 146 217 570 145 216 571 147 218 572 146 217 573 147 218 574 51 219 575 51 219 576 147 218 577 25 220 578 25 220 579 147 218 580 148 221 581 25 220 582 148 221 583 26 222 584 26 222 585 148 221 586 149 223 587 26 222 588 149 223 589 55 224 590 26 222 591 55 224 592 125 225 593 125 225 594 55 224 595 57 191 596 125 225 597 57 191 598 126 226 599 126 226 600 57 191 601 59 227 602 126 226 603 59 227 604 129 204 605 129 204 606 59 227 607 61 228 608 129 204 609 61 228 610 63 229 611 129 204 612 63 229 613 65 203 614 119 163 615 128 230 616 124 162 617 128 231 618 119 232 619 121 231 620 141 233 621 93 234 622 139 235 623 93 234 624 141 233 625 97 233 626 139 235 627 91 109 628 90 106 629 91 109 630 139 235 631 93 234 632 8 236 633 128 237 634 11 238 635 128 237 636 8 236 637 47 239 638 128 240 639 47 241 640 127 242 641 127 242 642 47 241 643 120 243 644 120 243 645 47 241 646 48 169 647 121 244 648 11 244 649 128 244 650 32 245 651 134 246 652 112 247 653 134 246 654 32 245 655 31 248 656 32 245 657 112 247 658 53 249 659 33 35 660 135 250 661 32 34 662 33 35 663 150 251 664 135 250 665 151 252 666 135 250 667 150 251 668 151 253 669 136 254 670 135 255 671 25 256 672 106 257 673 104 258 674 25 256 675 26 259 676 106 257 677 135 260 678 113 261 679 114 262 680 136 263 681 135 260 682 114 262 683 26 264 684 108 265 685 106 266 686 125 164 687 108 165 688 26 267 689 136 268 690 114 269 691 137 270 692 137 270 693 114 269 694 115 271 695 32 272 696 53 273 697 135 260 698 135 260 699 53 273 700 113 261 701 146 274 702 50 60 703 49 59 704 50 60 705 146 274 706 52 275 707 51 276 708 49 59 709 102 277 710 49 59 711 51 276 712 146 274 713 146 274 714 51 278 715 52 275 716 136 279 717 27 28 718 114 280 719 27 281 720 136 282 721 151 283 722 27 28 723 29 30 724 114 280 725 26 27 726 106 284 727 36 38 728 35 37 729 26 27 730 36 38 731 24 25 732 26 27 733 35 37 734 51 285 735 104 258 736 102 286 737 25 256 738 104 258 739 51 285 740 51 287 741 102 288 742 100 289 743 144 290 744 51 287 745 100 289 746 51 287 747 144 290 748 146 291 749 38 292 750 92 293 751 138 294 752 92 293 753 38 292 754 37 295 755 138 294 756 94 296 757 131 297 758 94 296 759 138 294 760 92 293 761 131 297 762 111 298 763 133 299 764 111 298 765 131 297 766 94 296 767 112 247 768 133 299 769 111 298 770 133 299 771 112 247 772 134 246 773 123 160 774 115 271 775 116 158 776 115 271 777 123 160 778 137 270 779 97 233 780 144 290 781 100 289 782 144 290 783 97 233 784 141 233 785 79 300 786 132 301 787 78 302 788 132 301 789 79 300 790 95 303 791 95 304 792 140 305 793 132 306 794 140 305 795 95 304 796 96 307 797 96 307 798 142 308 799 140 305 800 142 308 801 96 307 802 98 308 803 98 308 804 143 309 805 142 308 806 143 309 807 98 308 808 99 158 809 101 310 810 143 309 811 99 158 812 143 309 813 101 310 814 145 311 815 147 312 816 101 310 817 103 313 818 101 310 819 147 312 820 145 311 821 148 314 822 103 313 823 105 314 824 103 313 825 148 314 826 147 312 827 107 315 828 148 314 829 105 314 830 148 314 831 107 315 832 149 316 833 55 65 834 107 315 835 56 66 836 107 315 837 55 65 838 149 316 839</p>
        </triangles>
        <triangles material="dbl_Group_003_002-material" count="28">
          <input semantic="VERTEX" source="#Síť_012-mesh-vertices" offset="0"/>
          <input semantic="NORMAL" source="#Síť_012-mesh-normals" offset="1"/>
          <input semantic="TEXCOORD" source="#Síť_012-mesh-map-0" offset="2" set="0"/>
          <input semantic="TEXCOORD" source="#Síť_012-mesh-map-1" offset="2" set="1"/>
          <p>152 317 840 153 318 841 154 319 842 153 318 843 152 317 844 155 320 845 153 318 846 155 320 847 156 321 848 153 318 849 156 321 850 157 322 851 153 318 852 157 322 853 158 323 854 158 323 855 157 322 856 159 324 857 158 323 858 159 324 859 160 325 860 160 325 861 159 324 862 161 326 863 160 325 864 161 326 865 162 327 866 162 327 867 161 326 868 163 328 869 162 327 870 163 328 871 164 329 872 164 329 873 163 328 874 165 330 875 164 329 876 165 330 877 166 331 878 166 331 879 165 330 880 167 332 881 166 331 882 167 332 883 168 333 884 168 333 885 167 332 886 169 334 887 168 333 888 169 334 889 170 335 890 170 335 891 169 334 892 171 336 893 170 335 894 171 336 895 172 337 896 172 337 897 171 336 898 173 338 899 172 337 900 173 338 901 174 339 902 174 339 903 173 338 904 175 340 905 174 339 906 175 340 907 176 341 908 176 341 909 175 340 910 177 342 911 176 341 912 177 342 913 178 343 914 178 343 915 177 342 916 179 344 917 178 343 918 179 344 919 180 345 920 180 345 921 179 344 922 181 346 923</p>
        </triangles>
      </mesh>
    </geometry>
    <geometry id="Síť_011-mesh" name="Síť.011">
      <mesh>
        <source id="Síť_011-mesh-positions">
          <float_array id="Síť_011-mesh-positions-array" count="222">57.79318 1.12362e-6 15.48564 32.32347 1.54594e-6 19.92469 30.97128 1.54888e-6 19.80307 60.88722 9.42952e-7 22.95532 33.58351 1.53731e-6 20.28126 34.66553 1.52359e-6 20.8485 35.4958 1.50571e-6 21.58773 36.01772 1.48489e-6 22.44858 36.19574 1.46255e-6 23.37239 61.94254 7.49075e-7 30.97128 36.19573 1.09497e-6 38.57015 60.88722 5.552e-7 38.98723 36.01771 1.07263e-6 39.49396 57.79318 3.74536e-7 46.45691 35.49579 1.05181e-6 40.35482 34.66553 1.03393e-6 41.09404 33.5835 1.02021e-6 41.66128 32.32347 1.01158e-6 42.01785 30.97127 1.00864e-6 42.13947 4.149362 3.74544e-7 46.4569 9.071273 7.49083e-7 52.87126 52.87127 7.49077e-7 52.87127 15.48563 0 57.79318 46.4569 0 57.79318 22.95531 0 60.88722 38.98722 0 60.88722 30.97127 0 61.94254 38.98723 1.47263e-6 1.055322 22.95532 1.47264e-6 1.055319 30.97128 1.49816e-6 0 15.48564 1.3978e-6 4.149362 46.45691 1.3978e-6 4.149366 9.071279 1.80844e-6 9.071268 52.87128 1.80844e-6 9.071273 4.149366 1.12362e-6 15.48563 1.055322 9.4296e-7 22.95531 29.61909 1.54594e-6 19.92469 28.35905 1.53731e-6 20.28126 27.27702 1.52359e-6 20.84849 26.44676 1.50571e-6 21.58772 25.92484 1.48489e-6 22.44857 25.74682 1.46255e-6 23.37238 0 7.49084e-7 30.97127 25.74681 1.09497e-6 38.57015 1.055319 5.55208e-7 38.98722 25.92483 1.07263e-6 39.49396 26.44676 1.05181e-6 40.35481 27.27702 1.03393e-6 41.09404 28.35904 1.02021e-6 41.66128 29.61908 1.01158e-6 42.01785 4.149362 10 46.4569 1.055319 10 38.98722 1.055322 10 22.95531 4.149366 10 15.48563 9.071273 10 52.87127 15.48563 10 57.79318 0 10 30.97127 57.79318 10 46.45691 60.88722 10 38.98723 22.95531 10 60.88722 61.94254 10 30.97128 22.95532 10 1.05532 30.97128 10 2.41863e-7 38.98723 10 1.055322 15.48564 10 4.149362 46.45691 10 4.149366 9.071279 10 9.071268 52.87128 10 9.071273 57.79318 10 15.48564 60.88722 10 22.95532 52.87127 10 52.87127 46.4569 10 57.79318 38.98722 10 60.88723 30.97127 10 61.94254</float_array>
          <technique_common>
            <accessor source="#Síť_011-mesh-positions-array" count="74" stride="3">
              <param name="X" type="float"/>
              <param name="Y" type="float"/>
              <param name="Z" type="float"/>
            </accessor>
          </technique_common>
        </source>
        <source id="Síť_011-mesh-normals">
          <float_array id="Síť_011-mesh-normals-array" count="360">0 -1 0 0 -1 0 0 -1 2.3891e-7 0 -1 0 0 -1 0 0 -1 0 0 -1 0 0 -1 0 0 -1 0 0 -1 0 0 -1 0 0 -1 0 0 -1 0 0 -1 0 0 -1 0 0 -1 0 0 -1 0 0 -1 0 0 -1 -1.40268e-7 0 -1 0 0 -1 0 0 -1 0 0 -1 0 0 -1 0 0 -1 0 0 -1 0 0 -1 0 0 -1 0 0 -1 0 0 -1 0 0 -1 0 0 -1 0 0 -1 0 0 -1 0 0 -1 0 0 -1 0 0 -1 6.60852e-7 0 -1 0 0 -1 0 0 -1 0 0 -1 0 0 -1 0 0 -1 0 0 -1 0 0 -1 0 0 -1 0 0 -1 0 0 -1 0 0 -1 0 0 -1 0 -0.8660254 -1.38799e-7 0.5 -0.9659259 0 0.2588189 -0.8660255 0 0.5 -0.9659259 0 0.258819 -0.9659258 0 -0.2588192 -0.8660256 0 -0.5 -0.9659258 0 -0.2588192 -0.8660255 0 -0.4999999 -0.5000007 -1.58094e-7 0.8660251 -0.7071067 -3.65383e-7 0.7071068 -0.7071067 -3.84678e-7 0.7071068 -0.5 0 0.8660255 -1 0 -1.96149e-7 -1 0 -1.53092e-7 0.9659259 2.96696e-7 0.2588191 0.8660255 0 0.5 0.8660254 0 0.5 0.9659259 2.48803e-7 0.2588192 -0.2588193 0 0.9659259 -0.2588185 0 0.9659261 1 1.31908e-7 0 1 0 0 -0.2588189 0 -0.9659259 1.81796e-7 0 -1 -0.2588189 0 -0.9659259 1.67444e-7 0 -1 0 1 6.28261e-7 0 1 0 0 1 9.01884e-7 0 1 -4.62762e-7 0 1 0 0 1 -1.7215e-7 0 1 2.54305e-7 0 1 0 0 1 0 0 1 3.12041e-7 0 1 0 0 1 2.76349e-7 0 1 0 0 1 0 0 1 -1.48846e-7 0 1 0 0 1 0 0 1 0 0 1 1.61438e-7 0 1 -1.80963e-7 0 1 0 0 1 -3.93279e-7 0 1 0 0 1 9.01886e-7 0.2588192 0 -0.9659259 0.4999996 0 -0.8660256 0.2588192 -1.90355e-7 -0.9659259 0.4999996 0 -0.8660256 0.2588189 -4.51011e-7 0.9659259 -4.52099e-7 -2.15232e-7 1 0 0 1 0.2588184 -5.03612e-7 0.965926 0.7071067 0 0.7071068 0.7071068 0 0.7071067 0.7071068 0 -0.7071068 0.8660258 0 -0.4999994 0.8660259 0 -0.4999994 0.4999999 0 0.8660256 0.5 -1.62631e-7 0.8660256 0.9659259 0 -0.2588189 0.9659259 0 -0.2588189 -0.7071066 0 -0.707107 -0.4999997 0 -0.8660256 -0.4999997 0 -0.8660256</float_array>
          <technique_common>
            <accessor source="#Síť_011-mesh-normals-array" count="120" stride="3">
              <param name="X" type="float"/>
              <param name="Y" type="float"/>
              <param name="Z" type="float"/>
            </accessor>
          </technique_common>
        </source>
        <source id="Síť_011-mesh-map-0">
          <float_array id="Síť_011-mesh-map-0-array" count="720">0.5688306 0.1524177 0.3181444 0.1961091 0.3048354 0.194912 0.3181444 0.1961091 0.5688306 0.1524177 0.5992837 0.2259382 0.3181444 0.1961091 0.5992837 0.2259382 0.3305463 0.1996187 0.3305463 0.1996187 0.5992837 0.2259382 0.3411962 0.2052017 0.3411962 0.2052017 0.5992837 0.2259382 0.349368 0.2124776 0.349368 0.2124776 0.5992837 0.2259382 0.3545051 0.2209506 0.3545051 0.2209506 0.5992837 0.2259382 0.3562573 0.2300431 0.3562573 0.2300431 0.5992837 0.2259382 0.6096707 0.3048354 0.3562573 0.2300431 0.6096707 0.3048354 0.3562573 0.3796275 0.3562573 0.3796275 0.6096707 0.3048354 0.5992837 0.3837326 0.3562573 0.3796275 0.5992837 0.3837326 0.3545051 0.3887201 0.3545051 0.3887201 0.5992837 0.3837326 0.5688305 0.457253 0.3545051 0.3887201 0.5688305 0.457253 0.349368 0.3971931 0.349368 0.3971931 0.5688305 0.457253 0.3411961 0.404469 0.3411961 0.404469 0.5688305 0.457253 0.3305463 0.410052 0.3305463 0.410052 0.5688305 0.457253 0.3181443 0.4135615 0.3181443 0.4135615 0.5688305 0.457253 0.3048354 0.4147586 0.3048354 0.4147586 0.5688305 0.457253 0.04084014 0.457253 0.04084014 0.457253 0.5688305 0.457253 0.08928418 0.5203865 0.08928418 0.5203865 0.5688305 0.457253 0.5203865 0.5203865 0.08928418 0.5203865 0.5203865 0.5203865 0.1524176 0.5688305 0.1524176 0.5688305 0.5203865 0.5203865 0.457253 0.5688306 0.1524176 0.5688305 0.457253 0.5688306 0.2259381 0.5992837 0.2259381 0.5992837 0.457253 0.5688306 0.3837325 0.5992837 0.2259381 0.5992837 0.3837325 0.5992837 0.3048353 0.6096707 0.3837326 0.010387 0.2259382 0.010387 0.3048354 0 0.2259382 0.010387 0.3837326 0.010387 0.1524177 0.04084014 0.1524177 0.04084014 0.3837326 0.010387 0.457253 0.0408402 0.1524177 0.04084014 0.457253 0.0408402 0.08928424 0.08928412 0.08928424 0.08928412 0.457253 0.0408402 0.5203866 0.08928418 0.08928424 0.08928412 0.5203866 0.08928418 0.0408402 0.1524176 0.0408402 0.1524176 0.5203866 0.08928418 0.5688306 0.1524177 0.0408402 0.1524176 0.5688306 0.1524177 0.010387 0.2259381 0.010387 0.2259381 0.5688306 0.1524177 0.2915264 0.1961091 0.2915264 0.1961091 0.5688306 0.1524177 0.3048354 0.194912 0.010387 0.2259381 0.2915264 0.1961091 0.2791244 0.1996187 0.010387 0.2259381 0.2791244 0.1996187 0.2684746 0.2052017 0.010387 0.2259381 0.2684746 0.2052017 0.2603027 0.2124776 0.010387 0.2259381 0.2603027 0.2124776 0.2551657 0.2209505 0.010387 0.2259381 0.2551657 0.2209505 0.2534135 0.2300431 0.010387 0.2259381 0.2534135 0.2300431 0 0.3048353 0 0.3048353 0.2534135 0.2300431 0.2534135 0.3796275 0 0.3048353 0.2534135 0.3796275 0.010387 0.3837325 0.010387 0.3837325 0.2534135 0.3796275 0.2551656 0.3887201 0.010387 0.3837325 0.2551656 0.3887201 0.04084014 0.457253 0.04084014 0.457253 0.2551656 0.3887201 0.2603027 0.397193 0.04084014 0.457253 0.2603027 0.397193 0.2684746 0.404469 0.04084014 0.457253 0.2684746 0.404469 0.2791244 0.410052 0.04084014 0.457253 0.2791244 0.410052 0.2915264 0.4135615 0.04084014 0.457253 0.2915264 0.4135615 0.3048354 0.4147586 -0.0984252 0.4380756 0 0.3584976 0 0.4380756 0 0.3584976 -0.0984252 0.4380756 -0.0984252 0.3584976 -0.0984252 0.2047646 0 0.1251866 0 0.2047646 0 0.1251866 -0.0984252 0.2047646 -0.0984252 0.1251866 0 0.4672031 -0.0984252 0.3876252 0 0.3876252 -0.0984252 0.3876252 0 0.4672031 -0.09842514 0.4672031 -0.0984252 0.3022274 0 0.2226494 0 0.3022274 0 0.2226494 -0.0984252 0.3022274 -0.0984252 0.2226494 0 0.1251866 0.0984252 0.2047646 0 0.2047646 0.0984252 0.2047646 0 0.1251866 0.0984252 0.1251866 0 0.4380756 -0.0984252 0.3584976 0 0.3584976 -0.0984252 0.3584976 0 0.4380756 -0.0984252 0.4380756 0 0.2226494 0.0984252 0.3022274 0 0.3022274 0.0984252 0.3022274 0 0.2226494 0.0984252 0.2226494 -0.0984252 -0.2226495 0 -0.3022275 0 -0.2226495 0 -0.3022275 -0.0984252 -0.2226495 -0.09842526 -0.3022274 -0.2259382 0.010387 -0.3837326 0.010387 -0.3048354 0 -0.3837326 0.010387 -0.2259382 0.010387 -0.1524177 0.04084014 -0.3837326 0.010387 -0.1524177 0.04084014 -0.457253 0.0408402 -0.457253 0.0408402 -0.1524177 0.04084014 -0.08928424 0.08928412 -0.457253 0.0408402 -0.08928424 0.08928412 -0.5203866 0.08928418 -0.5203866 0.08928418 -0.08928424 0.08928412 -0.0408402 0.1524176 -0.5203866 0.08928418 -0.0408402 0.1524176 -0.5688306 0.1524177 -0.5688306 0.1524177 -0.0408402 0.1524176 -0.010387 0.2259381 -0.5688306 0.1524177 -0.010387 0.2259381 -0.5992837 0.2259382 -0.5992837 0.2259382 -0.010387 0.2259381 0 0.3048353 -0.5992837 0.2259382 0 0.3048353 -0.6096707 0.3048354 -0.6096707 0.3048354 0 0.3048353 -0.010387 0.3837325 -0.6096707 0.3048354 -0.010387 0.3837325 -0.5992837 0.3837326 -0.5992837 0.3837326 -0.010387 0.3837325 -0.04084014 0.457253 -0.5992837 0.3837326 -0.04084014 0.457253 -0.5688305 0.457253 -0.5688305 0.457253 -0.04084014 0.457253 -0.08928418 0.5203865 -0.5688305 0.457253 -0.08928418 0.5203865 -0.5203865 0.5203865 -0.5203865 0.5203865 -0.08928418 0.5203865 -0.1524176 0.5688305 -0.5203865 0.5203865 -0.1524176 0.5688305 -0.457253 0.5688306 -0.457253 0.5688306 -0.1524176 0.5688305 -0.2259381 0.5992837 -0.457253 0.5688306 -0.2259381 0.5992837 -0.3837325 0.5992837 -0.3837325 0.5992837 -0.2259381 0.5992837 -0.3048353 0.6096707 0 0.4672031 -0.0984252 0.3876252 0 0.3876252 -0.0984252 0.3876252 0 0.4672031 -0.09842514 0.4672031 0.09842514 0.3584976 0 0.4380756 0 0.3584976 0 0.4380756 0.09842514 0.3584976 0.09842514 0.4380756 0.0984252 0.3022274 0 0.3818055 0 0.3022274 0 0.3818055 0.0984252 0.3022274 0.09842514 0.3818055 0 -0.3022275 0.0984252 -0.2226495 0 -0.2226495 0.0984252 -0.2226495 0 -0.3022275 0.09842526 -0.3022274 0.0984252 0.01648145 0 0.09605944 0 0.01648145 0 0.09605944 0.0984252 0.01648145 0.0984252 0.09605944 0 0.3876252 0.09842514 0.4672028 0 0.4672031 0.09842514 0.4672028 0 0.3876252 0.0984252 0.3876248 -0.0984252 0.3818054 0 0.3022274 0 0.3818055 0 0.3022274 -0.0984252 0.3818054 -0.0984252 0.3022274 0 -0.09605956 0.0984252 -0.01648151 0 -0.01648151 0.0984252 -0.01648151 0 -0.09605956 0.0984252 -0.09605956 0 -0.2047647 0.0984252 -0.1251868 0 -0.1251868 0.0984252 -0.1251868 0 -0.2047647 0.0984252 -0.2047647 0 0.3584976 0.09842514 0.4380756 0 0.4380756 0.09842514 0.4380756 0 0.3584976 0.09842514 0.3584976 0 0.3818055 -0.0984252 0.3022274 0 0.3022274 -0.0984252 0.3022274 0 0.3818055 -0.0984252 0.3818054 0.0984252 0.3876248 0 0.4672031 0 0.3876252 0 0.4672031 0.0984252 0.3876248 0.09842514 0.4672028 0 0.3022274 0.09842514 0.3818055 0 0.3818055 0.09842514 0.3818055 0 0.3022274 0.0984252 0.3022274 -0.0984252 0.09605914 0 0.01648145 0 0.09605944 0 0.01648145 -0.0984252 0.09605914 -0.0984252 0.0164811 -0.0984252 -0.1251868 0 -0.2047647 0 -0.1251868 0 -0.2047647 -0.0984252 -0.1251868 -0.0984252 -0.2047647 -0.0984252 -0.01648128 0 -0.09605956 0 -0.01648151 0 -0.09605956 -0.0984252 -0.01648128 -0.0984252 -0.09605926</float_array>
          <technique_common>
            <accessor source="#Síť_011-mesh-map-0-array" count="360" stride="2">
              <param name="S" type="float"/>
              <param name="T" type="float"/>
            </accessor>
          </technique_common>
        </source>
        <source id="Síť_011-mesh-map-1">
          <float_array id="Síť_011-mesh-map-1-array" count="720">0.5688306 0.1524177 0.3181444 0.1961091 0.3048354 0.194912 0.3181444 0.1961091 0.5688306 0.1524177 0.5992837 0.2259382 0.3181444 0.1961091 0.5992837 0.2259382 0.3305463 0.1996187 0.3305463 0.1996187 0.5992837 0.2259382 0.3411962 0.2052017 0.3411962 0.2052017 0.5992837 0.2259382 0.349368 0.2124776 0.349368 0.2124776 0.5992837 0.2259382 0.3545051 0.2209506 0.3545051 0.2209506 0.5992837 0.2259382 0.3562573 0.2300431 0.3562573 0.2300431 0.5992837 0.2259382 0.6096707 0.3048354 0.3562573 0.2300431 0.6096707 0.3048354 0.3562573 0.3796275 0.3562573 0.3796275 0.6096707 0.3048354 0.5992837 0.3837326 0.3562573 0.3796275 0.5992837 0.3837326 0.3545051 0.3887201 0.3545051 0.3887201 0.5992837 0.3837326 0.5688305 0.457253 0.3545051 0.3887201 0.5688305 0.457253 0.349368 0.3971931 0.349368 0.3971931 0.5688305 0.457253 0.3411961 0.404469 0.3411961 0.404469 0.5688305 0.457253 0.3305463 0.410052 0.3305463 0.410052 0.5688305 0.457253 0.3181443 0.4135615 0.3181443 0.4135615 0.5688305 0.457253 0.3048354 0.4147586 0.3048354 0.4147586 0.5688305 0.457253 0.04084014 0.457253 0.04084014 0.457253 0.5688305 0.457253 0.08928418 0.5203865 0.08928418 0.5203865 0.5688305 0.457253 0.5203865 0.5203865 0.08928418 0.5203865 0.5203865 0.5203865 0.1524176 0.5688305 0.1524176 0.5688305 0.5203865 0.5203865 0.457253 0.5688306 0.1524176 0.5688305 0.457253 0.5688306 0.2259381 0.5992837 0.2259381 0.5992837 0.457253 0.5688306 0.3837325 0.5992837 0.2259381 0.5992837 0.3837325 0.5992837 0.3048353 0.6096707 0.3837326 0.010387 0.2259382 0.010387 0.3048354 0 0.2259382 0.010387 0.3837326 0.010387 0.1524177 0.04084014 0.1524177 0.04084014 0.3837326 0.010387 0.457253 0.0408402 0.1524177 0.04084014 0.457253 0.0408402 0.08928424 0.08928412 0.08928424 0.08928412 0.457253 0.0408402 0.5203866 0.08928418 0.08928424 0.08928412 0.5203866 0.08928418 0.0408402 0.1524176 0.0408402 0.1524176 0.5203866 0.08928418 0.5688306 0.1524177 0.0408402 0.1524176 0.5688306 0.1524177 0.010387 0.2259381 0.010387 0.2259381 0.5688306 0.1524177 0.2915264 0.1961091 0.2915264 0.1961091 0.5688306 0.1524177 0.3048354 0.194912 0.010387 0.2259381 0.2915264 0.1961091 0.2791244 0.1996187 0.010387 0.2259381 0.2791244 0.1996187 0.2684746 0.2052017 0.010387 0.2259381 0.2684746 0.2052017 0.2603027 0.2124776 0.010387 0.2259381 0.2603027 0.2124776 0.2551657 0.2209505 0.010387 0.2259381 0.2551657 0.2209505 0.2534135 0.2300431 0.010387 0.2259381 0.2534135 0.2300431 0 0.3048353 0 0.3048353 0.2534135 0.2300431 0.2534135 0.3796275 0 0.3048353 0.2534135 0.3796275 0.010387 0.3837325 0.010387 0.3837325 0.2534135 0.3796275 0.2551656 0.3887201 0.010387 0.3837325 0.2551656 0.3887201 0.04084014 0.457253 0.04084014 0.457253 0.2551656 0.3887201 0.2603027 0.397193 0.04084014 0.457253 0.2603027 0.397193 0.2684746 0.404469 0.04084014 0.457253 0.2684746 0.404469 0.2791244 0.410052 0.04084014 0.457253 0.2791244 0.410052 0.2915264 0.4135615 0.04084014 0.457253 0.2915264 0.4135615 0.3048354 0.4147586 -0.0984252 0.4380756 0 0.3584976 0 0.4380756 0 0.3584976 -0.0984252 0.4380756 -0.0984252 0.3584976 -0.0984252 0.2047646 0 0.1251866 0 0.2047646 0 0.1251866 -0.0984252 0.2047646 -0.0984252 0.1251866 0 0.4672031 -0.0984252 0.3876252 0 0.3876252 -0.0984252 0.3876252 0 0.4672031 -0.09842514 0.4672031 -0.0984252 0.3022274 0 0.2226494 0 0.3022274 0 0.2226494 -0.0984252 0.3022274 -0.0984252 0.2226494 0 0.1251866 0.0984252 0.2047646 0 0.2047646 0.0984252 0.2047646 0 0.1251866 0.0984252 0.1251866 0 0.4380756 -0.0984252 0.3584976 0 0.3584976 -0.0984252 0.3584976 0 0.4380756 -0.0984252 0.4380756 0 0.2226494 0.0984252 0.3022274 0 0.3022274 0.0984252 0.3022274 0 0.2226494 0.0984252 0.2226494 -0.0984252 -0.2226495 0 -0.3022275 0 -0.2226495 0 -0.3022275 -0.0984252 -0.2226495 -0.09842526 -0.3022274 -0.2259382 0.010387 -0.3837326 0.010387 -0.3048354 0 -0.3837326 0.010387 -0.2259382 0.010387 -0.1524177 0.04084014 -0.3837326 0.010387 -0.1524177 0.04084014 -0.457253 0.0408402 -0.457253 0.0408402 -0.1524177 0.04084014 -0.08928424 0.08928412 -0.457253 0.0408402 -0.08928424 0.08928412 -0.5203866 0.08928418 -0.5203866 0.08928418 -0.08928424 0.08928412 -0.0408402 0.1524176 -0.5203866 0.08928418 -0.0408402 0.1524176 -0.5688306 0.1524177 -0.5688306 0.1524177 -0.0408402 0.1524176 -0.010387 0.2259381 -0.5688306 0.1524177 -0.010387 0.2259381 -0.5992837 0.2259382 -0.5992837 0.2259382 -0.010387 0.2259381 0 0.3048353 -0.5992837 0.2259382 0 0.3048353 -0.6096707 0.3048354 -0.6096707 0.3048354 0 0.3048353 -0.010387 0.3837325 -0.6096707 0.3048354 -0.010387 0.3837325 -0.5992837 0.3837326 -0.5992837 0.3837326 -0.010387 0.3837325 -0.04084014 0.457253 -0.5992837 0.3837326 -0.04084014 0.457253 -0.5688305 0.457253 -0.5688305 0.457253 -0.04084014 0.457253 -0.08928418 0.5203865 -0.5688305 0.457253 -0.08928418 0.5203865 -0.5203865 0.5203865 -0.5203865 0.5203865 -0.08928418 0.5203865 -0.1524176 0.5688305 -0.5203865 0.5203865 -0.1524176 0.5688305 -0.457253 0.5688306 -0.457253 0.5688306 -0.1524176 0.5688305 -0.2259381 0.5992837 -0.457253 0.5688306 -0.2259381 0.5992837 -0.3837325 0.5992837 -0.3837325 0.5992837 -0.2259381 0.5992837 -0.3048353 0.6096707 0 0.4672031 -0.0984252 0.3876252 0 0.3876252 -0.0984252 0.3876252 0 0.4672031 -0.09842514 0.4672031 0.09842514 0.3584976 0 0.4380756 0 0.3584976 0 0.4380756 0.09842514 0.3584976 0.09842514 0.4380756 0.0984252 0.3022274 0 0.3818055 0 0.3022274 0 0.3818055 0.0984252 0.3022274 0.09842514 0.3818055 0 -0.3022275 0.0984252 -0.2226495 0 -0.2226495 0.0984252 -0.2226495 0 -0.3022275 0.09842526 -0.3022274 0.0984252 0.01648145 0 0.09605944 0 0.01648145 0 0.09605944 0.0984252 0.01648145 0.0984252 0.09605944 0 0.3876252 0.09842514 0.4672028 0 0.4672031 0.09842514 0.4672028 0 0.3876252 0.0984252 0.3876248 -0.0984252 0.3818054 0 0.3022274 0 0.3818055 0 0.3022274 -0.0984252 0.3818054 -0.0984252 0.3022274 0 -0.09605956 0.0984252 -0.01648151 0 -0.01648151 0.0984252 -0.01648151 0 -0.09605956 0.0984252 -0.09605956 0 -0.2047647 0.0984252 -0.1251868 0 -0.1251868 0.0984252 -0.1251868 0 -0.2047647 0.0984252 -0.2047647 0 0.3584976 0.09842514 0.4380756 0 0.4380756 0.09842514 0.4380756 0 0.3584976 0.09842514 0.3584976 0 0.3818055 -0.0984252 0.3022274 0 0.3022274 -0.0984252 0.3022274 0 0.3818055 -0.0984252 0.3818054 0.0984252 0.3876248 0 0.4672031 0 0.3876252 0 0.4672031 0.0984252 0.3876248 0.09842514 0.4672028 0 0.3022274 0.09842514 0.3818055 0 0.3818055 0.09842514 0.3818055 0 0.3022274 0.0984252 0.3022274 -0.0984252 0.09605914 0 0.01648145 0 0.09605944 0 0.01648145 -0.0984252 0.09605914 -0.0984252 0.0164811 -0.0984252 -0.1251868 0 -0.2047647 0 -0.1251868 0 -0.2047647 -0.0984252 -0.1251868 -0.0984252 -0.2047647 -0.0984252 -0.01648128 0 -0.09605956 0 -0.01648151 0 -0.09605956 -0.0984252 -0.01648128 -0.0984252 -0.09605926</float_array>
          <technique_common>
            <accessor source="#Síť_011-mesh-map-1-array" count="360" stride="2">
              <param name="S" type="float"/>
              <param name="T" type="float"/>
            </accessor>
          </technique_common>
        </source>
        <vertices id="Síť_011-mesh-vertices">
          <input semantic="POSITION" source="#Síť_011-mesh-positions"/>
        </vertices>
        <triangles count="120">
          <input semantic="VERTEX" source="#Síť_011-mesh-vertices" offset="0"/>
          <input semantic="NORMAL" source="#Síť_011-mesh-normals" offset="1"/>
          <input semantic="TEXCOORD" source="#Síť_011-mesh-map-0" offset="2" set="0"/>
          <input semantic="TEXCOORD" source="#Síť_011-mesh-map-1" offset="2" set="1"/>
          <p>0 0 0 1 1 1 2 2 2 1 1 3 0 0 4 3 3 5 1 1 6 3 3 7 4 4 8 4 4 9 3 3 10 5 5 11 5 5 12 3 3 13 6 6 14 6 6 15 3 3 16 7 7 17 7 7 18 3 3 19 8 8 20 8 8 21 3 3 22 9 9 23 8 8 24 9 9 25 10 10 26 10 10 27 9 9 28 11 11 29 10 10 30 11 11 31 12 12 32 12 12 33 11 11 34 13 13 35 12 12 36 13 13 37 14 14 38 14 14 39 13 13 40 15 15 41 15 15 42 13 13 43 16 16 44 16 16 45 13 13 46 17 17 47 17 17 48 13 13 49 18 18 50 18 18 51 13 13 52 19 19 53 19 19 54 13 13 55 20 20 56 20 20 57 13 13 58 21 21 59 20 20 60 21 21 61 22 22 62 22 22 63 21 21 64 23 23 65 22 22 66 23 23 67 24 24 68 24 24 69 23 23 70 25 25 71 24 24 72 25 25 73 26 26 74 27 27 75 28 28 76 29 29 77 28 28 78 27 27 79 30 30 80 30 30 81 27 27 82 31 31 83 30 30 84 31 31 85 32 32 86 32 32 87 31 31 88 33 33 89 32 32 90 33 33 91 34 34 92 34 34 93 33 33 94 0 0 95 34 34 96 0 0 97 35 35 98 35 35 99 0 0 100 36 36 101 36 36 102 0 0 103 2 2 104 35 35 105 36 36 106 37 37 107 35 35 108 37 37 109 38 38 110 35 35 111 38 38 112 39 39 113 35 35 114 39 39 115 40 40 116 35 35 117 40 40 118 41 41 119 35 35 120 41 41 121 42 42 122 42 42 123 41 41 124 43 43 125 42 42 126 43 43 127 44 44 128 44 44 129 43 43 130 45 45 131 44 44 132 45 45 133 19 19 134 19 19 135 45 45 136 46 46 137 19 19 138 46 46 139 47 47 140 19 19 141 47 47 142 48 48 143 19 19 144 48 48 145 49 49 146 19 19 147 49 49 148 18 18 149 50 50 150 44 51 151 19 52 152 44 51 153 50 50 154 51 53 155 52 54 156 34 55 157 35 56 158 34 55 159 52 54 160 53 57 161 22 58 162 54 59 163 20 60 164 54 59 165 22 58 166 55 61 167 56 62 168 35 56 169 42 63 170 35 56 171 56 62 172 52 54 173 11 64 174 57 65 175 13 66 176 57 65 177 11 64 178 58 67 179 24 68 180 55 61 181 22 58 182 55 61 183 24 68 184 59 69 185 9 70 186 58 67 187 11 64 188 58 67 189 9 70 190 60 71 191 61 72 192 29 73 193 28 74 194 29 73 195 61 72 196 62 75 197 61 76 198 63 77 199 62 78 200 63 77 201 61 76 202 64 79 203 63 77 204 64 79 205 65 80 206 65 80 207 64 79 208 66 81 209 65 80 210 66 81 211 67 82 212 67 82 213 66 81 214 53 83 215 67 82 216 53 83 217 68 84 218 68 84 219 53 83 220 52 85 221 68 84 222 52 85 223 69 86 224 69 86 225 52 85 226 56 87 227 69 86 228 56 87 229 60 88 230 60 88 231 56 87 232 51 89 233 60 88 234 51 89 235 58 90 236 58 90 237 51 89 238 50 91 239 58 90 240 50 91 241 57 92 242 57 92 243 50 91 244 54 93 245 57 92 246 54 93 247 70 94 248 70 94 249 54 93 250 55 95 251 70 94 252 55 95 253 71 96 254 71 96 255 55 95 256 59 97 257 71 96 258 59 97 259 72 98 260 72 98 261 59 97 262 73 99 263 20 60 264 50 50 265 19 52 266 50 50 267 20 60 268 54 59 269 63 100 270 31 101 271 27 102 272 31 101 273 63 100 274 65 103 275 62 75 276 27 102 277 29 73 278 27 102 279 62 75 280 63 100 281 25 104 282 73 105 283 26 106 284 73 105 285 25 104 286 72 107 287 57 65 288 21 108 289 13 66 290 21 108 291 57 65 292 70 109 293 33 110 294 68 111 295 0 112 296 68 111 297 33 110 298 67 110 299 51 53 300 42 63 301 44 51 302 42 63 303 51 53 304 56 62 305 21 108 306 71 113 307 23 114 308 71 113 309 21 108 310 70 109 311 23 114 312 72 107 313 25 104 314 72 107 315 23 114 316 71 113 317 0 112 318 69 115 319 3 116 320 69 115 321 0 112 322 68 111 323 26 106 324 59 69 325 24 68 326 59 69 327 26 106 328 73 105 329 65 103 330 33 110 331 31 101 332 33 110 333 65 103 334 67 110 335 3 116 336 60 71 337 9 70 338 60 71 339 3 116 340 69 115 341 53 57 342 32 117 343 34 55 344 32 117 345 53 57 346 66 117 347 64 118 348 28 74 349 30 119 350 28 74 351 64 118 352 61 72 353 66 117 354 30 119 355 32 117 356 30 119 357 66 117 358 64 118 359</p>
        </triangles>
      </mesh>
    </geometry>
    <geometry id="Síť_017-mesh" name="Síť.017">
      <mesh>
        <source id="Síť_017-mesh-positions">
          <float_array id="Síť_017-mesh-positions-array" count="144">49.32191 7.014362 0 52.41595 14.48404 10 49.32191 7.014362 10 52.41595 14.48404 0 53.47127 22.5 10 53.47127 22.5 0 52.41595 30.51596 10 52.41595 30.51596 0 49.32191 37.98564 10 49.32191 37.98564 0 44.4 44.4 10 44.4 44.4 0 37.98564 49.32191 0 37.98564 49.32191 10 30.51596 52.41595 10 30.51596 52.41595 0 22.5 53.47127 0 22.5 53.47127 10 14.48404 52.41595 0 14.48404 52.41595 10 7.014362 49.32191 10 7.014362 49.32191 0 0.6 44.4 10 0.6 44.4 0 -4.321913 37.98564 0 -4.321913 37.98564 10 -7.415956 30.51596 0 -7.415956 30.51596 10 22.5 -8.471278 10 14.48404 -7.415956 0 22.5 -8.471278 0 14.48404 -7.415956 10 30.51596 -7.415956 10 30.51596 -7.415956 0 37.98564 -4.321913 0 37.98564 -4.321913 10 44.4 0.6 10 44.4 0.6 0 -7.415956 14.48404 10 -8.471278 22.5 10 -4.321913 7.014362 10 0.6 0.6 10 7.014362 -4.321913 10 -8.471278 22.5 0 -7.415956 14.48404 0 -4.321913 7.014362 0 0.6 0.6 0 7.014362 -4.321913 0</float_array>
          <technique_common>
            <accessor source="#Síť_017-mesh-positions-array" count="48" stride="3">
              <param name="X" type="float"/>
              <param name="Y" type="float"/>
              <param name="Z" type="float"/>
            </accessor>
          </technique_common>
        </source>
        <source id="Síť_017-mesh-normals">
          <float_array id="Síť_017-mesh-normals-array" count="264">0.8660254 -0.5000001 0 0.9659259 -0.2588189 0 0.8660255 -0.5 0 0.9659258 -0.2588191 0 1 0 0 1 0 0 0.9659258 0.2588191 0 0.9659259 0.2588189 0 0.8660254 0.5000001 0 0.8660254 0.5 0 0.7071068 0.7071067 0 0.7071067 0.7071068 0 0.5000001 0.8660254 0 0.5000001 0.8660253 0 0.2588188 0.9659259 0 0.2588189 0.9659259 0 0 1 0 0 1 0 -0.2588189 0.9659259 0 -0.2588189 0.9659259 0 -0.5000001 0.8660254 0 -0.7071069 0.7071067 0 -0.707107 0.7071067 0 -0.8660254 0.5 0 -0.9659258 0.2588192 0 -0.9659259 0.2588191 0 0 -1 0 -0.2588191 -0.9659258 0 0 -1 0 -0.2588191 -0.9659258 0 0.2588191 -0.9659258 0 0.2588191 -0.9659258 0 0.5000001 -0.8660253 0 0.7071067 -0.7071069 0 0.7071066 -0.707107 0 -1.44758e-7 0 1 0 0 1 0 0 1 0 0 1 0 0 1 0 0 1 2.54838e-7 0 1 0 0 1 0 0 1 0 0 1 0 0 1 0 0 1 0 0 1 0 0 1 -2.10733e-7 0 1 0 0 1 0 0 1 2.53358e-7 0 1 0 0 1 1.44758e-7 0 1 -1 0 0 -1 0 0 -0.9659259 -0.2588191 0 -0.9659258 -0.2588192 0 -0.8660254 -0.5 0 -0.8660254 -0.5000001 0 -0.7071068 -0.7071068 0 -0.7071068 -0.7071068 0 -0.5 -0.8660254 0 0 0 -1 0 0 -1 0 0 -1 0 0 -1 0 0 -1 0 0 -1 0 0 -1 0 0 -1 0 0 -1 0 0 -1 0 0 -1 0 0 -1 0 0 -1 0 0 -1 0 0 -1 0 0 -1 0 0 -1 0 0 -1 0 0 -1 0 0 -1 0 0 -1 0 0 -1 0 0 -1 0 0 -1</float_array>
          <technique_common>
            <accessor source="#Síť_017-mesh-normals-array" count="88" stride="3">
              <param name="X" type="float"/>
              <param name="Y" type="float"/>
              <param name="Z" type="float"/>
            </accessor>
          </technique_common>
        </source>
        <source id="Síť_017-mesh-map-0">
          <float_array id="Síť_017-mesh-map-0-array" count="552">0.2495581 0 0.3291361 0.09842514 0.2495581 0.09842514 0.3291361 0.09842514 0.2495581 0 0.3291361 0 0.208679 0 0.288257 0.09842514 0.208679 0.09842514 0.288257 0.09842514 0.208679 0 0.288257 0 0.1508672 0 0.2304452 0.09842514 0.1508672 0.09842514 0.2304452 0.09842514 0.1508672 0 0.2304452 0 0.08006244 0 0.1596405 0.09842514 0.08006244 0.09842514 0.1596405 0.09842514 0.08006244 0 0.1596405 0 0.001090109 0 0.08006244 0.09842514 0.001090109 0.09842514 0.08006244 0.09842514 0.001090109 0 0.08006244 0 -0.001090109 0 -0.08066809 0.09842514 -0.08066809 0 -0.08066809 0.09842514 -0.001090109 0 -0.001090109 0.09842514 -0.08066809 0.09842514 -0.1596405 0 -0.08066809 0 -0.1596405 0 -0.08066809 0.09842514 -0.1596405 0.09842514 -0.1508672 0 -0.2304452 0.09842514 -0.2304452 0 -0.2304452 0.09842514 -0.1508672 0 -0.1508672 0.09842514 -0.208679 0 -0.288257 0.09842514 -0.288257 0 -0.288257 0.09842514 -0.208679 0 -0.208679 0.09842514 -0.2495581 0.09842514 -0.3291361 0 -0.2495581 0 -0.3291361 0 -0.2495581 0.09842514 -0.3291361 0.09842514 -0.2707187 0.09842514 -0.3502967 0 -0.2707187 0 -0.3502967 0 -0.2707187 0.09842514 -0.3502967 0.09842514 -0.3502967 0.09842514 -0.2707187 0 -0.2707187 0.09842514 -0.2707187 0 -0.3502967 0.09842514 -0.3502967 0 -0.3291361 0.09842514 -0.2495581 0 -0.2495581 0.09842514 -0.2495581 0 -0.3291361 0.09842514 -0.3291361 0 0.2304452 0.09842514 0.1508672 0 0.2304452 0 0.1508672 0 0.2304452 0.09842514 0.1508672 0.09842514 0.288257 0.09842514 0.208679 0 0.288257 0 0.208679 0 0.288257 0.09842514 0.208679 0.09842514 0.3291361 0 0.2495581 0.09842514 0.2495581 0 0.2495581 0.09842514 0.3291361 0 0.3291361 0.09842514 0.3502967 0.09842514 0.2707187 0 0.3502967 0 0.2707187 0 0.3502967 0.09842514 0.2707187 0.09842514 0.3502967 0 0.2707187 0.09842514 0.2707187 0 0.2707187 0.09842514 0.3502967 0 0.3502967 0.09842514 -0.07299166 0.1425595 -0.07299166 0.3003539 -0.08337867 0.2214567 -0.07299166 0.3003539 -0.07299166 0.1425595 -0.04253846 0.3738744 -0.04253846 0.3738744 -0.07299166 0.1425595 -0.04253846 0.06903898 -0.04253846 0.3738744 -0.04253846 0.06903898 0.005905508 0.005905508 -0.04253846 0.3738744 0.005905508 0.005905508 0.005905508 0.4370079 0.005905508 0.4370079 0.005905508 0.005905508 0.06903898 0.4854519 0.06903898 0.4854519 0.005905508 0.005905508 0.06903898 -0.04253846 0.06903898 0.4854519 0.06903898 -0.04253846 0.1425595 -0.07299166 0.06903898 0.4854519 0.1425595 -0.07299166 0.1425595 0.5159051 0.1425595 0.5159051 0.1425595 -0.07299166 0.2214567 -0.08337867 0.1425595 0.5159051 0.2214567 -0.08337867 0.2214567 0.5262921 0.2214567 0.5262921 0.2214567 -0.08337867 0.3003539 -0.07299166 0.2214567 0.5262921 0.3003539 -0.07299166 0.3003539 0.5159051 0.3003539 0.5159051 0.3003539 -0.07299166 0.3738744 -0.04253846 0.3003539 0.5159051 0.3738744 -0.04253846 0.3738744 0.4854519 0.3738744 0.4854519 0.3738744 -0.04253846 0.4370079 0.005905508 0.3738744 0.4854519 0.4370079 0.005905508 0.4370079 0.4370079 0.4370079 0.4370079 0.4370079 0.005905508 0.4854519 0.06903898 0.4370079 0.4370079 0.4854519 0.06903898 0.4854519 0.3738744 0.4854519 0.3738744 0.4854519 0.06903898 0.5159051 0.1425595 0.4854519 0.3738744 0.5159051 0.1425595 0.5159051 0.3003539 0.5159051 0.3003539 0.5159051 0.1425595 0.5262921 0.2214567 -0.288257 0.09842514 -0.208679 0 -0.208679 0.09842514 -0.208679 0 -0.288257 0.09842514 -0.288257 0 -0.2304452 0.09842514 -0.1508672 0 -0.1508672 0.09842514 -0.1508672 0 -0.2304452 0.09842514 -0.2304452 0 -0.1596405 0.09842514 -0.08066809 0 -0.08066809 0.09842514 -0.08066809 0 -0.1596405 0.09842514 -0.1596405 0 -0.001090109 0.09842514 -0.08066809 0 -0.001090109 0 -0.08066809 0 -0.001090109 0.09842514 -0.08066809 0.09842514 0.08006244 0 0.001090109 0.09842514 0.001090109 0 0.001090109 0.09842514 0.08006244 0 0.08006244 0.09842514 0.1596405 0 0.08006244 0.09842514 0.08006244 0 0.08006244 0.09842514 0.1596405 0 0.1596405 0.09842514 0.07299166 0.3003539 0.07299166 0.1425595 0.08337867 0.2214567 0.07299166 0.1425595 0.07299166 0.3003539 0.04253846 0.06903898 0.04253846 0.06903898 0.07299166 0.3003539 0.04253846 0.3738744 0.04253846 0.06903898 0.04253846 0.3738744 -0.005905508 0.005905508 -0.005905508 0.005905508 0.04253846 0.3738744 -0.005905508 0.4370079 -0.005905508 0.005905508 -0.005905508 0.4370079 -0.06903898 0.4854519 -0.005905508 0.005905508 -0.06903898 0.4854519 -0.06903898 -0.04253846 -0.06903898 -0.04253846 -0.06903898 0.4854519 -0.1425595 -0.07299166 -0.1425595 -0.07299166 -0.06903898 0.4854519 -0.1425595 0.5159051 -0.1425595 -0.07299166 -0.1425595 0.5159051 -0.2214567 -0.08337867 -0.2214567 -0.08337867 -0.1425595 0.5159051 -0.2214567 0.5262921 -0.2214567 -0.08337867 -0.2214567 0.5262921 -0.3003539 -0.07299166 -0.3003539 -0.07299166 -0.2214567 0.5262921 -0.3003539 0.5159051 -0.3003539 -0.07299166 -0.3003539 0.5159051 -0.3738744 -0.04253846 -0.3738744 -0.04253846 -0.3003539 0.5159051 -0.3738744 0.4854519 -0.3738744 -0.04253846 -0.3738744 0.4854519 -0.4370079 0.4370079 -0.3738744 -0.04253846 -0.4370079 0.4370079 -0.4370079 0.005905508 -0.4370079 0.005905508 -0.4370079 0.4370079 -0.4854519 0.3738744 -0.4370079 0.005905508 -0.4854519 0.3738744 -0.4854519 0.06903898 -0.4854519 0.06903898 -0.4854519 0.3738744 -0.5159051 0.3003539 -0.4854519 0.06903898 -0.5159051 0.3003539 -0.5159051 0.1425595 -0.5159051 0.1425595 -0.5159051 0.3003539 -0.5262921 0.2214567</float_array>
          <technique_common>
            <accessor source="#Síť_017-mesh-map-0-array" count="276" stride="2">
              <param name="S" type="float"/>
              <param name="T" type="float"/>
            </accessor>
          </technique_common>
        </source>
        <source id="Síť_017-mesh-map-1">
          <float_array id="Síť_017-mesh-map-1-array" count="552">0.2495581 0 0.3291361 0.09842514 0.2495581 0.09842514 0.3291361 0.09842514 0.2495581 0 0.3291361 0 0.208679 0 0.288257 0.09842514 0.208679 0.09842514 0.288257 0.09842514 0.208679 0 0.288257 0 0.1508672 0 0.2304452 0.09842514 0.1508672 0.09842514 0.2304452 0.09842514 0.1508672 0 0.2304452 0 0.08006244 0 0.1596405 0.09842514 0.08006244 0.09842514 0.1596405 0.09842514 0.08006244 0 0.1596405 0 0.001090109 0 0.08006244 0.09842514 0.001090109 0.09842514 0.08006244 0.09842514 0.001090109 0 0.08006244 0 -0.001090109 0 -0.08066809 0.09842514 -0.08066809 0 -0.08066809 0.09842514 -0.001090109 0 -0.001090109 0.09842514 -0.08066809 0.09842514 -0.1596405 0 -0.08066809 0 -0.1596405 0 -0.08066809 0.09842514 -0.1596405 0.09842514 -0.1508672 0 -0.2304452 0.09842514 -0.2304452 0 -0.2304452 0.09842514 -0.1508672 0 -0.1508672 0.09842514 -0.208679 0 -0.288257 0.09842514 -0.288257 0 -0.288257 0.09842514 -0.208679 0 -0.208679 0.09842514 -0.2495581 0.09842514 -0.3291361 0 -0.2495581 0 -0.3291361 0 -0.2495581 0.09842514 -0.3291361 0.09842514 -0.2707187 0.09842514 -0.3502967 0 -0.2707187 0 -0.3502967 0 -0.2707187 0.09842514 -0.3502967 0.09842514 -0.3502967 0.09842514 -0.2707187 0 -0.2707187 0.09842514 -0.2707187 0 -0.3502967 0.09842514 -0.3502967 0 -0.3291361 0.09842514 -0.2495581 0 -0.2495581 0.09842514 -0.2495581 0 -0.3291361 0.09842514 -0.3291361 0 0.2304452 0.09842514 0.1508672 0 0.2304452 0 0.1508672 0 0.2304452 0.09842514 0.1508672 0.09842514 0.288257 0.09842514 0.208679 0 0.288257 0 0.208679 0 0.288257 0.09842514 0.208679 0.09842514 0.3291361 0 0.2495581 0.09842514 0.2495581 0 0.2495581 0.09842514 0.3291361 0 0.3291361 0.09842514 0.3502967 0.09842514 0.2707187 0 0.3502967 0 0.2707187 0 0.3502967 0.09842514 0.2707187 0.09842514 0.3502967 0 0.2707187 0.09842514 0.2707187 0 0.2707187 0.09842514 0.3502967 0 0.3502967 0.09842514 -0.07299166 0.1425595 -0.07299166 0.3003539 -0.08337867 0.2214567 -0.07299166 0.3003539 -0.07299166 0.1425595 -0.04253846 0.3738744 -0.04253846 0.3738744 -0.07299166 0.1425595 -0.04253846 0.06903898 -0.04253846 0.3738744 -0.04253846 0.06903898 0.005905508 0.005905508 -0.04253846 0.3738744 0.005905508 0.005905508 0.005905508 0.4370079 0.005905508 0.4370079 0.005905508 0.005905508 0.06903898 0.4854519 0.06903898 0.4854519 0.005905508 0.005905508 0.06903898 -0.04253846 0.06903898 0.4854519 0.06903898 -0.04253846 0.1425595 -0.07299166 0.06903898 0.4854519 0.1425595 -0.07299166 0.1425595 0.5159051 0.1425595 0.5159051 0.1425595 -0.07299166 0.2214567 -0.08337867 0.1425595 0.5159051 0.2214567 -0.08337867 0.2214567 0.5262921 0.2214567 0.5262921 0.2214567 -0.08337867 0.3003539 -0.07299166 0.2214567 0.5262921 0.3003539 -0.07299166 0.3003539 0.5159051 0.3003539 0.5159051 0.3003539 -0.07299166 0.3738744 -0.04253846 0.3003539 0.5159051 0.3738744 -0.04253846 0.3738744 0.4854519 0.3738744 0.4854519 0.3738744 -0.04253846 0.4370079 0.005905508 0.3738744 0.4854519 0.4370079 0.005905508 0.4370079 0.4370079 0.4370079 0.4370079 0.4370079 0.005905508 0.4854519 0.06903898 0.4370079 0.4370079 0.4854519 0.06903898 0.4854519 0.3738744 0.4854519 0.3738744 0.4854519 0.06903898 0.5159051 0.1425595 0.4854519 0.3738744 0.5159051 0.1425595 0.5159051 0.3003539 0.5159051 0.3003539 0.5159051 0.1425595 0.5262921 0.2214567 -0.288257 0.09842514 -0.208679 0 -0.208679 0.09842514 -0.208679 0 -0.288257 0.09842514 -0.288257 0 -0.2304452 0.09842514 -0.1508672 0 -0.1508672 0.09842514 -0.1508672 0 -0.2304452 0.09842514 -0.2304452 0 -0.1596405 0.09842514 -0.08066809 0 -0.08066809 0.09842514 -0.08066809 0 -0.1596405 0.09842514 -0.1596405 0 -0.001090109 0.09842514 -0.08066809 0 -0.001090109 0 -0.08066809 0 -0.001090109 0.09842514 -0.08066809 0.09842514 0.08006244 0 0.001090109 0.09842514 0.001090109 0 0.001090109 0.09842514 0.08006244 0 0.08006244 0.09842514 0.1596405 0 0.08006244 0.09842514 0.08006244 0 0.08006244 0.09842514 0.1596405 0 0.1596405 0.09842514 0.07299166 0.3003539 0.07299166 0.1425595 0.08337867 0.2214567 0.07299166 0.1425595 0.07299166 0.3003539 0.04253846 0.06903898 0.04253846 0.06903898 0.07299166 0.3003539 0.04253846 0.3738744 0.04253846 0.06903898 0.04253846 0.3738744 -0.005905508 0.005905508 -0.005905508 0.005905508 0.04253846 0.3738744 -0.005905508 0.4370079 -0.005905508 0.005905508 -0.005905508 0.4370079 -0.06903898 0.4854519 -0.005905508 0.005905508 -0.06903898 0.4854519 -0.06903898 -0.04253846 -0.06903898 -0.04253846 -0.06903898 0.4854519 -0.1425595 -0.07299166 -0.1425595 -0.07299166 -0.06903898 0.4854519 -0.1425595 0.5159051 -0.1425595 -0.07299166 -0.1425595 0.5159051 -0.2214567 -0.08337867 -0.2214567 -0.08337867 -0.1425595 0.5159051 -0.2214567 0.5262921 -0.2214567 -0.08337867 -0.2214567 0.5262921 -0.3003539 -0.07299166 -0.3003539 -0.07299166 -0.2214567 0.5262921 -0.3003539 0.5159051 -0.3003539 -0.07299166 -0.3003539 0.5159051 -0.3738744 -0.04253846 -0.3738744 -0.04253846 -0.3003539 0.5159051 -0.3738744 0.4854519 -0.3738744 -0.04253846 -0.3738744 0.4854519 -0.4370079 0.4370079 -0.3738744 -0.04253846 -0.4370079 0.4370079 -0.4370079 0.005905508 -0.4370079 0.005905508 -0.4370079 0.4370079 -0.4854519 0.3738744 -0.4370079 0.005905508 -0.4854519 0.3738744 -0.4854519 0.06903898 -0.4854519 0.06903898 -0.4854519 0.3738744 -0.5159051 0.3003539 -0.4854519 0.06903898 -0.5159051 0.3003539 -0.5159051 0.1425595 -0.5159051 0.1425595 -0.5159051 0.3003539 -0.5262921 0.2214567</float_array>
          <technique_common>
            <accessor source="#Síť_017-mesh-map-1-array" count="276" stride="2">
              <param name="S" type="float"/>
              <param name="T" type="float"/>
            </accessor>
          </technique_common>
        </source>
        <vertices id="Síť_017-mesh-vertices">
          <input semantic="POSITION" source="#Síť_017-mesh-positions"/>
        </vertices>
        <triangles count="92">
          <input semantic="VERTEX" source="#Síť_017-mesh-vertices" offset="0"/>
          <input semantic="NORMAL" source="#Síť_017-mesh-normals" offset="1"/>
          <input semantic="TEXCOORD" source="#Síť_017-mesh-map-0" offset="2" set="0"/>
          <input semantic="TEXCOORD" source="#Síť_017-mesh-map-1" offset="2" set="1"/>
          <p>0 0 0 1 1 1 2 2 2 1 1 3 0 0 4 3 3 5 3 3 6 4 4 7 1 1 8 4 4 9 3 3 10 5 5 11 5 5 12 6 6 13 4 4 14 6 6 15 5 5 16 7 7 17 7 7 18 8 8 19 6 6 20 8 8 21 7 7 22 9 9 23 9 9 24 10 10 25 8 8 26 10 10 27 9 9 28 11 11 29 12 12 30 10 10 31 11 11 32 10 10 33 12 12 34 13 13 35 14 14 36 12 12 37 15 15 38 12 12 39 14 14 40 13 13 41 16 16 42 14 14 43 15 15 44 14 14 45 16 16 46 17 17 47 18 18 48 17 17 49 16 16 50 17 17 51 18 18 52 19 19 53 20 20 54 18 18 55 21 20 56 18 18 57 20 20 58 19 19 59 22 21 60 21 20 61 23 22 62 21 20 63 22 21 64 20 20 65 22 21 66 24 23 67 25 23 68 24 23 69 22 21 70 23 22 71 25 23 72 26 24 73 27 25 74 26 24 75 25 23 76 24 23 77 28 26 78 29 27 79 30 28 80 29 27 81 28 26 82 31 29 83 32 30 84 30 28 85 33 31 86 30 28 87 32 30 88 28 26 89 34 32 90 32 30 91 33 31 92 32 30 93 34 32 94 35 32 95 36 33 96 34 32 97 37 34 98 34 32 99 36 33 100 35 32 101 0 0 102 36 33 103 37 34 104 36 33 105 0 0 106 2 2 107 38 35 108 27 36 109 39 36 110 27 36 111 38 35 112 25 37 113 25 37 114 38 35 115 40 38 116 25 37 117 40 38 118 41 39 119 25 37 120 41 39 121 22 36 122 22 36 123 41 39 124 20 40 125 20 40 126 41 39 127 42 41 128 20 40 129 42 41 130 31 42 131 20 40 132 31 42 133 19 43 134 19 43 135 31 42 136 28 44 137 19 43 138 28 44 139 17 45 140 17 45 141 28 44 142 32 46 143 17 45 144 32 46 145 14 47 146 14 47 147 32 46 148 35 48 149 14 47 150 35 48 151 13 49 152 13 49 153 35 48 154 36 50 155 13 49 156 36 50 157 10 51 158 10 51 159 36 50 160 2 52 161 10 51 162 2 52 163 8 53 164 8 53 165 2 52 166 1 54 167 8 53 168 1 54 169 6 36 170 6 36 171 1 54 172 4 36 173 27 25 174 43 55 175 39 56 176 43 55 177 27 25 178 26 24 179 39 56 180 44 57 181 38 58 182 44 57 183 39 56 184 43 55 185 38 58 186 45 59 187 40 60 188 45 59 189 38 58 190 44 57 191 41 61 192 45 59 193 46 62 194 45 59 195 41 61 196 40 60 197 47 63 198 41 61 199 46 62 200 41 61 201 47 63 202 42 63 203 29 27 204 42 63 205 47 63 206 42 63 207 29 27 208 31 29 209 26 64 210 44 65 211 43 66 212 44 65 213 26 64 214 45 67 215 45 67 216 26 64 217 24 68 218 45 67 219 24 68 220 46 69 221 46 69 222 24 68 223 23 70 224 46 69 225 23 70 226 21 71 227 46 69 228 21 71 229 47 72 230 47 72 231 21 71 232 29 73 233 29 73 234 21 71 235 18 74 236 29 73 237 18 74 238 30 75 239 30 75 240 18 74 241 16 76 242 30 75 243 16 76 244 33 77 245 33 77 246 16 76 247 15 78 248 33 77 249 15 78 250 34 79 251 34 79 252 15 78 253 12 80 254 34 79 255 12 80 256 11 81 257 34 79 258 11 81 259 37 82 260 37 82 261 11 81 262 9 83 263 37 82 264 9 83 265 0 84 266 0 84 267 9 83 268 7 85 269 0 84 270 7 85 271 3 86 272 3 86 273 7 85 274 5 87 275</p>
        </triangles>
      </mesh>
    </geometry>
    <geometry id="Síť_014-mesh" name="Síť.014">
      <mesh>
        <source id="Síť_014-mesh-positions">
          <float_array id="Síť_014-mesh-positions-array" count="144">49.32191 7.014362 0 52.41595 14.48404 10 49.32191 7.014362 10 52.41595 14.48404 0 53.47127 22.5 10 53.47127 22.5 0 52.41595 30.51596 10 52.41595 30.51596 0 49.32191 37.98564 10 49.32191 37.98564 0 44.4 44.4 10 44.4 44.4 0 37.98564 49.32191 0 37.98564 49.32191 10 30.51596 52.41595 10 30.51596 52.41595 0 22.5 53.47127 0 22.5 53.47127 10 14.48404 52.41595 0 14.48404 52.41595 10 7.014362 49.32191 10 7.014362 49.32191 0 0.6 44.4 10 0.6 44.4 0 -4.321913 37.98564 0 -4.321913 37.98564 10 -7.415956 30.51596 0 -7.415956 30.51596 10 22.5 -8.471278 10 14.48404 -7.415956 0 22.5 -8.471278 0 14.48404 -7.415956 10 30.51596 -7.415956 10 30.51596 -7.415956 0 37.98564 -4.321913 0 37.98564 -4.321913 10 44.4 0.6 10 44.4 0.6 0 -7.415956 14.48404 10 -8.471278 22.5 10 -4.321913 7.014362 10 0.6 0.6 10 7.014362 -4.321913 10 -8.471278 22.5 0 -7.415956 14.48404 0 -4.321913 7.014362 0 0.6 0.6 0 7.014362 -4.321913 0</float_array>
          <technique_common>
            <accessor source="#Síť_014-mesh-positions-array" count="48" stride="3">
              <param name="X" type="float"/>
              <param name="Y" type="float"/>
              <param name="Z" type="float"/>
            </accessor>
          </technique_common>
        </source>
        <source id="Síť_014-mesh-normals">
          <float_array id="Síť_014-mesh-normals-array" count="264">0.8660254 -0.5000001 0 0.9659259 -0.2588189 0 0.8660255 -0.5 0 0.9659258 -0.2588191 0 1 0 0 1 0 0 0.9659258 0.2588191 0 0.9659259 0.2588189 0 0.8660254 0.5000001 0 0.8660254 0.5 0 0.7071068 0.7071067 0 0.7071067 0.7071068 0 0.5000001 0.8660254 0 0.5000001 0.8660253 0 0.2588188 0.9659259 0 0.2588189 0.9659259 0 0 1 0 0 1 0 -0.2588189 0.9659259 0 -0.2588189 0.9659259 0 -0.5000001 0.8660254 0 -0.7071069 0.7071067 0 -0.707107 0.7071067 0 -0.8660254 0.5 0 -0.9659258 0.2588192 0 -0.9659259 0.2588191 0 0 -1 0 -0.2588191 -0.9659258 0 0 -1 0 -0.2588191 -0.9659258 0 0.2588191 -0.9659258 0 0.2588191 -0.9659258 0 0.5000001 -0.8660253 0 0.7071067 -0.7071069 0 0.7071066 -0.707107 0 -1.44758e-7 0 1 0 0 1 0 0 1 0 0 1 0 0 1 0 0 1 2.54838e-7 0 1 0 0 1 0 0 1 0 0 1 0 0 1 0 0 1 0 0 1 0 0 1 -2.10733e-7 0 1 0 0 1 0 0 1 2.53358e-7 0 1 0 0 1 1.44758e-7 0 1 -1 0 0 -1 0 0 -0.9659259 -0.2588191 0 -0.9659258 -0.2588192 0 -0.8660254 -0.5 0 -0.8660254 -0.5000001 0 -0.7071068 -0.7071068 0 -0.7071068 -0.7071068 0 -0.5 -0.8660254 0 0 0 -1 0 0 -1 0 0 -1 0 0 -1 0 0 -1 0 0 -1 0 0 -1 0 0 -1 0 0 -1 0 0 -1 0 0 -1 0 0 -1 0 0 -1 0 0 -1 0 0 -1 0 0 -1 0 0 -1 0 0 -1 0 0 -1 0 0 -1 0 0 -1 0 0 -1 0 0 -1 0 0 -1</float_array>
          <technique_common>
            <accessor source="#Síť_014-mesh-normals-array" count="88" stride="3">
              <param name="X" type="float"/>
              <param name="Y" type="float"/>
              <param name="Z" type="float"/>
            </accessor>
          </technique_common>
        </source>
        <source id="Síť_014-mesh-map-0">
          <float_array id="Síť_014-mesh-map-0-array" count="552">0.2495581 0 0.3291361 0.09842514 0.2495581 0.09842514 0.3291361 0.09842514 0.2495581 0 0.3291361 0 0.208679 0 0.288257 0.09842514 0.208679 0.09842514 0.288257 0.09842514 0.208679 0 0.288257 0 0.1508672 0 0.2304452 0.09842514 0.1508672 0.09842514 0.2304452 0.09842514 0.1508672 0 0.2304452 0 0.08006244 0 0.1596405 0.09842514 0.08006244 0.09842514 0.1596405 0.09842514 0.08006244 0 0.1596405 0 0.001090109 0 0.08006244 0.09842514 0.001090109 0.09842514 0.08006244 0.09842514 0.001090109 0 0.08006244 0 -0.001090109 0 -0.08066809 0.09842514 -0.08066809 0 -0.08066809 0.09842514 -0.001090109 0 -0.001090109 0.09842514 -0.08066809 0.09842514 -0.1596405 0 -0.08066809 0 -0.1596405 0 -0.08066809 0.09842514 -0.1596405 0.09842514 -0.1508672 0 -0.2304452 0.09842514 -0.2304452 0 -0.2304452 0.09842514 -0.1508672 0 -0.1508672 0.09842514 -0.208679 0 -0.288257 0.09842514 -0.288257 0 -0.288257 0.09842514 -0.208679 0 -0.208679 0.09842514 -0.2495581 0.09842514 -0.3291361 0 -0.2495581 0 -0.3291361 0 -0.2495581 0.09842514 -0.3291361 0.09842514 -0.2707187 0.09842514 -0.3502967 0 -0.2707187 0 -0.3502967 0 -0.2707187 0.09842514 -0.3502967 0.09842514 -0.3502967 0.09842514 -0.2707187 0 -0.2707187 0.09842514 -0.2707187 0 -0.3502967 0.09842514 -0.3502967 0 -0.3291361 0.09842514 -0.2495581 0 -0.2495581 0.09842514 -0.2495581 0 -0.3291361 0.09842514 -0.3291361 0 0.2304452 0.09842514 0.1508672 0 0.2304452 0 0.1508672 0 0.2304452 0.09842514 0.1508672 0.09842514 0.288257 0.09842514 0.208679 0 0.288257 0 0.208679 0 0.288257 0.09842514 0.208679 0.09842514 0.3291361 0 0.2495581 0.09842514 0.2495581 0 0.2495581 0.09842514 0.3291361 0 0.3291361 0.09842514 0.3502967 0.09842514 0.2707187 0 0.3502967 0 0.2707187 0 0.3502967 0.09842514 0.2707187 0.09842514 0.3502967 0 0.2707187 0.09842514 0.2707187 0 0.2707187 0.09842514 0.3502967 0 0.3502967 0.09842514 -0.07299166 0.1425595 -0.07299166 0.3003539 -0.08337867 0.2214567 -0.07299166 0.3003539 -0.07299166 0.1425595 -0.04253846 0.3738744 -0.04253846 0.3738744 -0.07299166 0.1425595 -0.04253846 0.06903898 -0.04253846 0.3738744 -0.04253846 0.06903898 0.005905508 0.005905508 -0.04253846 0.3738744 0.005905508 0.005905508 0.005905508 0.4370079 0.005905508 0.4370079 0.005905508 0.005905508 0.06903898 0.4854519 0.06903898 0.4854519 0.005905508 0.005905508 0.06903898 -0.04253846 0.06903898 0.4854519 0.06903898 -0.04253846 0.1425595 -0.07299166 0.06903898 0.4854519 0.1425595 -0.07299166 0.1425595 0.5159051 0.1425595 0.5159051 0.1425595 -0.07299166 0.2214567 -0.08337867 0.1425595 0.5159051 0.2214567 -0.08337867 0.2214567 0.5262921 0.2214567 0.5262921 0.2214567 -0.08337867 0.3003539 -0.07299166 0.2214567 0.5262921 0.3003539 -0.07299166 0.3003539 0.5159051 0.3003539 0.5159051 0.3003539 -0.07299166 0.3738744 -0.04253846 0.3003539 0.5159051 0.3738744 -0.04253846 0.3738744 0.4854519 0.3738744 0.4854519 0.3738744 -0.04253846 0.4370079 0.005905508 0.3738744 0.4854519 0.4370079 0.005905508 0.4370079 0.4370079 0.4370079 0.4370079 0.4370079 0.005905508 0.4854519 0.06903898 0.4370079 0.4370079 0.4854519 0.06903898 0.4854519 0.3738744 0.4854519 0.3738744 0.4854519 0.06903898 0.5159051 0.1425595 0.4854519 0.3738744 0.5159051 0.1425595 0.5159051 0.3003539 0.5159051 0.3003539 0.5159051 0.1425595 0.5262921 0.2214567 -0.288257 0.09842514 -0.208679 0 -0.208679 0.09842514 -0.208679 0 -0.288257 0.09842514 -0.288257 0 -0.2304452 0.09842514 -0.1508672 0 -0.1508672 0.09842514 -0.1508672 0 -0.2304452 0.09842514 -0.2304452 0 -0.1596405 0.09842514 -0.08066809 0 -0.08066809 0.09842514 -0.08066809 0 -0.1596405 0.09842514 -0.1596405 0 -0.001090109 0.09842514 -0.08066809 0 -0.001090109 0 -0.08066809 0 -0.001090109 0.09842514 -0.08066809 0.09842514 0.08006244 0 0.001090109 0.09842514 0.001090109 0 0.001090109 0.09842514 0.08006244 0 0.08006244 0.09842514 0.1596405 0 0.08006244 0.09842514 0.08006244 0 0.08006244 0.09842514 0.1596405 0 0.1596405 0.09842514 0.07299166 0.3003539 0.07299166 0.1425595 0.08337867 0.2214567 0.07299166 0.1425595 0.07299166 0.3003539 0.04253846 0.06903898 0.04253846 0.06903898 0.07299166 0.3003539 0.04253846 0.3738744 0.04253846 0.06903898 0.04253846 0.3738744 -0.005905508 0.005905508 -0.005905508 0.005905508 0.04253846 0.3738744 -0.005905508 0.4370079 -0.005905508 0.005905508 -0.005905508 0.4370079 -0.06903898 0.4854519 -0.005905508 0.005905508 -0.06903898 0.4854519 -0.06903898 -0.04253846 -0.06903898 -0.04253846 -0.06903898 0.4854519 -0.1425595 -0.07299166 -0.1425595 -0.07299166 -0.06903898 0.4854519 -0.1425595 0.5159051 -0.1425595 -0.07299166 -0.1425595 0.5159051 -0.2214567 -0.08337867 -0.2214567 -0.08337867 -0.1425595 0.5159051 -0.2214567 0.5262921 -0.2214567 -0.08337867 -0.2214567 0.5262921 -0.3003539 -0.07299166 -0.3003539 -0.07299166 -0.2214567 0.5262921 -0.3003539 0.5159051 -0.3003539 -0.07299166 -0.3003539 0.5159051 -0.3738744 -0.04253846 -0.3738744 -0.04253846 -0.3003539 0.5159051 -0.3738744 0.4854519 -0.3738744 -0.04253846 -0.3738744 0.4854519 -0.4370079 0.4370079 -0.3738744 -0.04253846 -0.4370079 0.4370079 -0.4370079 0.005905508 -0.4370079 0.005905508 -0.4370079 0.4370079 -0.4854519 0.3738744 -0.4370079 0.005905508 -0.4854519 0.3738744 -0.4854519 0.06903898 -0.4854519 0.06903898 -0.4854519 0.3738744 -0.5159051 0.3003539 -0.4854519 0.06903898 -0.5159051 0.3003539 -0.5159051 0.1425595 -0.5159051 0.1425595 -0.5159051 0.3003539 -0.5262921 0.2214567</float_array>
          <technique_common>
            <accessor source="#Síť_014-mesh-map-0-array" count="276" stride="2">
              <param name="S" type="float"/>
              <param name="T" type="float"/>
            </accessor>
          </technique_common>
        </source>
        <source id="Síť_014-mesh-map-1">
          <float_array id="Síť_014-mesh-map-1-array" count="552">0.2495581 0 0.3291361 0.09842514 0.2495581 0.09842514 0.3291361 0.09842514 0.2495581 0 0.3291361 0 0.208679 0 0.288257 0.09842514 0.208679 0.09842514 0.288257 0.09842514 0.208679 0 0.288257 0 0.1508672 0 0.2304452 0.09842514 0.1508672 0.09842514 0.2304452 0.09842514 0.1508672 0 0.2304452 0 0.08006244 0 0.1596405 0.09842514 0.08006244 0.09842514 0.1596405 0.09842514 0.08006244 0 0.1596405 0 0.001090109 0 0.08006244 0.09842514 0.001090109 0.09842514 0.08006244 0.09842514 0.001090109 0 0.08006244 0 -0.001090109 0 -0.08066809 0.09842514 -0.08066809 0 -0.08066809 0.09842514 -0.001090109 0 -0.001090109 0.09842514 -0.08066809 0.09842514 -0.1596405 0 -0.08066809 0 -0.1596405 0 -0.08066809 0.09842514 -0.1596405 0.09842514 -0.1508672 0 -0.2304452 0.09842514 -0.2304452 0 -0.2304452 0.09842514 -0.1508672 0 -0.1508672 0.09842514 -0.208679 0 -0.288257 0.09842514 -0.288257 0 -0.288257 0.09842514 -0.208679 0 -0.208679 0.09842514 -0.2495581 0.09842514 -0.3291361 0 -0.2495581 0 -0.3291361 0 -0.2495581 0.09842514 -0.3291361 0.09842514 -0.2707187 0.09842514 -0.3502967 0 -0.2707187 0 -0.3502967 0 -0.2707187 0.09842514 -0.3502967 0.09842514 -0.3502967 0.09842514 -0.2707187 0 -0.2707187 0.09842514 -0.2707187 0 -0.3502967 0.09842514 -0.3502967 0 -0.3291361 0.09842514 -0.2495581 0 -0.2495581 0.09842514 -0.2495581 0 -0.3291361 0.09842514 -0.3291361 0 0.2304452 0.09842514 0.1508672 0 0.2304452 0 0.1508672 0 0.2304452 0.09842514 0.1508672 0.09842514 0.288257 0.09842514 0.208679 0 0.288257 0 0.208679 0 0.288257 0.09842514 0.208679 0.09842514 0.3291361 0 0.2495581 0.09842514 0.2495581 0 0.2495581 0.09842514 0.3291361 0 0.3291361 0.09842514 0.3502967 0.09842514 0.2707187 0 0.3502967 0 0.2707187 0 0.3502967 0.09842514 0.2707187 0.09842514 0.3502967 0 0.2707187 0.09842514 0.2707187 0 0.2707187 0.09842514 0.3502967 0 0.3502967 0.09842514 -0.07299166 0.1425595 -0.07299166 0.3003539 -0.08337867 0.2214567 -0.07299166 0.3003539 -0.07299166 0.1425595 -0.04253846 0.3738744 -0.04253846 0.3738744 -0.07299166 0.1425595 -0.04253846 0.06903898 -0.04253846 0.3738744 -0.04253846 0.06903898 0.005905508 0.005905508 -0.04253846 0.3738744 0.005905508 0.005905508 0.005905508 0.4370079 0.005905508 0.4370079 0.005905508 0.005905508 0.06903898 0.4854519 0.06903898 0.4854519 0.005905508 0.005905508 0.06903898 -0.04253846 0.06903898 0.4854519 0.06903898 -0.04253846 0.1425595 -0.07299166 0.06903898 0.4854519 0.1425595 -0.07299166 0.1425595 0.5159051 0.1425595 0.5159051 0.1425595 -0.07299166 0.2214567 -0.08337867 0.1425595 0.5159051 0.2214567 -0.08337867 0.2214567 0.5262921 0.2214567 0.5262921 0.2214567 -0.08337867 0.3003539 -0.07299166 0.2214567 0.5262921 0.3003539 -0.07299166 0.3003539 0.5159051 0.3003539 0.5159051 0.3003539 -0.07299166 0.3738744 -0.04253846 0.3003539 0.5159051 0.3738744 -0.04253846 0.3738744 0.4854519 0.3738744 0.4854519 0.3738744 -0.04253846 0.4370079 0.005905508 0.3738744 0.4854519 0.4370079 0.005905508 0.4370079 0.4370079 0.4370079 0.4370079 0.4370079 0.005905508 0.4854519 0.06903898 0.4370079 0.4370079 0.4854519 0.06903898 0.4854519 0.3738744 0.4854519 0.3738744 0.4854519 0.06903898 0.5159051 0.1425595 0.4854519 0.3738744 0.5159051 0.1425595 0.5159051 0.3003539 0.5159051 0.3003539 0.5159051 0.1425595 0.5262921 0.2214567 -0.288257 0.09842514 -0.208679 0 -0.208679 0.09842514 -0.208679 0 -0.288257 0.09842514 -0.288257 0 -0.2304452 0.09842514 -0.1508672 0 -0.1508672 0.09842514 -0.1508672 0 -0.2304452 0.09842514 -0.2304452 0 -0.1596405 0.09842514 -0.08066809 0 -0.08066809 0.09842514 -0.08066809 0 -0.1596405 0.09842514 -0.1596405 0 -0.001090109 0.09842514 -0.08066809 0 -0.001090109 0 -0.08066809 0 -0.001090109 0.09842514 -0.08066809 0.09842514 0.08006244 0 0.001090109 0.09842514 0.001090109 0 0.001090109 0.09842514 0.08006244 0 0.08006244 0.09842514 0.1596405 0 0.08006244 0.09842514 0.08006244 0 0.08006244 0.09842514 0.1596405 0 0.1596405 0.09842514 0.07299166 0.3003539 0.07299166 0.1425595 0.08337867 0.2214567 0.07299166 0.1425595 0.07299166 0.3003539 0.04253846 0.06903898 0.04253846 0.06903898 0.07299166 0.3003539 0.04253846 0.3738744 0.04253846 0.06903898 0.04253846 0.3738744 -0.005905508 0.005905508 -0.005905508 0.005905508 0.04253846 0.3738744 -0.005905508 0.4370079 -0.005905508 0.005905508 -0.005905508 0.4370079 -0.06903898 0.4854519 -0.005905508 0.005905508 -0.06903898 0.4854519 -0.06903898 -0.04253846 -0.06903898 -0.04253846 -0.06903898 0.4854519 -0.1425595 -0.07299166 -0.1425595 -0.07299166 -0.06903898 0.4854519 -0.1425595 0.5159051 -0.1425595 -0.07299166 -0.1425595 0.5159051 -0.2214567 -0.08337867 -0.2214567 -0.08337867 -0.1425595 0.5159051 -0.2214567 0.5262921 -0.2214567 -0.08337867 -0.2214567 0.5262921 -0.3003539 -0.07299166 -0.3003539 -0.07299166 -0.2214567 0.5262921 -0.3003539 0.5159051 -0.3003539 -0.07299166 -0.3003539 0.5159051 -0.3738744 -0.04253846 -0.3738744 -0.04253846 -0.3003539 0.5159051 -0.3738744 0.4854519 -0.3738744 -0.04253846 -0.3738744 0.4854519 -0.4370079 0.4370079 -0.3738744 -0.04253846 -0.4370079 0.4370079 -0.4370079 0.005905508 -0.4370079 0.005905508 -0.4370079 0.4370079 -0.4854519 0.3738744 -0.4370079 0.005905508 -0.4854519 0.3738744 -0.4854519 0.06903898 -0.4854519 0.06903898 -0.4854519 0.3738744 -0.5159051 0.3003539 -0.4854519 0.06903898 -0.5159051 0.3003539 -0.5159051 0.1425595 -0.5159051 0.1425595 -0.5159051 0.3003539 -0.5262921 0.2214567</float_array>
          <technique_common>
            <accessor source="#Síť_014-mesh-map-1-array" count="276" stride="2">
              <param name="S" type="float"/>
              <param name="T" type="float"/>
            </accessor>
          </technique_common>
        </source>
        <vertices id="Síť_014-mesh-vertices">
          <input semantic="POSITION" source="#Síť_014-mesh-positions"/>
        </vertices>
        <triangles count="92">
          <input semantic="VERTEX" source="#Síť_014-mesh-vertices" offset="0"/>
          <input semantic="NORMAL" source="#Síť_014-mesh-normals" offset="1"/>
          <input semantic="TEXCOORD" source="#Síť_014-mesh-map-0" offset="2" set="0"/>
          <input semantic="TEXCOORD" source="#Síť_014-mesh-map-1" offset="2" set="1"/>
          <p>0 0 0 1 1 1 2 2 2 1 1 3 0 0 4 3 3 5 3 3 6 4 4 7 1 1 8 4 4 9 3 3 10 5 5 11 5 5 12 6 6 13 4 4 14 6 6 15 5 5 16 7 7 17 7 7 18 8 8 19 6 6 20 8 8 21 7 7 22 9 9 23 9 9 24 10 10 25 8 8 26 10 10 27 9 9 28 11 11 29 12 12 30 10 10 31 11 11 32 10 10 33 12 12 34 13 13 35 14 14 36 12 12 37 15 15 38 12 12 39 14 14 40 13 13 41 16 16 42 14 14 43 15 15 44 14 14 45 16 16 46 17 17 47 18 18 48 17 17 49 16 16 50 17 17 51 18 18 52 19 19 53 20 20 54 18 18 55 21 20 56 18 18 57 20 20 58 19 19 59 22 21 60 21 20 61 23 22 62 21 20 63 22 21 64 20 20 65 22 21 66 24 23 67 25 23 68 24 23 69 22 21 70 23 22 71 25 23 72 26 24 73 27 25 74 26 24 75 25 23 76 24 23 77 28 26 78 29 27 79 30 28 80 29 27 81 28 26 82 31 29 83 32 30 84 30 28 85 33 31 86 30 28 87 32 30 88 28 26 89 34 32 90 32 30 91 33 31 92 32 30 93 34 32 94 35 32 95 36 33 96 34 32 97 37 34 98 34 32 99 36 33 100 35 32 101 0 0 102 36 33 103 37 34 104 36 33 105 0 0 106 2 2 107 38 35 108 27 36 109 39 36 110 27 36 111 38 35 112 25 37 113 25 37 114 38 35 115 40 38 116 25 37 117 40 38 118 41 39 119 25 37 120 41 39 121 22 36 122 22 36 123 41 39 124 20 40 125 20 40 126 41 39 127 42 41 128 20 40 129 42 41 130 31 42 131 20 40 132 31 42 133 19 43 134 19 43 135 31 42 136 28 44 137 19 43 138 28 44 139 17 45 140 17 45 141 28 44 142 32 46 143 17 45 144 32 46 145 14 47 146 14 47 147 32 46 148 35 48 149 14 47 150 35 48 151 13 49 152 13 49 153 35 48 154 36 50 155 13 49 156 36 50 157 10 51 158 10 51 159 36 50 160 2 52 161 10 51 162 2 52 163 8 53 164 8 53 165 2 52 166 1 54 167 8 53 168 1 54 169 6 36 170 6 36 171 1 54 172 4 36 173 27 25 174 43 55 175 39 56 176 43 55 177 27 25 178 26 24 179 39 56 180 44 57 181 38 58 182 44 57 183 39 56 184 43 55 185 38 58 186 45 59 187 40 60 188 45 59 189 38 58 190 44 57 191 41 61 192 45 59 193 46 62 194 45 59 195 41 61 196 40 60 197 47 63 198 41 61 199 46 62 200 41 61 201 47 63 202 42 63 203 29 27 204 42 63 205 47 63 206 42 63 207 29 27 208 31 29 209 26 64 210 44 65 211 43 66 212 44 65 213 26 64 214 45 67 215 45 67 216 26 64 217 24 68 218 45 67 219 24 68 220 46 69 221 46 69 222 24 68 223 23 70 224 46 69 225 23 70 226 21 71 227 46 69 228 21 71 229 47 72 230 47 72 231 21 71 232 29 73 233 29 73 234 21 71 235 18 74 236 29 73 237 18 74 238 30 75 239 30 75 240 18 74 241 16 76 242 30 75 243 16 76 244 33 77 245 33 77 246 16 76 247 15 78 248 33 77 249 15 78 250 34 79 251 34 79 252 15 78 253 12 80 254 34 79 255 12 80 256 11 81 257 34 79 258 11 81 259 37 82 260 37 82 261 11 81 262 9 83 263 37 82 264 9 83 265 0 84 266 0 84 267 9 83 268 7 85 269 0 84 270 7 85 271 3 86 272 3 86 273 7 85 274 5 87 275</p>
        </triangles>
      </mesh>
    </geometry>
  </library_geometries>
  <library_visual_scenes>
    <visual_scene id="Scene" name="Scene">
      <node id="Krychle_033" name="Krychle.033" type="NODE">
        <matrix sid="transform">0.353985 0 0 1.514464 0 0.105 0 2.89 0 0 0.0302925 2.014708 0 0 0 1</matrix>
        <instance_geometry url="#Krychle_126-mesh" name="Krychle.033"/>
      </node>
      <node id="Krychle_032" name="Krychle.032" type="NODE">
        <matrix sid="transform">0.0302925 0 0 1.130187 0 0.105 0 2.89 0 0 1.02 1.025 0 0 0 1</matrix>
        <instance_geometry url="#Krychle_125-mesh" name="Krychle.032"/>
      </node>
      <node id="Krychle_031" name="Krychle.031" type="NODE">
        <matrix sid="transform">0.0302925 0 0 1.898758 0 0.105 0 2.89 0 0 1.02 1.025 0 0 0 1</matrix>
        <instance_geometry url="#Krychle_091-mesh" name="Krychle.031"/>
      </node>
      <node id="Group_009_001" name="Group_009.001" type="NODE">
        <matrix sid="transform">-0.001052314 -7.88299e-7 -7.09662e-14 1.816869 -8.29539e-7 10e-4 9.00246e-11 2.888595 0 1.50996e-10 -5.96206e-4 1.078764 0 0 0 1</matrix>
        <instance_geometry url="#Síť_019-mesh" name="Group_009.001"/>
      </node>
      <node id="Group_008_001" name="Group_008.001" type="NODE">
        <matrix sid="transform">0.001578471 1.64815e-13 7.8791e-7 1.806071 1.24369e-6 -2.09212e-10 -10e-4 2.936587 0 0.001284136 -1.62921e-10 0.9770256 0 0 0 1</matrix>
        <instance_geometry url="#Síť_016-mesh" name="Group_008.001">
          <bind_material>
            <technique_common>
              <instance_material symbol="dbl_Group_002_003-material" target="#dbl_Group_002_003-material">
                <bind_vertex_input semantic="UVChannel_1" input_semantic="TEXCOORD" input_set="0"/>
                <bind_vertex_input semantic="UVChannel_2" input_semantic="TEXCOORD" input_set="1"/>
              </instance_material>
              <instance_material symbol="dbl_Group_003_003-material" target="#dbl_Group_003_003-material">
                <bind_vertex_input semantic="UVChannel_1" input_semantic="TEXCOORD" input_set="0"/>
                <bind_vertex_input semantic="UVChannel_2" input_semantic="TEXCOORD" input_set="1"/>
              </instance_material>
            </technique_common>
          </bind_material>
        </instance_geometry>
      </node>
      <node id="Group_007_001" name="Group_007.001" type="NODE">
        <matrix sid="transform">0.001052314 -7.8791e-7 3.16155e-14 1.778978 8.29129e-7 10e-4 -4.00938e-11 2.936565 0 4.37114e-11 9.1724e-4 0.9588614 0 0 0 1</matrix>
        <instance_geometry url="#Síť_015-mesh" name="Group_007.001"/>
      </node>
      <node id="Group_005_001" name="Group_005.001" type="NODE">
        <matrix sid="transform">-0.001052314 8.74228e-11 0 1.816746 -9.19963e-11 -0.001 -2.6061e-11 3.044595 0 -4.37114e-11 5.96206e-4 1.060878 0 0 0 1</matrix>
        <instance_geometry url="#Síť_013-mesh" name="Group_005.001"/>
      </node>
      <node id="Group_004_001" name="Group_004.001" type="NODE">
        <matrix sid="transform">-0.001153547 -1.20525e-13 -5.76089e-7 1.815842 -9.0934e-7 1.52892e-10 7.308e-4 2.993902 0 9.38447e-4 -1.19062e-10 0.9874306 0 0 0 1</matrix>
        <instance_geometry url="#Síť_012-mesh" name="Group_004.001">
          <bind_material>
            <technique_common>
              <instance_material symbol="dbl_Group_002_001-material" target="#dbl_Group_002_001-material">
                <bind_vertex_input semantic="UVChannel_1" input_semantic="TEXCOORD" input_set="0"/>
                <bind_vertex_input semantic="UVChannel_2" input_semantic="TEXCOORD" input_set="1"/>
              </instance_material>
              <instance_material symbol="dbl_Group_003_002-material" target="#dbl_Group_003_002-material">
                <bind_vertex_input semantic="UVChannel_1" input_semantic="TEXCOORD" input_set="0"/>
                <bind_vertex_input semantic="UVChannel_2" input_semantic="TEXCOORD" input_set="1"/>
              </instance_material>
            </technique_common>
          </bind_material>
        </instance_geometry>
      </node>
      <node id="Group_003_001" name="Group_003.001" type="NODE">
        <matrix sid="transform">-7.69031e-4 6.38886e-11 0 1.835642 -6.72309e-11 -7.308e-4 -2.93006e-11 2.993918 0 -3.19443e-11 6.70319e-4 0.9741563 0 0 0 1</matrix>
        <instance_geometry url="#Síť_011-mesh" name="Group_003.001"/>
      </node>
      <node id="Component_63_002_001" name="Component#63_002.001" type="NODE">
        <matrix sid="transform">-0.001052314 1.22786e-10 7.88299e-7 1.835238 -8.29539e-7 1.49534e-10 -10e-4 2.94661 -1.41003e-10 -9.1724e-4 -1.62921e-10 1.090459 0 0 0 1</matrix>
        <instance_geometry url="#Síť_017-mesh" name="Component#63_002.001"/>
      </node>
      <node id="Component_63_001_001" name="Component#63_001.001" type="NODE">
        <matrix sid="transform">-0.001052314 0 -8.74228e-11 1.835207 -9.19963e-11 1.49437e-10 0.001 2.98661 0 9.1724e-4 -1.62921e-10 1.049183 0 0 0 1</matrix>
        <instance_geometry url="#Síť_014-mesh" name="Component#63_001.001"/>
      </node>
    </visual_scene>
  </library_visual_scenes>
  <scene>
    <instance_visual_scene url="#Scene"/>
  </scene>
</COLLADA>